nohup: ignoring input
> Starting Run Protocol -  Sat Jan 25 08:41:54 2025
Running for dataset: SBU
Running for folds: [0 1 2 3 4]
Experiment name: RN_joint
Experiment folder: /demo/ARN-LSTM/runs/SBU/RN_joint
Number of reruns per dataset fold: 5
Resuming run protocol...
***** Experiment parameters *****
Configuration file: configs/SBU/no-lstm/RN_joint.cfg
	 Skeleton info
	 > selected_joints: None
	 > add_joint_idx: False
	 > add_body_part: False
	 > timesteps: 10
	 > skip_timesteps: None
	 > normalization: None
	 > arch: joint
	 Model info
	 > rel_type: joint_stream
	 > fuse_type: None
	 > compute_distance: False
	 > compute_motion: False
	 > use_relations: True
	 > use_attention: False
	 > return_attention: False
	 > Using Temporal RN: False
	 Training options
	 > drop_rate: 0.1
	 > kernel_init_type: TruncatedNormal
	 > learning_rate: 0.0001
	 > checkpoint_period: 1
	 > kernel_init_param: 0.045
	 > epochs: 200
	 > Batch Size: 64
	 Evaluation options
	 > Pool average from videos sequences: False
Running for fold: 0
fold_path:: /demo/ARN-LSTM/runs/SBU/RN_joint/fold_0/
> 0: ACC: 89.87% Loss: 0.3339 - MAX val_ACC: 92.73% val_Loss: 0.4599
> 1: ACC: 98.24% Loss: 0.0392 - MAX val_ACC: 87.27% val_Loss: 0.3658
> 2: ACC: 94.27% Loss: 0.1975 - MAX val_ACC: 89.09% val_Loss: 0.3660
> 3: ACC: 93.83% Loss: 0.2031 - MAX val_ACC: 90.91% val_Loss: 0.4559
> 4: ACC: 95.15% Loss: 0.1250 - MAX val_ACC: 90.91% val_Loss: 0.3068
Running for fold: 1
fold_path:: /demo/ARN-LSTM/runs/SBU/RN_joint/fold_1/
> 0: ACC: 99.13% Loss: 0.0466 - MAX val_ACC: 96.15% val_Loss: 0.2806
> 1: ACC: 99.57% Loss: 0.0208 - MAX val_ACC: 96.15% val_Loss: 0.1480
> 2: ACC: 98.26% Loss: 0.0580 - MAX val_ACC: 96.15% val_Loss: 0.2631
> 3: ACC: 99.57% Loss: 0.0399 - MAX val_ACC: 96.15% val_Loss: 0.2601
> 4: ACC: 98.26% Loss: 0.0707 - MAX val_ACC: 96.15% val_Loss: 0.2261
Running for fold: 2
fold_path:: /demo/ARN-LSTM/runs/SBU/RN_joint/fold_2/
> 0: ACC: 97.35% Loss: 0.0774 - MAX val_ACC: 94.64% val_Loss: 0.3251
> 1: ACC: 99.56% Loss: 0.0446 - MAX val_ACC: 96.43% val_Loss: 0.2311
> 2: ACC: 99.56% Loss: 0.0542 - MAX val_ACC: 96.43% val_Loss: 0.2615
> 3: ACC: 98.67% Loss: 0.0448 - MAX val_ACC: 96.43% val_Loss: 0.2096
> 4: ACC: 95.13% Loss: 0.1400 - MAX val_ACC: 98.21% val_Loss: 0.2286
Running for fold: 3
fold_path:: /demo/ARN-LSTM/runs/SBU/RN_joint/fold_3/
> 0: ACC: 97.81% Loss: 0.0857 - MAX val_ACC: 94.44% val_Loss: 0.1799
> 1: ACC: 99.56% Loss: 0.0392 - MAX val_ACC: 98.15% val_Loss: 0.1408
> 2: ACC: 99.56% Loss: 0.0301 - MAX val_ACC: 94.44% val_Loss: 0.2645
> 3: ACC: 99.56% Loss: 0.0225 - MAX val_ACC: 98.15% val_Loss: 0.1497
> 4: ACC: 99.12% Loss: 0.0337 - MAX val_ACC: 96.30% val_Loss: 0.1480
Running for fold: 4
fold_path:: /demo/ARN-LSTM/runs/SBU/RN_joint/fold_4/
> 0: ACC: 98.62% Loss: 0.0343 - MAX val_ACC: 92.31% val_Loss: 0.4075
> 1: ACC: 98.62% Loss: 0.0341 - MAX val_ACC: 95.38% val_Loss: 0.2615
> 2: ACC: 98.16% Loss: 0.0596 - MAX val_ACC: 92.31% val_Loss: 0.2500
> 3: ACC: 97.24% Loss: 0.0913 - MAX val_ACC: 93.85% val_Loss: 0.2976
> 4: ACC: 98.62% Loss: 0.0511 - MAX val_ACC: 90.77% val_Loss: 0.3545
+++++ Summarized results:

Summary for Dataset, Folds, Experiment:
> SBU | [0 1 2 3 4] | RN_joint
     accuracy   loss val_accuracy val_loss epoch
0      89.87% 0.3339       92.73%   0.4599    52
1      99.57% 0.0208       96.15%   0.1480   169
2      95.13% 0.1400       98.21%   0.2286   111
3      99.56% 0.0392       98.15%   0.1408   168
4      98.62% 0.0341       95.38%   0.2615   165
mean   96.55% 0.1136       96.13%   0.2478   133
std     4.16% 0.1320        2.27%   0.1294    51
Val ACC Mean: 96.13% Std: 0.0227

> Finished Run Protocol - Sat Jan 25 08:41:54 2025
> Starting Run Protocol -  Sat Jan 25 08:41:55 2025
Running for dataset: SBU
Running for folds: [0 1 2 3 4]
Experiment name: RN_temp
Experiment folder: /demo/ARN-LSTM/runs/SBU/RN_temp
Number of reruns per dataset fold: 5
Resuming run protocol...
***** Experiment parameters *****
Configuration file: configs/SBU/no-lstm/RN_temp.cfg
	 Skeleton info
	 > selected_joints: None
	 > add_joint_idx: False
	 > add_body_part: False
	 > timesteps: 10
	 > skip_timesteps: None
	 > normalization: None
	 > arch: temp
	 Model info
	 > rel_type: temp_stream
	 > fuse_type: None
	 > compute_distance: False
	 > compute_motion: False
	 > use_relations: False
	 > use_attention: False
	 > return_attention: False
	 > Using Temporal RN: False
	 Training options
	 > drop_rate: 0.1
	 > kernel_init_type: TruncatedNormal
	 > learning_rate: 0.0001
	 > checkpoint_period: 1
	 > kernel_init_param: 0.045
	 > epochs: 200
	 > Batch Size: 64
	 Evaluation options
	 > Pool average from videos sequences: False
Running for fold: 0
fold_path:: /demo/ARN-LSTM/runs/SBU/RN_temp/fold_0/
> 0: ACC: 98.68% Loss: 0.0399 - MAX val_ACC: 90.91% val_Loss: 0.6427
> 1: ACC: 95.59% Loss: 0.0943 - MAX val_ACC: 90.91% val_Loss: 0.5541
> 2: ACC: 100.00% Loss: 0.0282 - MAX val_ACC: 90.91% val_Loss: 0.3839
> 3: ACC: 96.92% Loss: 0.1335 - MAX val_ACC: 89.09% val_Loss: 0.5652
> 4: ACC: 100.00% Loss: 0.0134 - MAX val_ACC: 89.09% val_Loss: 0.5108
Running for fold: 1
fold_path:: /demo/ARN-LSTM/runs/SBU/RN_temp/fold_1/
> 0: ACC: 100.00% Loss: 0.0098 - MAX val_ACC: 100.00% val_Loss: 0.0172
> 1: ACC: 100.00% Loss: 0.0069 - MAX val_ACC: 98.08% val_Loss: 0.1020
> 2: ACC: 96.52% Loss: 0.0781 - MAX val_ACC: 100.00% val_Loss: 0.0375
> 3: ACC: 90.00% Loss: 0.3181 - MAX val_ACC: 98.08% val_Loss: 0.2086
> 4: ACC: 94.78% Loss: 0.1638 - MAX val_ACC: 100.00% val_Loss: 0.0981
Running for fold: 2
fold_path:: /demo/ARN-LSTM/runs/SBU/RN_temp/fold_2/
> 0: ACC: 100.00% Loss: 0.0306 - MAX val_ACC: 91.07% val_Loss: 0.2850
> 1: ACC: 100.00% Loss: 0.0178 - MAX val_ACC: 92.86% val_Loss: 0.1937
> 2: ACC: 97.79% Loss: 0.0394 - MAX val_ACC: 92.86% val_Loss: 0.2433
> 3: ACC: 97.35% Loss: 0.0697 - MAX val_ACC: 91.07% val_Loss: 0.3332
> 4: ACC: 99.12% Loss: 0.0328 - MAX val_ACC: 94.64% val_Loss: 0.1834
Running for fold: 3
fold_path:: /demo/ARN-LSTM/runs/SBU/RN_temp/fold_3/
> 0: ACC: 100.00% Loss: 0.0126 - MAX val_ACC: 94.44% val_Loss: 0.5969
> 1: ACC: 98.68% Loss: 0.1101 - MAX val_ACC: 92.59% val_Loss: 0.4150
> 2: ACC: 100.00% Loss: 0.0169 - MAX val_ACC: 94.44% val_Loss: 0.3893
> 3: ACC: 100.00% Loss: 0.0326 - MAX val_ACC: 92.59% val_Loss: 0.4702
> 4: ACC: 97.37% Loss: 0.0597 - MAX val_ACC: 96.30% val_Loss: 0.4136
Running for fold: 4
fold_path:: /demo/ARN-LSTM/runs/SBU/RN_temp/fold_4/
> 0: ACC: 98.62% Loss: 0.0724 - MAX val_ACC: 89.23% val_Loss: 0.4612
> 1: ACC: 94.47% Loss: 0.2070 - MAX val_ACC: 86.15% val_Loss: 0.5546
> 2: ACC: 99.08% Loss: 0.0321 - MAX val_ACC: 89.23% val_Loss: 0.4135
> 3: ACC: 99.54% Loss: 0.0160 - MAX val_ACC: 89.23% val_Loss: 0.4504
> 4: ACC: 100.00% Loss: 0.0182 - MAX val_ACC: 87.69% val_Loss: 0.4777
+++++ Summarized results:

Summary for Dataset, Folds, Experiment:
> SBU | [0 1 2 3 4] | RN_temp
     accuracy   loss val_accuracy val_loss epoch
0     100.00% 0.0282       90.91%   0.3839    92
1     100.00% 0.0098      100.00%   0.0172   173
2      99.12% 0.0328       94.64%   0.1834   158
3      97.37% 0.0597       96.30%   0.4136   104
4      99.08% 0.0321       89.23%   0.4135   119
mean   99.11% 0.0325       94.22%   0.2823   129
std     1.07% 0.0179        4.29%   0.1767    35
Val ACC Mean: 94.22% Std: 0.0429

> Finished Run Protocol - Sat Jan 25 08:41:55 2025
> Starting Run Protocol -  Sat Jan 25 08:41:56 2025
Running for dataset: SBU
Running for folds: [0 1 2 3 4]
Experiment name: RN_joint+temp
Experiment folder: /demo/ARN-LSTM/runs/SBU/RN_joint+temp
Number of reruns per dataset fold: 5
Resuming run protocol...
***** Experiment parameters *****
Configuration file: configs/SBU/no-lstm/RN_joint+temp.cfg
	 Skeleton info
	 > selected_joints: None
	 > add_joint_idx: False
	 > add_body_part: False
	 > timesteps: 10
	 > skip_timesteps: None
	 > normalization: None
	 > arch: joint
	 Fusion info
	 > fusion mode: middle
	 > config_filepaths: ['configs/SBU/no-lstm/RN_joint.cfg', 'configs/SBU/no-lstm/RN_temp.cfg']
	 > freeze_g_theta: False
	 > fuse_at_fc1: False
	 > new_arch: True
	 > Criteria for weights: val_loss
	 > Using Temporal RN: False
	 Training options
	 > drop_rate: 0.1
	 > epochs: 90
	 > learning_rate: 0.0001
	 > checkpoint_period: 1
	 > Batch Size: 64
	 Evaluation options
	 > Pool average from videos sequences: False
Running for fold: 0
fold_path:: /demo/ARN-LSTM/runs/SBU/RN_joint+temp/fold_0/
> fold weights filepaths: ['runs/SBU/RN_joint/fold_0/rerun_0/relnet_weights.hdf5', 'runs/SBU/RN_temp/fold_0/rerun_2/relnet_weights.hdf5']
> 0: ACC: 99.12% Loss: 0.0376 - MAX val_ACC: 92.73% val_Loss: 0.3717
> 1: ACC: 99.12% Loss: 0.0455 - MAX val_ACC: 96.36% val_Loss: 0.2630
> 2: ACC: 99.56% Loss: 0.0282 - MAX val_ACC: 92.73% val_Loss: 0.3024
> 3: ACC: 99.56% Loss: 0.0261 - MAX val_ACC: 90.91% val_Loss: 0.3118
> 4: ACC: 97.80% Loss: 0.1207 - MAX val_ACC: 89.09% val_Loss: 0.3588
Running for fold: 1
fold_path:: /demo/ARN-LSTM/runs/SBU/RN_joint+temp/fold_1/
> fold weights filepaths: ['runs/SBU/RN_joint/fold_1/rerun_1/relnet_weights.hdf5', 'runs/SBU/RN_temp/fold_1/rerun_0/relnet_weights.hdf5']
> 0: ACC: 100.00% Loss: 0.0010 - MAX val_ACC: 100.00% val_Loss: 0.0323
> 1: ACC: 100.00% Loss: 0.0034 - MAX val_ACC: 98.08% val_Loss: 0.0503
> 2: ACC: 100.00% Loss: 0.0070 - MAX val_ACC: 100.00% val_Loss: 0.0374
> 3: ACC: 99.57% Loss: 0.0357 - MAX val_ACC: 100.00% val_Loss: 0.0564
> 4: ACC: 98.26% Loss: 0.0459 - MAX val_ACC: 98.08% val_Loss: 0.0576
Running for fold: 2
fold_path:: /demo/ARN-LSTM/runs/SBU/RN_joint+temp/fold_2/
> fold weights filepaths: ['runs/SBU/RN_joint/fold_2/rerun_2/relnet_weights.hdf5', 'runs/SBU/RN_temp/fold_2/rerun_4/relnet_weights.hdf5']
> 0: ACC: 100.00% Loss: 0.0013 - MAX val_ACC: 94.64% val_Loss: 0.1731
> 1: ACC: 100.00% Loss: 0.0141 - MAX val_ACC: 94.64% val_Loss: 0.1693
> 2: ACC: 99.56% Loss: 0.0341 - MAX val_ACC: 96.43% val_Loss: 0.1569
> 3: ACC: 100.00% Loss: 0.0345 - MAX val_ACC: 92.86% val_Loss: 0.2358
> 4: ACC: 100.00% Loss: 0.0034 - MAX val_ACC: 94.64% val_Loss: 0.1497
Running for fold: 3
fold_path:: /demo/ARN-LSTM/runs/SBU/RN_joint+temp/fold_3/
> fold weights filepaths: ['runs/SBU/RN_joint/fold_3/rerun_1/relnet_weights.hdf5', 'runs/SBU/RN_temp/fold_3/rerun_2/relnet_weights.hdf5']
> 0: ACC: 100.00% Loss: 0.0099 - MAX val_ACC: 96.30% val_Loss: 0.2326
> 1: ACC: 100.00% Loss: 0.0099 - MAX val_ACC: 94.44% val_Loss: 0.2618
> 2: ACC: 99.56% Loss: 0.0110 - MAX val_ACC: 94.44% val_Loss: 0.2611
> 3: ACC: 100.00% Loss: 0.0018 - MAX val_ACC: 92.59% val_Loss: 0.3951
> 4: ACC: 100.00% Loss: 0.0085 - MAX val_ACC: 94.44% val_Loss: 0.2072
Running for fold: 4
fold_path:: /demo/ARN-LSTM/runs/SBU/RN_joint+temp/fold_4/
> fold weights filepaths: ['runs/SBU/RN_joint/fold_4/rerun_2/relnet_weights.hdf5', 'runs/SBU/RN_temp/fold_4/rerun_3/relnet_weights.hdf5']
> 0: ACC: 100.00% Loss: 0.0104 - MAX val_ACC: 89.23% val_Loss: 0.3313
> 1: ACC: 100.00% Loss: 0.0094 - MAX val_ACC: 93.85% val_Loss: 0.2822
> 2: ACC: 99.08% Loss: 0.0301 - MAX val_ACC: 95.38% val_Loss: 0.2432
> 3: ACC: 100.00% Loss: 0.0031 - MAX val_ACC: 92.31% val_Loss: 0.2782
> 4: ACC: 100.00% Loss: 0.0113 - MAX val_ACC: 93.85% val_Loss: 0.2366
+++++ Summarized results:

Summary for Dataset, Folds, Experiment:
> SBU | [0 1 2 3 4] | RN_joint+temp
     accuracy   loss val_accuracy val_loss epoch
0      99.12% 0.0455       96.36%   0.2630    22
1     100.00% 0.0010      100.00%   0.0323    83
2      99.56% 0.0341       96.43%   0.1569    21
3     100.00% 0.0099       96.30%   0.2326    41
4      99.08% 0.0301       95.38%   0.2432    29
mean   99.55% 0.0241       96.89%   0.1856    39
std     0.45% 0.0182        1.79%   0.0947    26
Val ACC Mean: 96.89% Std: 0.0179

> Finished Run Protocol - Sat Jan 25 08:41:56 2025
> Starting Run Protocol -  Sat Jan 25 08:41:57 2025
Running for dataset: UT-1
Running for folds: [0 1 2 3 4 5 6 7 8 9]
Experiment name: RN_joint
Experiment folder: /demo/ARN-LSTM/runs/UT-1/RN_joint
Number of reruns per dataset fold: 5
Resuming run protocol...
***** Experiment parameters *****
Configuration file: configs/UT/set_1/RN_joint.cfg
	 Skeleton info
	 > selected_joints: None
	 > add_joint_idx: False
	 > add_body_part: False
	 > timesteps: 10
	 > skip_timesteps: None
	 > normalization: None
	 > arch: joint
	 Model info
	 > rel_type: joint_stream
	 > fuse_type: None
	 > compute_distance: False
	 > compute_motion: False
	 > use_relations: True
	 > use_attention: False
	 > return_attention: False
	 > Using Temporal RN: False
	 Training options
	 > drop_rate: 0.1
	 > kernel_init_type: TruncatedNormal
	 > learning_rate: 0.0001
	 > checkpoint_period: 1
	 > kernel_init_param: 0.045
	 > epochs: 200
	 > Batch Size: 64
	 Evaluation options
	 > Pool average from videos sequences: False
Running for fold: 0
fold_path:: /demo/ARN-LSTM/runs/UT-1/RN_joint/fold_0/
> 0: ACC: 87.04% Loss: 0.4298 - MAX val_ACC: 83.33% val_Loss: 0.4055
> 1: ACC: 83.33% Loss: 0.3349 - MAX val_ACC: 83.33% val_Loss: 0.3334
> 2: ACC: 87.04% Loss: 0.3907 - MAX val_ACC: 100.00% val_Loss: 0.2388
> 3: ACC: 96.30% Loss: 0.1043 - MAX val_ACC: 83.33% val_Loss: 0.2184
> 4: ACC: 85.19% Loss: 0.5009 - MAX val_ACC: 100.00% val_Loss: 0.4429
Running for fold: 1
fold_path:: /demo/ARN-LSTM/runs/UT-1/RN_joint/fold_1/
> 0: ACC: 87.04% Loss: 0.3185 - MAX val_ACC: 66.67% val_Loss: 1.1664
> 1: ACC: 90.74% Loss: 0.2738 - MAX val_ACC: 66.67% val_Loss: 1.4827
> 2: ACC: 81.48% Loss: 0.6239 - MAX val_ACC: 66.67% val_Loss: 1.0961
> 3: ACC: 90.74% Loss: 0.2104 - MAX val_ACC: 66.67% val_Loss: 1.1206
> 4: ACC: 83.33% Loss: 0.5132 - MAX val_ACC: 66.67% val_Loss: 1.0323
Running for fold: 2
fold_path:: /demo/ARN-LSTM/runs/UT-1/RN_joint/fold_2/
> 0: ACC: 94.44% Loss: 0.1661 - MAX val_ACC: 100.00% val_Loss: 0.1764
> 1: ACC: 92.59% Loss: 0.2562 - MAX val_ACC: 100.00% val_Loss: 0.1364
> 2: ACC: 88.89% Loss: 0.2737 - MAX val_ACC: 100.00% val_Loss: 0.2558
> 3: ACC: 96.30% Loss: 0.0821 - MAX val_ACC: 100.00% val_Loss: 0.1778
> 4: ACC: 92.59% Loss: 0.1942 - MAX val_ACC: 100.00% val_Loss: 0.1854
Running for fold: 3
fold_path:: /demo/ARN-LSTM/runs/UT-1/RN_joint/fold_3/
> 0: ACC: 85.19% Loss: 0.3320 - MAX val_ACC: 83.33% val_Loss: 0.5667
> 1: ACC: 75.93% Loss: 0.5785 - MAX val_ACC: 83.33% val_Loss: 0.9629
> 2: ACC: 48.15% Loss: 1.3870 - MAX val_ACC: 100.00% val_Loss: 1.1493
> 3: ACC: 92.59% Loss: 0.1480 - MAX val_ACC: 83.33% val_Loss: 0.5688
> 4: ACC: 96.30% Loss: 0.1583 - MAX val_ACC: 83.33% val_Loss: 0.5777
Running for fold: 4
fold_path:: /demo/ARN-LSTM/runs/UT-1/RN_joint/fold_4/
> 0: ACC: 92.59% Loss: 0.1926 - MAX val_ACC: 66.67% val_Loss: 0.9651
> 1: ACC: 92.59% Loss: 0.1886 - MAX val_ACC: 83.33% val_Loss: 0.4353
> 2: ACC: 85.19% Loss: 0.3717 - MAX val_ACC: 66.67% val_Loss: 1.0108
> 3: ACC: 90.74% Loss: 0.2548 - MAX val_ACC: 83.33% val_Loss: 0.7350
> 4: ACC: 87.04% Loss: 0.2517 - MAX val_ACC: 83.33% val_Loss: 0.9116
Running for fold: 5
fold_path:: /demo/ARN-LSTM/runs/UT-1/RN_joint/fold_5/
> 0: ACC: 90.91% Loss: 0.2795 - MAX val_ACC: 80.00% val_Loss: 0.7077
> 1: ACC: 78.18% Loss: 0.6972 - MAX val_ACC: 80.00% val_Loss: 1.0621
> 2: ACC: 90.91% Loss: 0.2536 - MAX val_ACC: 80.00% val_Loss: 0.8675
> 3: ACC: 83.64% Loss: 0.3603 - MAX val_ACC: 80.00% val_Loss: 0.7664
> 4: ACC: 96.36% Loss: 0.1553 - MAX val_ACC: 80.00% val_Loss: 0.4447
Running for fold: 6
fold_path:: /demo/ARN-LSTM/runs/UT-1/RN_joint/fold_6/
> 0: ACC: 92.59% Loss: 0.1853 - MAX val_ACC: 83.33% val_Loss: 0.7100
> 1: ACC: 88.89% Loss: 0.2924 - MAX val_ACC: 66.67% val_Loss: 0.7777
> 2: ACC: 88.89% Loss: 0.3043 - MAX val_ACC: 83.33% val_Loss: 0.5511
> 3: ACC: 83.33% Loss: 0.5810 - MAX val_ACC: 83.33% val_Loss: 0.7569
> 4: ACC: 55.56% Loss: 1.2630 - MAX val_ACC: 83.33% val_Loss: 1.2425
Running for fold: 7
fold_path:: /demo/ARN-LSTM/runs/UT-1/RN_joint/fold_7/
> 0: ACC: 92.45% Loss: 0.1774 - MAX val_ACC: 85.71% val_Loss: 0.3524
> 1: ACC: 92.45% Loss: 0.2943 - MAX val_ACC: 85.71% val_Loss: 0.4475
> 2: ACC: 83.02% Loss: 0.4028 - MAX val_ACC: 85.71% val_Loss: 0.4999
> 3: ACC: 81.13% Loss: 0.4446 - MAX val_ACC: 85.71% val_Loss: 0.5535
> 4: ACC: 88.68% Loss: 0.2944 - MAX val_ACC: 85.71% val_Loss: 0.2869
Running for fold: 8
fold_path:: /demo/ARN-LSTM/runs/UT-1/RN_joint/fold_8/
> 0: ACC: 74.07% Loss: 0.6992 - MAX val_ACC: 100.00% val_Loss: 0.7130
> 1: ACC: 79.63% Loss: 0.5063 - MAX val_ACC: 100.00% val_Loss: 0.5119
> 2: ACC: 90.74% Loss: 0.1415 - MAX val_ACC: 83.33% val_Loss: 0.2674
> 3: ACC: 96.30% Loss: 0.1419 - MAX val_ACC: 83.33% val_Loss: 0.4000
> 4: ACC: 85.19% Loss: 0.3885 - MAX val_ACC: 100.00% val_Loss: 0.4857
Running for fold: 9
fold_path:: /demo/ARN-LSTM/runs/UT-1/RN_joint/fold_9/
> 0: ACC: 81.48% Loss: 0.5152 - MAX val_ACC: 83.33% val_Loss: 0.8343
> 1: ACC: 94.44% Loss: 0.2680 - MAX val_ACC: 83.33% val_Loss: 0.6251
> 2: ACC: 61.11% Loss: 1.0201 - MAX val_ACC: 83.33% val_Loss: 1.0635
> 3: ACC: 68.52% Loss: 0.8542 - MAX val_ACC: 83.33% val_Loss: 0.8463
> 4: ACC: 74.07% Loss: 0.6717 - MAX val_ACC: 83.33% val_Loss: 0.8411
+++++ Summarized results:

Summary for Dataset, Folds, Experiment:
> UT | [0 1 2 3 4 5 6 7 8 9] | RN_joint
     accuracy   loss val_accuracy val_loss epoch
0      87.04% 0.3907      100.00%   0.2388    57
1      83.33% 0.5132       66.67%   1.0323    32
2      92.59% 0.2562      100.00%   0.1364    78
3      48.15% 1.3870      100.00%   1.1493    10
4      92.59% 0.1886       83.33%   0.4353   143
5      96.36% 0.1553       80.00%   0.4447    74
6      88.89% 0.3043       83.33%   0.5511    69
7      88.68% 0.2944       85.71%   0.2869    70
8      85.19% 0.3885      100.00%   0.4857    56
9      94.44% 0.2680       83.33%   0.6251    73
mean   85.73% 0.4146       88.24%   0.5386    66
std    13.83% 0.3572       11.38%   0.3269    34
Val ACC Mean: 88.24% Std: 0.1138

> Finished Run Protocol - Sat Jan 25 08:41:57 2025
> Starting Run Protocol -  Sat Jan 25 08:41:58 2025
Running for dataset: UT-2
Running for folds: [10 11 12 13 14 15 16 17 18 19]
Experiment name: RN_joint
Experiment folder: /demo/ARN-LSTM/runs/UT-2/RN_joint
Number of reruns per dataset fold: 5
Resuming run protocol...
***** Experiment parameters *****
Configuration file: configs/UT/set_2/RN_joint.cfg
	 Skeleton info
	 > selected_joints: None
	 > add_joint_idx: False
	 > add_body_part: False
	 > timesteps: 10
	 > skip_timesteps: None
	 > normalization: None
	 > arch: joint
	 Model info
	 > rel_type: joint_stream
	 > fuse_type: None
	 > compute_distance: False
	 > compute_motion: False
	 > use_relations: True
	 > use_attention: False
	 > return_attention: False
	 > Using Temporal RN: False
	 Training options
	 > drop_rate: 0.1
	 > kernel_init_type: TruncatedNormal
	 > learning_rate: 0.0001
	 > checkpoint_period: 1
	 > kernel_init_param: 0.045
	 > epochs: 200
	 > Batch Size: 64
	 Evaluation options
	 > Pool average from videos sequences: False
Running for fold: 10
fold_path:: /demo/ARN-LSTM/runs/UT-2/RN_joint/fold_10/
> 0: ACC: 83.33% Loss: 0.5198 - MAX val_ACC: 66.67% val_Loss: 1.0380
> 1: ACC: 50.00% Loss: 1.2189 - MAX val_ACC: 66.67% val_Loss: 1.2383
> 2: ACC: 59.26% Loss: 1.0190 - MAX val_ACC: 66.67% val_Loss: 1.1521
> 3: ACC: 74.07% Loss: 0.7530 - MAX val_ACC: 50.00% val_Loss: 1.1113
> 4: ACC: 38.89% Loss: 1.4843 - MAX val_ACC: 66.67% val_Loss: 1.4374
Running for fold: 11
fold_path:: /demo/ARN-LSTM/runs/UT-2/RN_joint/fold_11/
> 0: ACC: 81.48% Loss: 0.4127 - MAX val_ACC: 66.67% val_Loss: 1.0857
> 1: ACC: 77.78% Loss: 0.5295 - MAX val_ACC: 66.67% val_Loss: 1.2211
> 2: ACC: 57.41% Loss: 1.0244 - MAX val_ACC: 50.00% val_Loss: 1.2667
> 3: ACC: 79.63% Loss: 0.4833 - MAX val_ACC: 50.00% val_Loss: 1.1443
> 4: ACC: 77.78% Loss: 0.5686 - MAX val_ACC: 66.67% val_Loss: 1.0725
Running for fold: 12
fold_path:: /demo/ARN-LSTM/runs/UT-2/RN_joint/fold_12/
> 0: ACC: 88.89% Loss: 0.3118 - MAX val_ACC: 83.33% val_Loss: 0.9492
> 1: ACC: 96.30% Loss: 0.0596 - MAX val_ACC: 83.33% val_Loss: 1.0220
> 2: ACC: 94.44% Loss: 0.1385 - MAX val_ACC: 83.33% val_Loss: 0.5674
> 3: ACC: 98.15% Loss: 0.1578 - MAX val_ACC: 83.33% val_Loss: 0.6440
> 4: ACC: 96.30% Loss: 0.1473 - MAX val_ACC: 83.33% val_Loss: 0.6374
Running for fold: 13
fold_path:: /demo/ARN-LSTM/runs/UT-2/RN_joint/fold_13/
> 0: ACC: 100.00% Loss: 0.0393 - MAX val_ACC: 83.33% val_Loss: 0.5800
> 1: ACC: 98.15% Loss: 0.1228 - MAX val_ACC: 83.33% val_Loss: 0.3834
> 2: ACC: 100.00% Loss: 0.0138 - MAX val_ACC: 100.00% val_Loss: 0.1503
> 3: ACC: 100.00% Loss: 0.1093 - MAX val_ACC: 83.33% val_Loss: 0.4368
> 4: ACC: 87.04% Loss: 0.4007 - MAX val_ACC: 100.00% val_Loss: 0.4055
Running for fold: 14
fold_path:: /demo/ARN-LSTM/runs/UT-2/RN_joint/fold_14/
> 0: ACC: 70.37% Loss: 0.7814 - MAX val_ACC: 83.33% val_Loss: 0.8584
> 1: ACC: 88.89% Loss: 0.2498 - MAX val_ACC: 66.67% val_Loss: 0.9760
> 2: ACC: 83.33% Loss: 0.4352 - MAX val_ACC: 66.67% val_Loss: 1.0104
> 3: ACC: 85.19% Loss: 0.4470 - MAX val_ACC: 83.33% val_Loss: 0.8204
> 4: ACC: 100.00% Loss: 0.0508 - MAX val_ACC: 83.33% val_Loss: 1.2861
Running for fold: 15
fold_path:: /demo/ARN-LSTM/runs/UT-2/RN_joint/fold_15/
> 0: ACC: 50.00% Loss: 1.1319 - MAX val_ACC: 50.00% val_Loss: 1.1282
> 1: ACC: 83.33% Loss: 0.5614 - MAX val_ACC: 50.00% val_Loss: 1.0056
> 2: ACC: 77.78% Loss: 0.7024 - MAX val_ACC: 50.00% val_Loss: 1.1844
> 3: ACC: 55.56% Loss: 1.0581 - MAX val_ACC: 66.67% val_Loss: 0.8783
> 4: ACC: 64.81% Loss: 0.9920 - MAX val_ACC: 66.67% val_Loss: 1.1947
Running for fold: 16
fold_path:: /demo/ARN-LSTM/runs/UT-2/RN_joint/fold_16/
> 0: ACC: 79.63% Loss: 0.5245 - MAX val_ACC: 66.67% val_Loss: 1.0716
> 1: ACC: 68.52% Loss: 0.9058 - MAX val_ACC: 66.67% val_Loss: 1.5142
> 2: ACC: 70.37% Loss: 0.7177 - MAX val_ACC: 50.00% val_Loss: 1.1507
> 3: ACC: 85.19% Loss: 0.4982 - MAX val_ACC: 50.00% val_Loss: 1.0428
> 4: ACC: 55.56% Loss: 1.1249 - MAX val_ACC: 66.67% val_Loss: 1.1876
Running for fold: 17
fold_path:: /demo/ARN-LSTM/runs/UT-2/RN_joint/fold_17/
> 0: ACC: 79.63% Loss: 0.7327 - MAX val_ACC: 66.67% val_Loss: 1.0899
> 1: ACC: 83.33% Loss: 0.7423 - MAX val_ACC: 83.33% val_Loss: 0.8946
> 2: ACC: 72.22% Loss: 0.5904 - MAX val_ACC: 83.33% val_Loss: 0.9100
> 3: ACC: 77.78% Loss: 0.4984 - MAX val_ACC: 83.33% val_Loss: 0.5829
> 4: ACC: 66.67% Loss: 0.9152 - MAX val_ACC: 83.33% val_Loss: 0.8421
Running for fold: 18
fold_path:: /demo/ARN-LSTM/runs/UT-2/RN_joint/fold_18/
> 0: ACC: 46.30% Loss: 1.5061 - MAX val_ACC: 66.67% val_Loss: 1.4893
> 1: ACC: 50.00% Loss: 1.3606 - MAX val_ACC: 50.00% val_Loss: 1.8106
> 2: ACC: 92.59% Loss: 0.2882 - MAX val_ACC: 66.67% val_Loss: 2.5240
> 3: ACC: 53.70% Loss: 1.1115 - MAX val_ACC: 50.00% val_Loss: 1.3889
> 4: ACC: 38.89% Loss: 1.4265 - MAX val_ACC: 50.00% val_Loss: 1.6131
Running for fold: 19
fold_path:: /demo/ARN-LSTM/runs/UT-2/RN_joint/fold_19/
> 0: ACC: 96.30% Loss: 0.1447 - MAX val_ACC: 83.33% val_Loss: 0.6450
> 1: ACC: 85.19% Loss: 0.3981 - MAX val_ACC: 83.33% val_Loss: 0.5041
> 2: ACC: 98.15% Loss: 0.0813 - MAX val_ACC: 83.33% val_Loss: 0.5468
> 3: ACC: 100.00% Loss: 0.0680 - MAX val_ACC: 83.33% val_Loss: 0.5932
> 4: ACC: 98.15% Loss: 0.1014 - MAX val_ACC: 83.33% val_Loss: 0.5169
+++++ Summarized results:

Summary for Dataset, Folds, Experiment:
> UT | [10 11 12 13 14 15 16 17 18 19] | RN_joint
     accuracy   loss val_accuracy val_loss epoch
0      83.33% 0.5198       66.67%   1.0380    52
1      77.78% 0.5686       66.67%   1.0725    44
2      94.44% 0.1385       83.33%   0.5674    91
3     100.00% 0.0138      100.00%   0.1503   171
4      85.19% 0.4470       83.33%   0.8204    57
5      55.56% 1.0581       66.67%   0.8783    27
6      79.63% 0.5245       66.67%   1.0716    52
7      77.78% 0.4984       83.33%   0.5829    65
8      46.30% 1.5061       66.67%   1.4893     6
9      85.19% 0.3981       83.33%   0.5041    61
mean   78.52% 0.5673       76.67%   0.8175    63
std    16.31% 0.4300       11.65%   0.3792    44
Val ACC Mean: 76.67% Std: 0.1165

> Finished Run Protocol - Sat Jan 25 08:41:59 2025
> Starting Run Protocol -  Sat Jan 25 08:42:00 2025
Running for dataset: UT-1
Running for folds: [0 1 2 3 4 5 6 7 8 9]
Experiment name: RN_temp
Experiment folder: /demo/ARN-LSTM/runs/UT-1/RN_temp
Number of reruns per dataset fold: 5
Resuming run protocol...
***** Experiment parameters *****
Configuration file: configs/UT/set_1/RN_temp.cfg
	 Skeleton info
	 > selected_joints: None
	 > add_joint_idx: False
	 > add_body_part: False
	 > timesteps: 10
	 > skip_timesteps: None
	 > normalization: None
	 > arch: temp
	 Model info
	 > rel_type: temp_stream
	 > fuse_type: None
	 > compute_distance: False
	 > compute_motion: False
	 > use_relations: False
	 > use_attention: False
	 > return_attention: False
	 > Using Temporal RN: False
	 Training options
	 > drop_rate: 0.1
	 > kernel_init_type: TruncatedNormal
	 > learning_rate: 0.0001
	 > checkpoint_period: 1
	 > kernel_init_param: 0.045
	 > epochs: 200
	 > Batch Size: 64
	 Evaluation options
	 > Pool average from videos sequences: False
Running for fold: 0
fold_path:: /demo/ARN-LSTM/runs/UT-1/RN_temp/fold_0/
> 0: ACC: 100.00% Loss: 0.0573 - MAX val_ACC: 100.00% val_Loss: 0.0588
> 1: ACC: 100.00% Loss: 0.0189 - MAX val_ACC: 100.00% val_Loss: 0.1452
> 2: ACC: 100.00% Loss: 0.0218 - MAX val_ACC: 100.00% val_Loss: 0.0767
> 3: ACC: 100.00% Loss: 0.0434 - MAX val_ACC: 100.00% val_Loss: 0.0767
> 4: ACC: 100.00% Loss: 0.0493 - MAX val_ACC: 100.00% val_Loss: 0.0833
Running for fold: 1
fold_path:: /demo/ARN-LSTM/runs/UT-1/RN_temp/fold_1/
> 0: ACC: 74.07% Loss: 0.7765 - MAX val_ACC: 66.67% val_Loss: 1.1236
> 1: ACC: 94.44% Loss: 0.4141 - MAX val_ACC: 66.67% val_Loss: 0.9237
> 2: ACC: 87.04% Loss: 0.4719 - MAX val_ACC: 66.67% val_Loss: 0.9387
> 3: ACC: 94.44% Loss: 0.2894 - MAX val_ACC: 66.67% val_Loss: 0.9377
> 4: ACC: 98.15% Loss: 0.1741 - MAX val_ACC: 66.67% val_Loss: 0.9431
Running for fold: 2
fold_path:: /demo/ARN-LSTM/runs/UT-1/RN_temp/fold_2/
> 0: ACC: 100.00% Loss: 0.0144 - MAX val_ACC: 100.00% val_Loss: 0.0081
> 1: ACC: 98.15% Loss: 0.0470 - MAX val_ACC: 100.00% val_Loss: 0.0114
> 2: ACC: 87.04% Loss: 0.2946 - MAX val_ACC: 100.00% val_Loss: 0.0588
> 3: ACC: 100.00% Loss: 0.0261 - MAX val_ACC: 100.00% val_Loss: 0.0412
> 4: ACC: 100.00% Loss: 0.0415 - MAX val_ACC: 100.00% val_Loss: 0.0222
Running for fold: 3
fold_path:: /demo/ARN-LSTM/runs/UT-1/RN_temp/fold_3/
> 0: ACC: 88.89% Loss: 0.2075 - MAX val_ACC: 100.00% val_Loss: 0.1937
> 1: ACC: 100.00% Loss: 0.0114 - MAX val_ACC: 100.00% val_Loss: 0.1436
> 2: ACC: 92.59% Loss: 0.1281 - MAX val_ACC: 83.33% val_Loss: 0.2300
> 3: ACC: 98.15% Loss: 0.0399 - MAX val_ACC: 100.00% val_Loss: 0.1296
> 4: ACC: 96.30% Loss: 0.1252 - MAX val_ACC: 100.00% val_Loss: 0.1682
Running for fold: 4
fold_path:: /demo/ARN-LSTM/runs/UT-1/RN_temp/fold_4/
> 0: ACC: 85.19% Loss: 0.3792 - MAX val_ACC: 83.33% val_Loss: 0.8577
> 1: ACC: 96.30% Loss: 0.2215 - MAX val_ACC: 66.67% val_Loss: 1.0596
> 2: ACC: 85.19% Loss: 0.3696 - MAX val_ACC: 83.33% val_Loss: 0.6978
> 3: ACC: 81.48% Loss: 0.4840 - MAX val_ACC: 66.67% val_Loss: 1.0836
> 4: ACC: 85.19% Loss: 0.5120 - MAX val_ACC: 66.67% val_Loss: 0.6930
Running for fold: 5
fold_path:: /demo/ARN-LSTM/runs/UT-1/RN_temp/fold_5/
> 0: ACC: 100.00% Loss: 0.0391 - MAX val_ACC: 80.00% val_Loss: 0.4921
> 1: ACC: 100.00% Loss: 0.0513 - MAX val_ACC: 80.00% val_Loss: 0.7067
> 2: ACC: 81.82% Loss: 0.6730 - MAX val_ACC: 80.00% val_Loss: 0.8119
> 3: ACC: 83.64% Loss: 0.5125 - MAX val_ACC: 80.00% val_Loss: 0.9146
> 4: ACC: 98.18% Loss: 0.0697 - MAX val_ACC: 80.00% val_Loss: 0.4907
Running for fold: 6
fold_path:: /demo/ARN-LSTM/runs/UT-1/RN_temp/fold_6/
> 0: ACC: 94.44% Loss: 0.1964 - MAX val_ACC: 83.33% val_Loss: 0.6047
> 1: ACC: 92.59% Loss: 0.1552 - MAX val_ACC: 83.33% val_Loss: 0.4976
> 2: ACC: 94.44% Loss: 0.1974 - MAX val_ACC: 83.33% val_Loss: 0.5434
> 3: ACC: 92.59% Loss: 0.1026 - MAX val_ACC: 83.33% val_Loss: 0.5131
> 4: ACC: 98.15% Loss: 0.1275 - MAX val_ACC: 83.33% val_Loss: 0.7296
Running for fold: 7
fold_path:: /demo/ARN-LSTM/runs/UT-1/RN_temp/fold_7/
> 0: ACC: 90.57% Loss: 0.4103 - MAX val_ACC: 85.71% val_Loss: 0.7167
> 1: ACC: 94.34% Loss: 0.1510 - MAX val_ACC: 85.71% val_Loss: 0.6484
> 2: ACC: 98.11% Loss: 0.1158 - MAX val_ACC: 85.71% val_Loss: 0.8879
> 3: ACC: 88.68% Loss: 0.2866 - MAX val_ACC: 85.71% val_Loss: 0.6629
> 4: ACC: 83.02% Loss: 0.5622 - MAX val_ACC: 85.71% val_Loss: 0.7098
Running for fold: 8
fold_path:: /demo/ARN-LSTM/runs/UT-1/RN_temp/fold_8/
> 0: ACC: 90.74% Loss: 0.3128 - MAX val_ACC: 83.33% val_Loss: 0.3615
> 1: ACC: 81.48% Loss: 0.5302 - MAX val_ACC: 100.00% val_Loss: 0.4320
> 2: ACC: 81.48% Loss: 0.6074 - MAX val_ACC: 100.00% val_Loss: 0.5076
> 3: ACC: 100.00% Loss: 0.0769 - MAX val_ACC: 83.33% val_Loss: 0.3126
> 4: ACC: 100.00% Loss: 0.0449 - MAX val_ACC: 83.33% val_Loss: 0.3614
Running for fold: 9
fold_path:: /demo/ARN-LSTM/runs/UT-1/RN_temp/fold_9/
> 0: ACC: 94.44% Loss: 0.2184 - MAX val_ACC: 83.33% val_Loss: 0.3784
> 1: ACC: 92.59% Loss: 0.2250 - MAX val_ACC: 83.33% val_Loss: 0.5079
> 2: ACC: 100.00% Loss: 0.0667 - MAX val_ACC: 83.33% val_Loss: 0.2632
> 3: ACC: 94.44% Loss: 0.3501 - MAX val_ACC: 83.33% val_Loss: 0.5408
> 4: ACC: 81.48% Loss: 0.6160 - MAX val_ACC: 100.00% val_Loss: 0.6543
+++++ Summarized results:

Summary for Dataset, Folds, Experiment:
> UT | [0 1 2 3 4 5 6 7 8 9] | RN_temp
     accuracy   loss val_accuracy val_loss epoch
0     100.00% 0.0573      100.00%   0.0588    91
1      94.44% 0.4141       66.67%   0.9237    24
2     100.00% 0.0144      100.00%   0.0081   108
3      98.15% 0.0399      100.00%   0.1296   104
4      85.19% 0.3696       83.33%   0.6978    25
5      98.18% 0.0697       80.00%   0.4907    99
6      92.59% 0.1552       83.33%   0.4976    57
7      94.34% 0.1510       85.71%   0.6484    56
8      81.48% 0.5302      100.00%   0.4320    21
9      81.48% 0.6160      100.00%   0.6543    20
mean   92.59% 0.2417       89.90%   0.4541    60
std     7.30% 0.2214       11.79%   0.3022    37
Val ACC Mean: 89.90% Std: 0.1179

> Finished Run Protocol - Sat Jan 25 08:42:00 2025
> Starting Run Protocol -  Sat Jan 25 08:42:01 2025
Running for dataset: UT-2
Running for folds: [10 11 12 13 14 15 16 17 18 19]
Experiment name: RN_temp
Experiment folder: /demo/ARN-LSTM/runs/UT-2/RN_temp
Number of reruns per dataset fold: 5
Resuming run protocol...
***** Experiment parameters *****
Configuration file: configs/UT/set_2/RN_temp.cfg
	 Skeleton info
	 > selected_joints: None
	 > add_joint_idx: False
	 > add_body_part: False
	 > timesteps: 10
	 > skip_timesteps: None
	 > normalization: None
	 > arch: temp
	 Model info
	 > rel_type: temp_stream
	 > fuse_type: None
	 > compute_distance: False
	 > compute_motion: False
	 > use_relations: False
	 > use_attention: False
	 > return_attention: False
	 > Using Temporal RN: False
	 Training options
	 > drop_rate: 0.1
	 > kernel_init_type: TruncatedNormal
	 > learning_rate: 0.0001
	 > checkpoint_period: 1
	 > kernel_init_param: 0.045
	 > epochs: 200
	 > Batch Size: 64
	 Evaluation options
	 > Pool average from videos sequences: False
Running for fold: 10
fold_path:: /demo/ARN-LSTM/runs/UT-2/RN_temp/fold_10/
> 0: ACC: 100.00% Loss: 0.0152 - MAX val_ACC: 100.00% val_Loss: 0.0615
> 1: ACC: 100.00% Loss: 0.0104 - MAX val_ACC: 100.00% val_Loss: 0.1547
> 2: ACC: 100.00% Loss: 0.0031 - MAX val_ACC: 100.00% val_Loss: 0.0194
> 3: ACC: 100.00% Loss: 0.0056 - MAX val_ACC: 100.00% val_Loss: 0.0657
> 4: ACC: 100.00% Loss: 0.0113 - MAX val_ACC: 100.00% val_Loss: 0.0559
Running for fold: 11
fold_path:: /demo/ARN-LSTM/runs/UT-2/RN_temp/fold_11/
> 0: ACC: 94.44% Loss: 0.1424 - MAX val_ACC: 83.33% val_Loss: 1.1735
> 1: ACC: 100.00% Loss: 0.0082 - MAX val_ACC: 83.33% val_Loss: 0.8915
> 2: ACC: 100.00% Loss: 0.0399 - MAX val_ACC: 66.67% val_Loss: 1.0158
> 3: ACC: 100.00% Loss: 0.0374 - MAX val_ACC: 83.33% val_Loss: 0.7211
> 4: ACC: 88.89% Loss: 0.2939 - MAX val_ACC: 83.33% val_Loss: 0.6258
Running for fold: 12
fold_path:: /demo/ARN-LSTM/runs/UT-2/RN_temp/fold_12/
> 0: ACC: 75.93% Loss: 0.7254 - MAX val_ACC: 66.67% val_Loss: 1.1472
> 1: ACC: 85.19% Loss: 0.4327 - MAX val_ACC: 83.33% val_Loss: 0.7256
> 2: ACC: 77.78% Loss: 0.6517 - MAX val_ACC: 83.33% val_Loss: 0.9236
> 3: ACC: 74.07% Loss: 0.8387 - MAX val_ACC: 83.33% val_Loss: 0.7531
> 4: ACC: 87.04% Loss: 0.4241 - MAX val_ACC: 83.33% val_Loss: 0.6968
Running for fold: 13
fold_path:: /demo/ARN-LSTM/runs/UT-2/RN_temp/fold_13/
> 0: ACC: 98.15% Loss: 0.0595 - MAX val_ACC: 100.00% val_Loss: 0.0605
> 1: ACC: 100.00% Loss: 0.0383 - MAX val_ACC: 100.00% val_Loss: 0.1004
> 2: ACC: 100.00% Loss: 0.0143 - MAX val_ACC: 100.00% val_Loss: 0.0897
> 3: ACC: 100.00% Loss: 0.0170 - MAX val_ACC: 100.00% val_Loss: 0.0676
> 4: ACC: 100.00% Loss: 0.0572 - MAX val_ACC: 100.00% val_Loss: 0.0934
Running for fold: 14
fold_path:: /demo/ARN-LSTM/runs/UT-2/RN_temp/fold_14/
> 0: ACC: 83.33% Loss: 0.5198 - MAX val_ACC: 83.33% val_Loss: 0.8310
> 1: ACC: 100.00% Loss: 0.0793 - MAX val_ACC: 83.33% val_Loss: 0.3973
> 2: ACC: 87.04% Loss: 0.4734 - MAX val_ACC: 66.67% val_Loss: 0.7990
> 3: ACC: 96.30% Loss: 0.0663 - MAX val_ACC: 83.33% val_Loss: 0.5997
> 4: ACC: 88.89% Loss: 0.2717 - MAX val_ACC: 83.33% val_Loss: 0.5449
Running for fold: 15
fold_path:: /demo/ARN-LSTM/runs/UT-2/RN_temp/fold_15/
> 0: ACC: 77.78% Loss: 0.5817 - MAX val_ACC: 66.67% val_Loss: 0.7072
> 1: ACC: 85.19% Loss: 0.4585 - MAX val_ACC: 66.67% val_Loss: 0.8903
> 2: ACC: 98.15% Loss: 0.0779 - MAX val_ACC: 66.67% val_Loss: 1.8896
> 3: ACC: 88.89% Loss: 0.2881 - MAX val_ACC: 66.67% val_Loss: 0.6987
> 4: ACC: 79.63% Loss: 0.6040 - MAX val_ACC: 83.33% val_Loss: 0.7335
Running for fold: 16
fold_path:: /demo/ARN-LSTM/runs/UT-2/RN_temp/fold_16/
> 0: ACC: 77.78% Loss: 0.6060 - MAX val_ACC: 66.67% val_Loss: 1.3835
> 1: ACC: 59.26% Loss: 1.0922 - MAX val_ACC: 66.67% val_Loss: 1.3098
> 2: ACC: 100.00% Loss: 0.0435 - MAX val_ACC: 66.67% val_Loss: 2.3272
> 3: ACC: 87.04% Loss: 0.4612 - MAX val_ACC: 66.67% val_Loss: 0.8612
> 4: ACC: 88.89% Loss: 0.5260 - MAX val_ACC: 66.67% val_Loss: 1.0198
Running for fold: 17
fold_path:: /demo/ARN-LSTM/runs/UT-2/RN_temp/fold_17/
> 0: ACC: 100.00% Loss: 0.0269 - MAX val_ACC: 100.00% val_Loss: 0.1327
> 1: ACC: 100.00% Loss: 0.0165 - MAX val_ACC: 100.00% val_Loss: 0.1474
> 2: ACC: 100.00% Loss: 0.0596 - MAX val_ACC: 100.00% val_Loss: 0.3154
> 3: ACC: 100.00% Loss: 0.0593 - MAX val_ACC: 100.00% val_Loss: 0.2181
> 4: ACC: 98.15% Loss: 0.0365 - MAX val_ACC: 100.00% val_Loss: 0.1153
Running for fold: 18
fold_path:: /demo/ARN-LSTM/runs/UT-2/RN_temp/fold_18/
> 0: ACC: 75.93% Loss: 0.4990 - MAX val_ACC: 83.33% val_Loss: 1.4253
> 1: ACC: 85.19% Loss: 0.4009 - MAX val_ACC: 66.67% val_Loss: 1.5194
> 2: ACC: 92.59% Loss: 0.4443 - MAX val_ACC: 83.33% val_Loss: 1.2268
> 3: ACC: 72.22% Loss: 0.9282 - MAX val_ACC: 66.67% val_Loss: 1.7161
> 4: ACC: 92.59% Loss: 0.3524 - MAX val_ACC: 83.33% val_Loss: 1.3775
Running for fold: 19
fold_path:: /demo/ARN-LSTM/runs/UT-2/RN_temp/fold_19/
> 0: ACC: 100.00% Loss: 0.0283 - MAX val_ACC: 83.33% val_Loss: 0.3847
> 1: ACC: 88.89% Loss: 0.3461 - MAX val_ACC: 100.00% val_Loss: 0.4828
> 2: ACC: 100.00% Loss: 0.0426 - MAX val_ACC: 83.33% val_Loss: 0.6178
> 3: ACC: 98.15% Loss: 0.0902 - MAX val_ACC: 83.33% val_Loss: 0.5385
> 4: ACC: 77.78% Loss: 0.5812 - MAX val_ACC: 83.33% val_Loss: 0.8529
+++++ Summarized results:

Summary for Dataset, Folds, Experiment:
> UT | [10 11 12 13 14 15 16 17 18 19] | RN_temp
     accuracy   loss val_accuracy val_loss epoch
0     100.00% 0.0031      100.00%   0.0194   151
1      88.89% 0.2939       83.33%   0.6258    35
2      87.04% 0.4241       83.33%   0.6968    26
3      98.15% 0.0595      100.00%   0.0605    76
4     100.00% 0.0793       83.33%   0.3973    48
5      79.63% 0.6040       83.33%   0.7335    22
6      87.04% 0.4612       66.67%   0.8612    27
7      98.15% 0.0365      100.00%   0.1153   100
8      92.59% 0.4443       83.33%   1.2268    28
9      88.89% 0.3461      100.00%   0.4828    33
mean   92.04% 0.2752       88.33%   0.5219    55
std     6.88% 0.2147       11.25%   0.3867    42
Val ACC Mean: 88.33% Std: 0.1125

> Finished Run Protocol - Sat Jan 25 08:42:01 2025
> Starting Run Protocol -  Sat Jan 25 08:42:02 2025
Running for dataset: UT-1
Running for folds: [0 1 2 3 4 5 6 7 8 9]
Experiment name: RN_joint+temp
Experiment folder: /demo/ARN-LSTM/runs/UT-1/RN_joint+temp
Number of reruns per dataset fold: 5
Resuming run protocol...
***** Experiment parameters *****
Configuration file: configs/UT/set_1/RN_joint+temp.cfg
	 Skeleton info
	 > selected_joints: None
	 > add_joint_idx: False
	 > add_body_part: False
	 > timesteps: 10
	 > skip_timesteps: None
	 > normalization: None
	 > arch: joint
	 Fusion info
	 > fusion mode: middle
	 > config_filepaths: ['configs/UT/set_1/RN_joint.cfg', 'configs/UT/set_1/RN_temp.cfg']
	 > freeze_g_theta: False
	 > fuse_at_fc1: False
	 > new_arch: True
	 > Criteria for weights: val_loss
	 > Using Temporal RN: False
	 Training options
	 > drop_rate: 0.1
	 > epochs: 90
	 > learning_rate: 0.0001
	 > checkpoint_period: 1
	 > Batch Size: 64
	 Evaluation options
	 > Pool average from videos sequences: False
Running for fold: 0
fold_path:: /demo/ARN-LSTM/runs/UT-1/RN_joint+temp/fold_0/
> fold weights filepaths: ['runs/UT-1/RN_joint/fold_0/rerun_4/relnet_weights.hdf5', 'runs/UT-1/RN_temp/fold_0/rerun_0/relnet_weights.hdf5']
> 0: ACC: 100.00% Loss: 0.0653 - MAX val_ACC: 83.33% val_Loss: 0.2113
> 1: ACC: 100.00% Loss: 0.0281 - MAX val_ACC: 100.00% val_Loss: 0.1309
> 2: ACC: 100.00% Loss: 0.0072 - MAX val_ACC: 83.33% val_Loss: 0.2763
> 3: ACC: 92.59% Loss: 0.2331 - MAX val_ACC: 100.00% val_Loss: 0.2315
> 4: ACC: 100.00% Loss: 0.0606 - MAX val_ACC: 100.00% val_Loss: 0.1621
Running for fold: 1
fold_path:: /demo/ARN-LSTM/runs/UT-1/RN_joint+temp/fold_1/
> fold weights filepaths: ['runs/UT-1/RN_joint/fold_1/rerun_4/relnet_weights.hdf5', 'runs/UT-1/RN_temp/fold_1/rerun_1/relnet_weights.hdf5']
> 0: ACC: 85.19% Loss: 0.6844 - MAX val_ACC: 83.33% val_Loss: 0.9845
> 1: ACC: 79.63% Loss: 0.5429 - MAX val_ACC: 83.33% val_Loss: 1.1635
> 2: ACC: 92.59% Loss: 0.3857 - MAX val_ACC: 66.67% val_Loss: 1.1055
> 3: ACC: 81.48% Loss: 0.4977 - MAX val_ACC: 66.67% val_Loss: 1.0139
> 4: ACC: 85.19% Loss: 0.4781 - MAX val_ACC: 83.33% val_Loss: 1.1516
Running for fold: 2
fold_path:: /demo/ARN-LSTM/runs/UT-1/RN_joint+temp/fold_2/
> fold weights filepaths: ['runs/UT-1/RN_joint/fold_2/rerun_1/relnet_weights.hdf5', 'runs/UT-1/RN_temp/fold_2/rerun_0/relnet_weights.hdf5']
> 0: ACC: 98.15% Loss: 0.1480 - MAX val_ACC: 100.00% val_Loss: 0.1214
> 1: ACC: 98.15% Loss: 0.0590 - MAX val_ACC: 100.00% val_Loss: 0.0546
> 2: ACC: 100.00% Loss: 0.0094 - MAX val_ACC: 100.00% val_Loss: 0.0196
> 3: ACC: 100.00% Loss: 0.0307 - MAX val_ACC: 100.00% val_Loss: 0.0764
> 4: ACC: 100.00% Loss: 0.0313 - MAX val_ACC: 100.00% val_Loss: 0.0786
Running for fold: 3
fold_path:: /demo/ARN-LSTM/runs/UT-1/RN_joint+temp/fold_3/
> fold weights filepaths: ['runs/UT-1/RN_joint/fold_3/rerun_2/relnet_weights.hdf5', 'runs/UT-1/RN_temp/fold_3/rerun_3/relnet_weights.hdf5']
> 0: ACC: 100.00% Loss: 0.0051 - MAX val_ACC: 83.33% val_Loss: 0.2700
> 1: ACC: 79.63% Loss: 0.6009 - MAX val_ACC: 100.00% val_Loss: 0.6161
> 2: ACC: 100.00% Loss: 0.0757 - MAX val_ACC: 83.33% val_Loss: 0.3602
> 3: ACC: 100.00% Loss: 0.1050 - MAX val_ACC: 83.33% val_Loss: 0.3640
> 4: ACC: 100.00% Loss: 0.0154 - MAX val_ACC: 83.33% val_Loss: 0.3590
Running for fold: 4
fold_path:: /demo/ARN-LSTM/runs/UT-1/RN_joint+temp/fold_4/
> fold weights filepaths: ['runs/UT-1/RN_joint/fold_4/rerun_1/relnet_weights.hdf5', 'runs/UT-1/RN_temp/fold_4/rerun_4/relnet_weights.hdf5']
> 0: ACC: 100.00% Loss: 0.0183 - MAX val_ACC: 66.67% val_Loss: 0.8771
> 1: ACC: 90.74% Loss: 0.2700 - MAX val_ACC: 66.67% val_Loss: 1.1330
> 2: ACC: 88.89% Loss: 0.5712 - MAX val_ACC: 66.67% val_Loss: 1.0619
> 3: ACC: 100.00% Loss: 0.0449 - MAX val_ACC: 66.67% val_Loss: 0.6979
> 4: ACC: 77.78% Loss: 0.7473 - MAX val_ACC: 50.00% val_Loss: 0.9655
Running for fold: 5
fold_path:: /demo/ARN-LSTM/runs/UT-1/RN_joint+temp/fold_5/
> fold weights filepaths: ['runs/UT-1/RN_joint/fold_5/rerun_4/relnet_weights.hdf5', 'runs/UT-1/RN_temp/fold_5/rerun_4/relnet_weights.hdf5']
> 0: ACC: 90.91% Loss: 0.3797 - MAX val_ACC: 80.00% val_Loss: 0.8070
> 1: ACC: 100.00% Loss: 0.0555 - MAX val_ACC: 80.00% val_Loss: 0.6265
> 2: ACC: 90.91% Loss: 0.3665 - MAX val_ACC: 80.00% val_Loss: 0.6583
> 3: ACC: 94.55% Loss: 0.1776 - MAX val_ACC: 80.00% val_Loss: 0.6333
> 4: ACC: 81.82% Loss: 0.6644 - MAX val_ACC: 100.00% val_Loss: 0.7436
Running for fold: 6
fold_path:: /demo/ARN-LSTM/runs/UT-1/RN_joint+temp/fold_6/
> fold weights filepaths: ['runs/UT-1/RN_joint/fold_6/rerun_2/relnet_weights.hdf5', 'runs/UT-1/RN_temp/fold_6/rerun_3/relnet_weights.hdf5']
> 0: ACC: 94.44% Loss: 0.1654 - MAX val_ACC: 83.33% val_Loss: 0.5092
> 1: ACC: 100.00% Loss: 0.1305 - MAX val_ACC: 83.33% val_Loss: 0.5503
> 2: ACC: 81.48% Loss: 0.5316 - MAX val_ACC: 83.33% val_Loss: 0.7792
> 3: ACC: 98.15% Loss: 0.0674 - MAX val_ACC: 83.33% val_Loss: 0.5201
> 4: ACC: 92.59% Loss: 0.2298 - MAX val_ACC: 83.33% val_Loss: 0.6694
Running for fold: 7
fold_path:: /demo/ARN-LSTM/runs/UT-1/RN_joint+temp/fold_7/
> fold weights filepaths: ['runs/UT-1/RN_joint/fold_7/rerun_4/relnet_weights.hdf5', 'runs/UT-1/RN_temp/fold_7/rerun_1/relnet_weights.hdf5']
> 0: ACC: 100.00% Loss: 0.1293 - MAX val_ACC: 85.71% val_Loss: 0.5442
> 1: ACC: 98.11% Loss: 0.2068 - MAX val_ACC: 85.71% val_Loss: 0.7309
> 2: ACC: 96.23% Loss: 0.2507 - MAX val_ACC: 85.71% val_Loss: 0.5682
> 3: ACC: 96.23% Loss: 0.1750 - MAX val_ACC: 85.71% val_Loss: 0.6476
> 4: ACC: 100.00% Loss: 0.0854 - MAX val_ACC: 85.71% val_Loss: 0.5611
Running for fold: 8
fold_path:: /demo/ARN-LSTM/runs/UT-1/RN_joint+temp/fold_8/
> fold weights filepaths: ['runs/UT-1/RN_joint/fold_8/rerun_2/relnet_weights.hdf5', 'runs/UT-1/RN_temp/fold_8/rerun_2/relnet_weights.hdf5']
> 0: ACC: 94.44% Loss: 0.3466 - MAX val_ACC: 100.00% val_Loss: 0.3552
> 1: ACC: 98.15% Loss: 0.0973 - MAX val_ACC: 83.33% val_Loss: 0.3083
> 2: ACC: 83.33% Loss: 0.4736 - MAX val_ACC: 100.00% val_Loss: 0.4731
> 3: ACC: 98.15% Loss: 0.1463 - MAX val_ACC: 83.33% val_Loss: 0.2883
> 4: ACC: 62.96% Loss: 0.8600 - MAX val_ACC: 100.00% val_Loss: 0.6258
Running for fold: 9
fold_path:: /demo/ARN-LSTM/runs/UT-1/RN_joint+temp/fold_9/
> fold weights filepaths: ['runs/UT-1/RN_joint/fold_9/rerun_1/relnet_weights.hdf5', 'runs/UT-1/RN_temp/fold_9/rerun_2/relnet_weights.hdf5']
> 0: ACC: 94.44% Loss: 0.1649 - MAX val_ACC: 100.00% val_Loss: 0.3722
> 1: ACC: 90.74% Loss: 0.2664 - MAX val_ACC: 100.00% val_Loss: 0.4752
> 2: ACC: 100.00% Loss: 0.0568 - MAX val_ACC: 83.33% val_Loss: 0.5533
> 3: ACC: 96.30% Loss: 0.1827 - MAX val_ACC: 83.33% val_Loss: 0.4624
> 4: ACC: 85.19% Loss: 0.5713 - MAX val_ACC: 100.00% val_Loss: 0.7300
+++++ Summarized results:

Summary for Dataset, Folds, Experiment:
> UT | [0 1 2 3 4 5 6 7 8 9] | RN_joint+temp
     accuracy   loss val_accuracy val_loss epoch
0     100.00% 0.0281      100.00%   0.1309    60
1      85.19% 0.6844       83.33%   0.9845    12
2     100.00% 0.0094      100.00%   0.0196    56
3      79.63% 0.6009      100.00%   0.6161    13
4     100.00% 0.0449       66.67%   0.6979    56
5      81.82% 0.6644      100.00%   0.7436     8
6      94.44% 0.1654       83.33%   0.5092    29
7     100.00% 0.1293       85.71%   0.5442    38
8      94.44% 0.3466      100.00%   0.3552    17
9      94.44% 0.1649      100.00%   0.3722    25
mean   93.00% 0.2838       91.90%   0.4973    31
std     7.94% 0.2707       11.62%   0.2892    20
Val ACC Mean: 91.90% Std: 0.1162

> Finished Run Protocol - Sat Jan 25 08:42:02 2025
> Starting Run Protocol -  Sat Jan 25 08:42:03 2025
Running for dataset: UT-2
Running for folds: [10 11 12 13 14 15 16 17 18 19]
Experiment name: RN_joint+temp
Experiment folder: /demo/ARN-LSTM/runs/UT-2/RN_joint+temp
Number of reruns per dataset fold: 5
Resuming run protocol...
***** Experiment parameters *****
Configuration file: configs/UT/set_2/RN_joint+temp.cfg
	 Skeleton info
	 > selected_joints: None
	 > add_joint_idx: False
	 > add_body_part: False
	 > timesteps: 10
	 > skip_timesteps: None
	 > normalization: None
	 > arch: joint
	 Fusion info
	 > fusion mode: middle
	 > config_filepaths: ['configs/UT/set_2/RN_joint.cfg', 'configs/UT/set_2/RN_temp.cfg']
	 > freeze_g_theta: False
	 > fuse_at_fc1: False
	 > new_arch: True
	 > Criteria for weights: val_loss
	 > Using Temporal RN: False
	 Training options
	 > drop_rate: 0.1
	 > epochs: 90
	 > learning_rate: 0.0001
	 > checkpoint_period: 1
	 > Batch Size: 64
	 Evaluation options
	 > Pool average from videos sequences: False
Running for fold: 10
fold_path:: /demo/ARN-LSTM/runs/UT-2/RN_joint+temp/fold_10/
> fold weights filepaths: ['runs/UT-2/RN_joint/fold_10/rerun_0/relnet_weights.hdf5', 'runs/UT-2/RN_temp/fold_10/rerun_2/relnet_weights.hdf5']
> 0: ACC: 100.00% Loss: 0.0122 - MAX val_ACC: 100.00% val_Loss: 0.1896
> 1: ACC: 100.00% Loss: 0.0035 - MAX val_ACC: 100.00% val_Loss: 0.0963
> 2: ACC: 100.00% Loss: 0.0095 - MAX val_ACC: 83.33% val_Loss: 0.2729
> 3: ACC: 100.00% Loss: 0.0047 - MAX val_ACC: 83.33% val_Loss: 0.2877
> 4: ACC: 100.00% Loss: 0.0293 - MAX val_ACC: 83.33% val_Loss: 0.2208
Running for fold: 11
fold_path:: /demo/ARN-LSTM/runs/UT-2/RN_joint+temp/fold_11/
> fold weights filepaths: ['runs/UT-2/RN_joint/fold_11/rerun_4/relnet_weights.hdf5', 'runs/UT-2/RN_temp/fold_11/rerun_4/relnet_weights.hdf5']
> 0: ACC: 100.00% Loss: 0.0276 - MAX val_ACC: 83.33% val_Loss: 0.7691
> 1: ACC: 98.15% Loss: 0.1452 - MAX val_ACC: 66.67% val_Loss: 0.8408
> 2: ACC: 100.00% Loss: 0.0118 - MAX val_ACC: 83.33% val_Loss: 1.0335
> 3: ACC: 100.00% Loss: 0.1405 - MAX val_ACC: 83.33% val_Loss: 0.5597
> 4: ACC: 100.00% Loss: 0.1040 - MAX val_ACC: 83.33% val_Loss: 0.7765
Running for fold: 12
fold_path:: /demo/ARN-LSTM/runs/UT-2/RN_joint+temp/fold_12/
> fold weights filepaths: ['runs/UT-2/RN_joint/fold_12/rerun_2/relnet_weights.hdf5', 'runs/UT-2/RN_temp/fold_12/rerun_1/relnet_weights.hdf5']
> 0: ACC: 79.63% Loss: 0.7155 - MAX val_ACC: 66.67% val_Loss: 1.0063
> 1: ACC: 83.33% Loss: 0.4855 - MAX val_ACC: 83.33% val_Loss: 0.8460
> 2: ACC: 98.15% Loss: 0.1541 - MAX val_ACC: 83.33% val_Loss: 1.0051
> 3: ACC: 100.00% Loss: 0.0171 - MAX val_ACC: 83.33% val_Loss: 1.3278
> 4: ACC: 88.89% Loss: 0.5566 - MAX val_ACC: 83.33% val_Loss: 0.8650
Running for fold: 13
fold_path:: /demo/ARN-LSTM/runs/UT-2/RN_joint+temp/fold_13/
> fold weights filepaths: ['runs/UT-2/RN_joint/fold_13/rerun_2/relnet_weights.hdf5', 'runs/UT-2/RN_temp/fold_13/rerun_0/relnet_weights.hdf5']
> 0: ACC: 100.00% Loss: 0.0077 - MAX val_ACC: 100.00% val_Loss: 0.0745
> 1: ACC: 100.00% Loss: 0.0079 - MAX val_ACC: 100.00% val_Loss: 0.0897
> 2: ACC: 100.00% Loss: 0.0060 - MAX val_ACC: 100.00% val_Loss: 0.0709
> 3: ACC: 100.00% Loss: 0.0064 - MAX val_ACC: 100.00% val_Loss: 0.0626
> 4: ACC: 100.00% Loss: 0.0024 - MAX val_ACC: 100.00% val_Loss: 0.0584
Running for fold: 14
fold_path:: /demo/ARN-LSTM/runs/UT-2/RN_joint+temp/fold_14/
> fold weights filepaths: ['runs/UT-2/RN_joint/fold_14/rerun_0/relnet_weights.hdf5', 'runs/UT-2/RN_temp/fold_14/rerun_1/relnet_weights.hdf5']
> 0: ACC: 75.93% Loss: 0.7243 - MAX val_ACC: 83.33% val_Loss: 1.0397
> 1: ACC: 100.00% Loss: 0.0057 - MAX val_ACC: 83.33% val_Loss: 0.5622
> 2: ACC: 79.63% Loss: 0.5644 - MAX val_ACC: 100.00% val_Loss: 0.5769
> 3: ACC: 100.00% Loss: 0.0050 - MAX val_ACC: 83.33% val_Loss: 0.6530
> 4: ACC: 100.00% Loss: 0.0045 - MAX val_ACC: 83.33% val_Loss: 0.7199
Running for fold: 15
fold_path:: /demo/ARN-LSTM/runs/UT-2/RN_joint+temp/fold_15/
> fold weights filepaths: ['runs/UT-2/RN_joint/fold_15/rerun_3/relnet_weights.hdf5', 'runs/UT-2/RN_temp/fold_15/rerun_3/relnet_weights.hdf5']
> 0: ACC: 70.37% Loss: 0.8767 - MAX val_ACC: 66.67% val_Loss: 1.2037
> 1: ACC: 72.22% Loss: 0.7459 - MAX val_ACC: 83.33% val_Loss: 0.7718
> 2: ACC: 87.04% Loss: 0.4278 - MAX val_ACC: 66.67% val_Loss: 0.9080
> 3: ACC: 70.37% Loss: 0.8399 - MAX val_ACC: 83.33% val_Loss: 0.7636
> 4: ACC: 96.30% Loss: 0.2868 - MAX val_ACC: 66.67% val_Loss: 0.7748
Running for fold: 16
fold_path:: /demo/ARN-LSTM/runs/UT-2/RN_joint+temp/fold_16/
> fold weights filepaths: ['runs/UT-2/RN_joint/fold_16/rerun_0/relnet_weights.hdf5', 'runs/UT-2/RN_temp/fold_16/rerun_3/relnet_weights.hdf5']
> 0: ACC: 98.15% Loss: 0.1845 - MAX val_ACC: 66.67% val_Loss: 1.0778
> 1: ACC: 79.63% Loss: 0.6321 - MAX val_ACC: 66.67% val_Loss: 0.9623
> 2: ACC: 61.11% Loss: 1.1866 - MAX val_ACC: 66.67% val_Loss: 1.4495
> 3: ACC: 98.15% Loss: 0.2774 - MAX val_ACC: 66.67% val_Loss: 0.9319
> 4: ACC: 94.44% Loss: 0.3222 - MAX val_ACC: 66.67% val_Loss: 0.9561
Running for fold: 17
fold_path:: /demo/ARN-LSTM/runs/UT-2/RN_joint+temp/fold_17/
> fold weights filepaths: ['runs/UT-2/RN_joint/fold_17/rerun_3/relnet_weights.hdf5', 'runs/UT-2/RN_temp/fold_17/rerun_4/relnet_weights.hdf5']
> 0: ACC: 100.00% Loss: 0.0117 - MAX val_ACC: 100.00% val_Loss: 0.1640
> 1: ACC: 98.15% Loss: 0.2728 - MAX val_ACC: 100.00% val_Loss: 0.3729
> 2: ACC: 92.59% Loss: 0.4028 - MAX val_ACC: 100.00% val_Loss: 0.4495
> 3: ACC: 98.15% Loss: 0.1199 - MAX val_ACC: 100.00% val_Loss: 0.3123
> 4: ACC: 94.44% Loss: 0.1684 - MAX val_ACC: 83.33% val_Loss: 0.3929
Running for fold: 18
fold_path:: /demo/ARN-LSTM/runs/UT-2/RN_joint+temp/fold_18/
> fold weights filepaths: ['runs/UT-2/RN_joint/fold_18/rerun_3/relnet_weights.hdf5', 'runs/UT-2/RN_temp/fold_18/rerun_2/relnet_weights.hdf5']
> 0: ACC: 88.89% Loss: 0.3930 - MAX val_ACC: 83.33% val_Loss: 1.3552
> 1: ACC: 100.00% Loss: 0.1738 - MAX val_ACC: 83.33% val_Loss: 1.8898
> 2: ACC: 100.00% Loss: 0.1618 - MAX val_ACC: 83.33% val_Loss: 1.2960
> 3: ACC: 72.22% Loss: 0.7166 - MAX val_ACC: 66.67% val_Loss: 1.4882
> 4: ACC: 92.59% Loss: 0.3575 - MAX val_ACC: 83.33% val_Loss: 0.9939
Running for fold: 19
fold_path:: /demo/ARN-LSTM/runs/UT-2/RN_joint+temp/fold_19/
> fold weights filepaths: ['runs/UT-2/RN_joint/fold_19/rerun_1/relnet_weights.hdf5', 'runs/UT-2/RN_temp/fold_19/rerun_1/relnet_weights.hdf5']
> 0: ACC: 100.00% Loss: 0.0272 - MAX val_ACC: 83.33% val_Loss: 0.4002
> 1: ACC: 100.00% Loss: 0.0065 - MAX val_ACC: 83.33% val_Loss: 0.3832
> 2: ACC: 100.00% Loss: 0.0248 - MAX val_ACC: 83.33% val_Loss: 0.6226
> 3: ACC: 100.00% Loss: 0.0413 - MAX val_ACC: 83.33% val_Loss: 0.3425
> 4: ACC: 100.00% Loss: 0.0131 - MAX val_ACC: 100.00% val_Loss: 0.3563
+++++ Summarized results:

Summary for Dataset, Folds, Experiment:
> UT | [10 11 12 13 14 15 16 17 18 19] | RN_joint+temp
     accuracy   loss val_accuracy val_loss epoch
0     100.00% 0.0035      100.00%   0.0963    75
1     100.00% 0.1405       83.33%   0.5597    23
2      83.33% 0.4855       83.33%   0.8460    12
3     100.00% 0.0024      100.00%   0.0584    70
4      79.63% 0.5644      100.00%   0.5769    10
5      70.37% 0.8399       83.33%   0.7636    11
6      98.15% 0.2774       66.67%   0.9319    22
7     100.00% 0.0117      100.00%   0.1640    63
8      92.59% 0.3575       83.33%   0.9939    26
9     100.00% 0.0131      100.00%   0.3563    58
mean   92.41% 0.2696       90.00%   0.5347    37
std    10.81% 0.2902       11.65%   0.3510    26
Val ACC Mean: 90.00% Std: 0.1165

> Finished Run Protocol - Sat Jan 25 08:42:03 2025
> Starting Run Protocol -  Sat Jan 25 08:42:04 2025
Running for dataset: NTU
Running for folds: ['cross_subject', 'cross_view']
Experiment name: RN_joint
Experiment folder: /demo/ARN-LSTM/runs/NTU/RN_joint
Number of reruns per dataset fold: 5
Resuming run protocol...
***** Experiment parameters *****
Configuration file: configs/NTU-V1/no-lstm/RN_joint.cfg
	 Skeleton info
	 > selected_joints: ['Nose', 'Neck', 'MidHip', 'LShoulder', 'LElbow', 'LWrist', 'RShoulder', 'RElbow', 'RWrist', 'LHip', 'LKnee', 'LAnkle', 'RHip', 'RKnee', 'RAnkle']
	 > add_joint_idx: False
	 > add_body_part: False
	 > timesteps: 32
	 > skip_timesteps: None
	 > normalization: NTU
	 > sample_method: central
	 > arch: joint
	 Model info
	 > rel_type: joint_stream
	 > fuse_type: None
	 > compute_distance: False
	 > compute_motion: False
	 > use_relations: True
	 > use_attention: False
	 > return_attention: False
	 > Using Temporal RN: False
	 Training options
	 > drop_rate: 0.1
	 > kernel_init_type: TruncatedNormal
	 > learning_rate: 0.0001
	 > checkpoint_period: 1
	 > kernel_init_param: 0.045
	 > epochs: 200
	 > Batch Size: 64
	 Evaluation options
	 > Pool average from videos sequences: False
Running for fold: cross_subject
fold_path:: /demo/ARN-LSTM/runs/NTU/RN_joint/fold_cross_subject/
> 0: ACC: 90.12% Loss: 0.2656 - MAX val_ACC: 80.12% val_Loss: 0.7854
> 1: ACC: 90.87% Loss: 0.2426 - MAX val_ACC: 80.02% val_Loss: 0.8118
> 2: ACC: 92.90% Loss: 0.1912 - MAX val_ACC: 79.95% val_Loss: 0.8785
> 3: ACC: 88.96% Loss: 0.2899 - MAX val_ACC: 80.32% val_Loss: 0.7740
> 4: ACC: 92.54% Loss: 0.1960 - MAX val_ACC: 79.82% val_Loss: 0.9270
Running for fold: cross_view
fold_path:: /demo/ARN-LSTM/runs/NTU/RN_joint/fold_cross_view/
> 0: ACC: 90.93% Loss: 0.2413 - MAX val_ACC: 82.79% val_Loss: 0.7144
> 1: ACC: 91.29% Loss: 0.2235 - MAX val_ACC: 83.05% val_Loss: 0.7142
> 2: ACC: 88.37% Loss: 0.3117 - MAX val_ACC: 83.00% val_Loss: 0.6449
> 3: ACC: 90.74% Loss: 0.2377 - MAX val_ACC: 83.57% val_Loss: 0.6636
> 4: ACC: 88.34% Loss: 0.2989 - MAX val_ACC: 83.46% val_Loss: 0.6710
+++++ Summarized results:

Summary for Dataset, Folds, Experiment:
> NTU | ['cross_subject', 'cross_view'] | RN_joint
     accuracy   loss val_accuracy val_loss epoch
0      88.96% 0.2899       80.32%   0.7740   148
1      90.74% 0.2377       83.57%   0.6636   193
mean   89.85% 0.2638       81.95%   0.7188   170
std     1.26% 0.0369        2.30%   0.0780    32
Val ACC Mean: 81.95% Std: 0.0230

> Finished Run Protocol - Sat Jan 25 08:42:04 2025
> Starting Run Protocol -  Sat Jan 25 08:42:05 2025
Running for dataset: NTU-V2
Running for folds: ['cross_subject', 'cross_setup']
Experiment name: RN_joint
Experiment folder: /demo/ARN-LSTM/runs/NTU-V2/RN_joint
Number of reruns per dataset fold: 5
Resuming run protocol...
***** Experiment parameters *****
Configuration file: configs/NTU-V2/no-lstm/RN_joint.cfg
	 Skeleton info
	 > selected_joints: ['Nose', 'Neck', 'MidHip', 'LShoulder', 'LElbow', 'LWrist', 'RShoulder', 'RElbow', 'RWrist', 'LHip', 'LKnee', 'LAnkle', 'RHip', 'RKnee', 'RAnkle']
	 > add_joint_idx: False
	 > add_body_part: False
	 > timesteps: 32
	 > skip_timesteps: None
	 > normalization: NTU
	 > sample_method: central
	 > arch: joint
	 Model info
	 > rel_type: joint_stream
	 > fuse_type: None
	 > compute_distance: False
	 > compute_motion: False
	 > use_relations: True
	 > use_attention: False
	 > return_attention: False
	 > Using Temporal RN: False
	 Training options
	 > drop_rate: 0.1
	 > kernel_init_type: TruncatedNormal
	 > learning_rate: 0.0001
	 > checkpoint_period: 1
	 > kernel_init_param: 0.045
	 > epochs: 200
	 > Batch Size: 64
	 Evaluation options
	 > Pool average from videos sequences: False
Running for fold: cross_subject
fold_path:: /demo/ARN-LSTM/runs/NTU-V2/RN_joint/fold_cross_subject/
> 0: ACC: 89.64% Loss: 0.2920 - MAX val_ACC: 66.68% val_Loss: 1.6878
> 1: ACC: 87.94% Loss: 0.3438 - MAX val_ACC: 66.17% val_Loss: 1.6696
> 2: ACC: 88.57% Loss: 0.3144 - MAX val_ACC: 66.29% val_Loss: 1.6080
> 3: ACC: 85.41% Loss: 0.4031 - MAX val_ACC: 67.38% val_Loss: 1.4060
> 4: ACC: 88.59% Loss: 0.3128 - MAX val_ACC: 66.91% val_Loss: 1.6510
Running for fold: cross_setup
fold_path:: /demo/ARN-LSTM/runs/NTU-V2/RN_joint/fold_cross_setup/
> 0: ACC: 88.52% Loss: 0.3238 - MAX val_ACC: 67.48% val_Loss: 1.6250
> 1: ACC: 86.58% Loss: 0.3849 - MAX val_ACC: 66.73% val_Loss: 1.4760
> 2: ACC: 87.23% Loss: 0.3724 - MAX val_ACC: 67.68% val_Loss: 1.4657
> 3: ACC: 88.28% Loss: 0.3245 - MAX val_ACC: 68.04% val_Loss: 1.5271
> 4: ACC: 86.60% Loss: 0.3841 - MAX val_ACC: 66.93% val_Loss: 1.5339
+++++ Summarized results:

Summary for Dataset, Folds, Experiment:
> NTU-V2 | ['cross_subject', 'cross_setup'] | RN_joint
     accuracy   loss val_accuracy val_loss epoch
0      85.41% 0.4031       67.38%   1.4060   169
1      88.28% 0.3245       68.04%   1.5271   195
mean   86.84% 0.3638       67.71%   1.4666   182
std     2.03% 0.0556        0.47%   0.0856    18
Val ACC Mean: 67.71% Std: 0.0047

> Finished Run Protocol - Sat Jan 25 08:42:05 2025
> Starting Run Protocol -  Sat Jan 25 08:42:06 2025
Running for dataset: NTU
Running for folds: ['cross_subject', 'cross_view']
Experiment name: RN_temp
Experiment folder: /demo/ARN-LSTM/runs/NTU/RN_temp
Number of reruns per dataset fold: 5
Resuming run protocol...
***** Experiment parameters *****
Configuration file: configs/NTU-V1/no-lstm/RN_temp.cfg
	 Skeleton info
	 > selected_joints: ['Nose', 'Neck', 'MidHip', 'LShoulder', 'LElbow', 'LWrist', 'RShoulder', 'RElbow', 'RWrist', 'LHip', 'LKnee', 'LAnkle', 'RHip', 'RKnee', 'RAnkle']
	 > add_joint_idx: False
	 > add_body_part: False
	 > timesteps: 32
	 > skip_timesteps: None
	 > normalization: NTU
	 > sample_method: central
	 > arch: temp
	 Model info
	 > rel_type: temp_stream
	 > fuse_type: None
	 > compute_distance: False
	 > compute_motion: False
	 > use_relations: True
	 > use_attention: False
	 > return_attention: False
	 > Using Temporal RN: False
	 Training options
	 > drop_rate: 0.1
	 > kernel_init_type: TruncatedNormal
	 > learning_rate: 0.0001
	 > checkpoint_period: 1
	 > kernel_init_param: 0.045
	 > epochs: 200
	 > Batch Size: 64
	 Evaluation options
	 > Pool average from videos sequences: False
Running for fold: cross_subject
fold_path:: /demo/ARN-LSTM/runs/NTU/RN_temp/fold_cross_subject/
> 0: ACC: 95.66% Loss: 0.1217 - MAX val_ACC: 81.87% val_Loss: 0.8585
> 1: ACC: 94.08% Loss: 0.1591 - MAX val_ACC: 82.50% val_Loss: 0.7274
> 2: ACC: 94.44% Loss: 0.1543 - MAX val_ACC: 82.96% val_Loss: 0.7859
> 3: ACC: 94.59% Loss: 0.1507 - MAX val_ACC: 82.66% val_Loss: 0.7530
> 4: ACC: 96.57% Loss: 0.0987 - MAX val_ACC: 83.03% val_Loss: 0.8026
Running for fold: cross_view
fold_path:: /demo/ARN-LSTM/runs/NTU/RN_temp/fold_cross_view/
> 0: ACC: 94.50% Loss: 0.1480 - MAX val_ACC: 85.25% val_Loss: 0.5965
> 1: ACC: 95.02% Loss: 0.1352 - MAX val_ACC: 84.85% val_Loss: 0.7163
> 2: ACC: 94.28% Loss: 0.1626 - MAX val_ACC: 84.33% val_Loss: 0.6735
> 3: ACC: 93.54% Loss: 0.1687 - MAX val_ACC: 85.40% val_Loss: 0.6613
> 4: ACC: 95.33% Loss: 0.1292 - MAX val_ACC: 85.45% val_Loss: 0.6602
+++++ Summarized results:

Summary for Dataset, Folds, Experiment:
> NTU | ['cross_subject', 'cross_view'] | RN_temp
     accuracy   loss val_accuracy val_loss epoch
0      96.57% 0.0987       83.03%   0.8026   192
1      95.33% 0.1292       85.45%   0.6602   179
mean   95.95% 0.1140       84.24%   0.7314   186
std     0.88% 0.0216        1.72%   0.1006     9
Val ACC Mean: 84.24% Std: 0.0172

> Finished Run Protocol - Sat Jan 25 08:42:06 2025
> Starting Run Protocol -  Sat Jan 25 08:42:07 2025
Running for dataset: NTU-V2
Running for folds: ['cross_subject', 'cross_setup']
Experiment name: RN_temp
Experiment folder: /demo/ARN-LSTM/runs/NTU-V2/RN_temp
Number of reruns per dataset fold: 5
Resuming run protocol...
***** Experiment parameters *****
Configuration file: configs/NTU-V2/no-lstm/RN_temp.cfg
	 Skeleton info
	 > selected_joints: ['Nose', 'Neck', 'MidHip', 'LShoulder', 'LElbow', 'LWrist', 'RShoulder', 'RElbow', 'RWrist', 'LHip', 'LKnee', 'LAnkle', 'RHip', 'RKnee', 'RAnkle']
	 > add_joint_idx: False
	 > add_body_part: False
	 > timesteps: 32
	 > skip_timesteps: None
	 > normalization: NTU
	 > sample_method: central
	 > arch: temp
	 Model info
	 > rel_type: temp_stream
	 > fuse_type: None
	 > compute_distance: False
	 > compute_motion: False
	 > use_relations: True
	 > use_attention: False
	 > return_attention: False
	 > Using Temporal RN: False
	 Training options
	 > drop_rate: 0.1
	 > kernel_init_type: TruncatedNormal
	 > learning_rate: 0.0001
	 > checkpoint_period: 1
	 > kernel_init_param: 0.045
	 > epochs: 200
	 > Batch Size: 64
	 Evaluation options
	 > Pool average from videos sequences: False
Running for fold: cross_subject
fold_path:: /demo/ARN-LSTM/runs/NTU-V2/RN_temp/fold_cross_subject/
> 0: ACC: 91.50% Loss: 0.2352 - MAX val_ACC: 71.10% val_Loss: 1.4131
> 1: ACC: 92.65% Loss: 0.2026 - MAX val_ACC: 70.50% val_Loss: 1.5357
> 2: ACC: 89.78% Loss: 0.2809 - MAX val_ACC: 70.76% val_Loss: 1.2936
> 3: ACC: 94.48% Loss: 0.1538 - MAX val_ACC: 71.95% val_Loss: 1.5211
> 4: ACC: 91.43% Loss: 0.2337 - MAX val_ACC: 71.13% val_Loss: 1.4124
Running for fold: cross_setup
fold_path:: /demo/ARN-LSTM/runs/NTU-V2/RN_temp/fold_cross_setup/
> 0: ACC: 91.68% Loss: 0.2249 - MAX val_ACC: 71.18% val_Loss: 1.5025
> 1: ACC: 89.41% Loss: 0.2939 - MAX val_ACC: 71.31% val_Loss: 1.3226
> 2: ACC: 92.49% Loss: 0.2057 - MAX val_ACC: 71.92% val_Loss: 1.5128
> 3: ACC: 91.67% Loss: 0.2278 - MAX val_ACC: 71.73% val_Loss: 1.4756
> 4: ACC: 91.55% Loss: 0.2269 - MAX val_ACC: 71.69% val_Loss: 1.4130
+++++ Summarized results:

Summary for Dataset, Folds, Experiment:
> NTU-V2 | ['cross_subject', 'cross_setup'] | RN_temp
     accuracy   loss val_accuracy val_loss epoch
0      94.48% 0.1538       71.95%   1.5211   199
1      92.49% 0.2057       71.92%   1.5128   195
mean   93.49% 0.1798       71.93%   1.5169   197
std     1.41% 0.0367        0.02%   0.0059     3
Val ACC Mean: 71.93% Std: 0.0002

> Finished Run Protocol - Sat Jan 25 08:42:07 2025
> Starting Run Protocol -  Sat Jan 25 08:42:08 2025
Running for dataset: NTU
Running for folds: ['cross_subject', 'cross_view']
Experiment name: RN_joint+temp
Experiment folder: /demo/ARN-LSTM/runs/NTU/RN_joint+temp
Number of reruns per dataset fold: 5
Resuming run protocol...
***** Experiment parameters *****
Configuration file: configs/NTU-V1/no-lstm/RN_joint+temp.cfg
	 Skeleton info
	 > selected_joints: ['Nose', 'Neck', 'MidHip', 'LShoulder', 'LElbow', 'LWrist', 'RShoulder', 'RElbow', 'RWrist', 'LHip', 'LKnee', 'LAnkle', 'RHip', 'RKnee', 'RAnkle']
	 > add_joint_idx: False
	 > add_body_part: False
	 > timesteps: 32
	 > skip_timesteps: None
	 > normalization: NTU
	 > sample_method: central
	 > arch: joint
	 Fusion info
	 > fusion mode: middle
	 > config_filepaths: ['configs/NTU-V1/no-lstm/RN_joint.cfg', 'configs/NTU-V1/no-lstm/RN_temp.cfg']
	 > freeze_g_theta: False
	 > fuse_at_fc1: False
	 > new_arch: True
	 > Criteria for weights: val_loss
	 > Using Temporal RN: False
	 Training options
	 > drop_rate: 0.1
	 > epochs: 200
	 > learning_rate: 0.0001
	 > checkpoint_period: 1
	 > Batch Size: 64
	 Evaluation options
	 > Pool average from videos sequences: False
Running for fold: cross_subject
fold_path:: /demo/ARN-LSTM/runs/NTU/RN_joint+temp/fold_cross_subject/
> fold weights filepaths: ['runs/NTU/RN_joint/fold_cross_subject/rerun_4/relnet_weights.hdf5', 'runs//NTU/RN_temp/fold_cross_subject/rerun_2/relnet_weights.hdf5']
> 0: ACC: 94.89% Loss: 0.1385 - MAX val_ACC: 83.52% val_Loss: 0.7003
> 1: ACC: 97.53% Loss: 0.0713 - MAX val_ACC: 83.82% val_Loss: 0.8536
> 2: ACC: 98.26% Loss: 0.0515 - MAX val_ACC: 84.08% val_Loss: 0.9469
> 3: ACC: 98.93% Loss: 0.0317 - MAX val_ACC: 83.98% val_Loss: 1.0181
> 4: ACC: 98.07% Loss: 0.0586 - MAX val_ACC: 83.82% val_Loss: 0.9608
Running for fold: cross_view
fold_path:: /demo/ARN-LSTM/runs/NTU/RN_joint+temp/fold_cross_view/
> fold weights filepaths: ['runs/NTU/RN_joint/fold_cross_view/rerun_0/relnet_weights.hdf5', 'runs//NTU/RN_temp/fold_cross_view/rerun_0/relnet_weights.hdf5']
> 0: ACC: 96.89% Loss: 0.0785 - MAX val_ACC: 85.86% val_Loss: 0.6957
> 1: ACC: 98.95% Loss: 0.0359 - MAX val_ACC: 86.23% val_Loss: 0.8112
> 2: ACC: 98.27% Loss: 0.0499 - MAX val_ACC: 86.12% val_Loss: 0.7557
> 3: ACC: 98.11% Loss: 0.0560 - MAX val_ACC: 86.00% val_Loss: 0.7675
> 4: ACC: 98.01% Loss: 0.0557 - MAX val_ACC: 86.38% val_Loss: 0.8094
+++++ Summarized results:

Summary for Dataset, Folds, Experiment:
> NTU | ['cross_subject', 'cross_view'] | RN_joint+temp
     accuracy   loss val_accuracy val_loss epoch
0      98.26% 0.0515       84.08%   0.9469   162
1      98.01% 0.0557       86.38%   0.8094   171
mean   98.14% 0.0536       85.23%   0.8781   166
std     0.18% 0.0030        1.62%   0.0972     6
Val ACC Mean: 85.23% Std: 0.0162

> Finished Run Protocol - Sat Jan 25 08:42:08 2025
> Starting Run Protocol -  Sat Jan 25 08:42:09 2025
Running for dataset: NTU-V2
Running for folds: ['cross_subject', 'cross_setup']
Experiment name: RN_joint+temp
Experiment folder: /demo/ARN-LSTM/runs/NTU-V2/RN_joint+temp
Number of reruns per dataset fold: 5
Resuming run protocol...
***** Experiment parameters *****
Configuration file: configs/NTU-V2/no-lstm/RN_joint+temp.cfg
	 Skeleton info
	 > selected_joints: ['Nose', 'Neck', 'MidHip', 'LShoulder', 'LElbow', 'LWrist', 'RShoulder', 'RElbow', 'RWrist', 'LHip', 'LKnee', 'LAnkle', 'RHip', 'RKnee', 'RAnkle']
	 > add_joint_idx: False
	 > add_body_part: False
	 > timesteps: 32
	 > skip_timesteps: None
	 > normalization: NTU
	 > sample_method: central
	 > arch: joint
	 Fusion info
	 > fusion mode: middle
	 > config_filepaths: ['configs/NTU-V2/no-lstm/RN_joint.cfg', 'configs/NTU-V2/no-lstm/RN_temp.cfg']
	 > freeze_g_theta: False
	 > fuse_at_fc1: False
	 > new_arch: True
	 > Criteria for weights: val_loss
	 > Using Temporal RN: False
	 Training options
	 > drop_rate: 0.1
	 > epochs: 200
	 > learning_rate: 0.0001
	 > checkpoint_period: 1
	 > Batch Size: 64
	 Evaluation options
	 > Pool average from videos sequences: False
Running for fold: cross_subject
fold_path:: /demo/ARN-LSTM/runs/NTU-V2/RN_joint+temp/fold_cross_subject/
> fold weights filepaths: ['runs/NTU-V2/RN_joint/fold_cross_subject/rerun_2/relnet_weights.hdf5', 'runs//NTU-V2/RN_temp/fold_cross_subject/rerun_3/relnet_weights.hdf5']
> 0: ACC: 98.36% Loss: 0.0495 - MAX val_ACC: 73.40% val_Loss: 1.9691
> 1: ACC: 98.58% Loss: 0.0440 - MAX val_ACC: 72.74% val_Loss: 1.8750
> 2: ACC: 97.90% Loss: 0.0617 - MAX val_ACC: 73.10% val_Loss: 1.8596
> 3: ACC: 98.26% Loss: 0.0559 - MAX val_ACC: 72.24% val_Loss: 1.7969
> 4: ACC: 98.06% Loss: 0.0564 - MAX val_ACC: 72.60% val_Loss: 1.9330
Running for fold: cross_setup
fold_path:: /demo/ARN-LSTM/runs/NTU-V2/RN_joint+temp/fold_cross_setup/
> fold weights filepaths: ['runs/NTU-V2/RN_joint/fold_cross_setup/rerun_3/relnet_weights.hdf5', 'runs//NTU-V2/RN_temp/fold_cross_setup/rerun_4/relnet_weights.hdf5']
> 0: ACC: 99.59% Loss: 0.0159 - MAX val_ACC: 73.59% val_Loss: 1.9529
> 1: ACC: 98.82% Loss: 0.0360 - MAX val_ACC: 73.80% val_Loss: 1.9258
> 2: ACC: 99.19% Loss: 0.0288 - MAX val_ACC: 73.98% val_Loss: 1.8725
> 3: ACC: 99.43% Loss: 0.0225 - MAX val_ACC: 74.03% val_Loss: 1.8659
> 4: ACC: 98.15% Loss: 0.0578 - MAX val_ACC: 73.31% val_Loss: 1.9758
+++++ Summarized results:

Summary for Dataset, Folds, Experiment:
> NTU-V2 | ['cross_subject', 'cross_setup'] | RN_joint+temp
     accuracy   loss val_accuracy val_loss epoch
0      98.36% 0.0495       73.40%   1.9691   193
1      99.43% 0.0225       74.03%   1.8659   175
mean   98.89% 0.0360       73.72%   1.9175   184
std     0.76% 0.0191        0.44%   0.0729    13
Val ACC Mean: 73.72% Std: 0.0044

> Finished Run Protocol - Sat Jan 25 08:42:09 2025
> Starting Run Protocol -  Sat Jan 25 08:42:10 2025
Running for dataset: SBU
Running for folds: [0 1 2 3 4]
Experiment name: ARN_joint
Experiment folder: /demo/ARN-LSTM/runs/SBU/ARN_joint
Number of reruns per dataset fold: 5
Resuming run protocol...
***** Experiment parameters *****
Configuration file: configs/SBU/no-lstm/ARN_joint.cfg
	 Skeleton info
	 > selected_joints: None
	 > add_joint_idx: False
	 > add_body_part: False
	 > timesteps: 10
	 > skip_timesteps: None
	 > normalization: None
	 > arch: joint
	 Model info
	 > rel_type: joint_stream
	 > fuse_type: None
	 > compute_distance: False
	 > compute_motion: False
	 > use_relations: True
	 > use_attention: True
	 > return_attention: False
	 > Using Temporal RN: False
	 Training options
	 > drop_rate: 0.1
	 > kernel_init_type: TruncatedNormal
	 > learning_rate: 0.0001
	 > checkpoint_period: 1
	 > kernel_init_param: 0.045
	 > epochs: 200
	 > Batch Size: 64
	 Evaluation options
	 > Pool average from videos sequences: False
Running for fold: 0
fold_path:: /demo/ARN-LSTM/runs/SBU/ARN_joint/fold_0/
> 0: ACC: 93.83% Loss: 0.1859 - MAX val_ACC: 85.45% val_Loss: 0.8575
> 1: ACC: 97.36% Loss: 0.1027 - MAX val_ACC: 87.27% val_Loss: 1.1395
> 2: ACC: 94.27% Loss: 0.1906 - MAX val_ACC: 87.27% val_Loss: 0.6071
> 3: ACC: 96.92% Loss: 0.1149 - MAX val_ACC: 89.09% val_Loss: 0.6559
> 4: ACC: 97.36% Loss: 0.0769 - MAX val_ACC: 89.09% val_Loss: 0.7505
Running for fold: 1
fold_path:: /demo/ARN-LSTM/runs/SBU/ARN_joint/fold_1/
> 0: ACC: 85.65% Loss: 0.3180 - MAX val_ACC: 90.38% val_Loss: 0.4392
> 1: ACC: 93.91% Loss: 0.1621 - MAX val_ACC: 92.31% val_Loss: 0.4184
> 2: ACC: 83.91% Loss: 0.4326 - MAX val_ACC: 92.31% val_Loss: 0.4310
> 3: ACC: 88.70% Loss: 0.3559 - MAX val_ACC: 86.54% val_Loss: 0.3601
> 4: ACC: 99.57% Loss: 0.0356 - MAX val_ACC: 98.08% val_Loss: 0.1926
Running for fold: 2
fold_path:: /demo/ARN-LSTM/runs/SBU/ARN_joint/fold_2/
> 0: ACC: 88.50% Loss: 0.2192 - MAX val_ACC: 92.86% val_Loss: 0.2353
> 1: ACC: 97.35% Loss: 0.1046 - MAX val_ACC: 94.64% val_Loss: 0.1714
> 2: ACC: 99.56% Loss: 0.0375 - MAX val_ACC: 92.86% val_Loss: 0.2921
> 3: ACC: 94.25% Loss: 0.1391 - MAX val_ACC: 94.64% val_Loss: 0.2137
> 4: ACC: 91.59% Loss: 0.1908 - MAX val_ACC: 94.64% val_Loss: 0.2348
Running for fold: 3
fold_path:: /demo/ARN-LSTM/runs/SBU/ARN_joint/fold_3/
> 0: ACC: 91.67% Loss: 0.2221 - MAX val_ACC: 96.30% val_Loss: 0.1924
> 1: ACC: 95.18% Loss: 0.1844 - MAX val_ACC: 90.74% val_Loss: 0.3697
> 2: ACC: 97.37% Loss: 0.0877 - MAX val_ACC: 94.44% val_Loss: 0.3003
> 3: ACC: 92.11% Loss: 0.2033 - MAX val_ACC: 94.44% val_Loss: 0.3505
> 4: ACC: 96.93% Loss: 0.1198 - MAX val_ACC: 88.89% val_Loss: 0.3704
Running for fold: 4
fold_path:: /demo/ARN-LSTM/runs/SBU/ARN_joint/fold_4/
> 0: ACC: 91.71% Loss: 0.2555 - MAX val_ACC: 86.15% val_Loss: 0.9574
> 1: ACC: 93.09% Loss: 0.1707 - MAX val_ACC: 80.00% val_Loss: 0.9143
> 2: ACC: 92.17% Loss: 0.2373 - MAX val_ACC: 80.00% val_Loss: 0.9321
> 3: ACC: 91.71% Loss: 0.2236 - MAX val_ACC: 81.54% val_Loss: 0.9876
> 4: ACC: 92.63% Loss: 0.2640 - MAX val_ACC: 80.00% val_Loss: 0.6827
+++++ Summarized results:

Summary for Dataset, Folds, Experiment:
> SBU | [0 1 2 3 4] | ARN_joint
     accuracy   loss val_accuracy val_loss epoch
0      96.92% 0.1149       89.09%   0.6559    99
1      99.57% 0.0356       98.08%   0.1926   173
2      97.35% 0.1046       94.64%   0.1714   189
3      91.67% 0.2221       96.30%   0.1924   108
4      91.71% 0.2555       86.15%   0.9574   153
mean   95.44% 0.1466       92.85%   0.4339   144
std     3.57% 0.0903        5.03%   0.3567    40
Val ACC Mean: 92.85% Std: 0.0503

> Finished Run Protocol - Sat Jan 25 08:42:10 2025
> Starting Run Protocol -  Sat Jan 25 08:42:11 2025
Running for dataset: SBU
Running for folds: [0 1 2 3 4]
Experiment name: ARN_temp
Experiment folder: /demo/ARN-LSTM/runs/SBU/ARN_temp
Number of reruns per dataset fold: 5
Resuming run protocol...
***** Experiment parameters *****
Configuration file: configs/SBU/no-lstm/ARN_temp.cfg
	 Skeleton info
	 > selected_joints: None
	 > add_joint_idx: False
	 > add_body_part: False
	 > timesteps: 10
	 > skip_timesteps: None
	 > normalization: None
	 > arch: temp
	 Model info
	 > rel_type: temp_stream
	 > fuse_type: None
	 > compute_distance: False
	 > compute_motion: False
	 > use_relations: True
	 > use_attention: True
	 > return_attention: False
	 > Using Temporal RN: False
	 Training options
	 > drop_rate: 0.1
	 > kernel_init_type: TruncatedNormal
	 > learning_rate: 0.0001
	 > checkpoint_period: 1
	 > kernel_init_param: 0.045
	 > epochs: 200
	 > Batch Size: 64
	 Evaluation options
	 > Pool average from videos sequences: False
Running for fold: 0
fold_path:: /demo/ARN-LSTM/runs/SBU/ARN_temp/fold_0/
> 0: ACC: 93.39% Loss: 0.2035 - MAX val_ACC: 90.91% val_Loss: 0.4391
> 1: ACC: 99.56% Loss: 0.0139 - MAX val_ACC: 92.73% val_Loss: 0.4657
> 2: ACC: 98.24% Loss: 0.0729 - MAX val_ACC: 92.73% val_Loss: 0.3521
> 3: ACC: 97.80% Loss: 0.0521 - MAX val_ACC: 90.91% val_Loss: 0.3134
> 4: ACC: 97.80% Loss: 0.0755 - MAX val_ACC: 90.91% val_Loss: 0.3789
Running for fold: 1
fold_path:: /demo/ARN-LSTM/runs/SBU/ARN_temp/fold_1/
> 0: ACC: 100.00% Loss: 0.0108 - MAX val_ACC: 100.00% val_Loss: 0.0252
> 1: ACC: 100.00% Loss: 0.0025 - MAX val_ACC: 100.00% val_Loss: 0.0164
> 2: ACC: 99.13% Loss: 0.0574 - MAX val_ACC: 98.08% val_Loss: 0.0844
> 3: ACC: 100.00% Loss: 0.0055 - MAX val_ACC: 100.00% val_Loss: 0.0424
> 4: ACC: 100.00% Loss: 0.0018 - MAX val_ACC: 100.00% val_Loss: 0.0508
Running for fold: 2
fold_path:: /demo/ARN-LSTM/runs/SBU/ARN_temp/fold_2/
> 0: ACC: 99.56% Loss: 0.0167 - MAX val_ACC: 98.21% val_Loss: 0.0792
> 1: ACC: 96.46% Loss: 0.1325 - MAX val_ACC: 94.64% val_Loss: 0.1966
> 2: ACC: 100.00% Loss: 0.0209 - MAX val_ACC: 96.43% val_Loss: 0.1830
> 3: ACC: 100.00% Loss: 0.0137 - MAX val_ACC: 92.86% val_Loss: 0.1307
> 4: ACC: 98.67% Loss: 0.0556 - MAX val_ACC: 94.64% val_Loss: 0.2714
Running for fold: 3
fold_path:: /demo/ARN-LSTM/runs/SBU/ARN_temp/fold_3/
> 0: ACC: 96.05% Loss: 0.1093 - MAX val_ACC: 90.74% val_Loss: 0.4107
> 1: ACC: 100.00% Loss: 0.0017 - MAX val_ACC: 94.44% val_Loss: 0.4317
> 2: ACC: 98.68% Loss: 0.0286 - MAX val_ACC: 96.30% val_Loss: 0.3678
> 3: ACC: 99.56% Loss: 0.0160 - MAX val_ACC: 92.59% val_Loss: 0.5011
> 4: ACC: 100.00% Loss: 0.0093 - MAX val_ACC: 94.44% val_Loss: 0.2295
Running for fold: 4
fold_path:: /demo/ARN-LSTM/runs/SBU/ARN_temp/fold_4/
> 0: ACC: 99.54% Loss: 0.0338 - MAX val_ACC: 92.31% val_Loss: 0.3216
> 1: ACC: 100.00% Loss: 0.0078 - MAX val_ACC: 96.92% val_Loss: 0.1450
> 2: ACC: 98.62% Loss: 0.0468 - MAX val_ACC: 92.31% val_Loss: 0.3169
> 3: ACC: 100.00% Loss: 0.0013 - MAX val_ACC: 92.31% val_Loss: 0.3693
> 4: ACC: 100.00% Loss: 0.0096 - MAX val_ACC: 89.23% val_Loss: 0.3365
+++++ Summarized results:

Summary for Dataset, Folds, Experiment:
> SBU | [0 1 2 3 4] | ARN_temp
     accuracy   loss val_accuracy val_loss epoch
0      98.24% 0.0729       92.73%   0.3521    79
1     100.00% 0.0025      100.00%   0.0164   144
2      99.56% 0.0167       98.21%   0.0792    91
3      98.68% 0.0286       96.30%   0.3678    86
4     100.00% 0.0078       96.92%   0.1450   123
mean   99.30% 0.0257       96.83%   0.1921   105
std     0.80% 0.0282        2.70%   0.1599    28
Val ACC Mean: 96.83% Std: 0.0270

> Finished Run Protocol - Sat Jan 25 08:42:11 2025
> Starting Run Protocol -  Sat Jan 25 08:42:12 2025
Running for dataset: SBU
Running for folds: [0 1 2 3 4]
Experiment name: ARN_joint+temp
Experiment folder: /demo/ARN-LSTM/runs/SBU/ARN_joint+temp
Number of reruns per dataset fold: 5
Resuming run protocol...
***** Experiment parameters *****
Configuration file: configs/SBU/no-lstm/ARN_joint+temp.cfg
	 Skeleton info
	 > selected_joints: None
	 > add_joint_idx: False
	 > add_body_part: False
	 > timesteps: 10
	 > skip_timesteps: None
	 > normalization: None
	 > arch: joint
	 Fusion info
	 > fusion mode: middle
	 > config_filepaths: ['configs/SBU/no-lstm/ARN_joint.cfg', 'configs/SBU/no-lstm/ARN_temp.cfg']
	 > freeze_g_theta: False
	 > fuse_at_fc1: False
	 > new_arch: True
	 > Criteria for weights: val_loss
	 > Using Temporal RN: False
	 Training options
	 > drop_rate: 0.1
	 > epochs: 150
	 > learning_rate: 0.0001
	 > checkpoint_period: 1
	 > Batch Size: 64
	 Evaluation options
	 > Pool average from videos sequences: False
Running for fold: 0
fold_path:: /demo/ARN-LSTM/runs/SBU/ARN_joint+temp/fold_0/
> fold weights filepaths: ['runs/SBU/ARN_joint/fold_0/rerun_4/relnet_weights.hdf5', 'runs/SBU/ARN_temp/fold_0/rerun_3/relnet_weights.hdf5']
> 0: ACC: 100.00% Loss: 0.0129 - MAX val_ACC: 85.45% val_Loss: 0.4680
> 1: ACC: 100.00% Loss: 0.0153 - MAX val_ACC: 90.91% val_Loss: 0.4512
> 2: ACC: 96.04% Loss: 0.1094 - MAX val_ACC: 90.91% val_Loss: 0.5663
> 3: ACC: 85.02% Loss: 0.4012 - MAX val_ACC: 85.45% val_Loss: 0.5076
> 4: ACC: 97.36% Loss: 0.0877 - MAX val_ACC: 85.45% val_Loss: 0.5295
Running for fold: 1
fold_path:: /demo/ARN-LSTM/runs/SBU/ARN_joint+temp/fold_1/
> fold weights filepaths: ['runs/SBU/ARN_joint/fold_1/rerun_4/relnet_weights.hdf5', 'runs/SBU/ARN_temp/fold_1/rerun_1/relnet_weights.hdf5']
> 0: ACC: 100.00% Loss: 0.0003 - MAX val_ACC: 100.00% val_Loss: 0.0224
> 1: ACC: 100.00% Loss: 0.0217 - MAX val_ACC: 96.15% val_Loss: 0.1097
> 2: ACC: 100.00% Loss: 0.0111 - MAX val_ACC: 100.00% val_Loss: 0.0322
> 3: ACC: 100.00% Loss: 0.0011 - MAX val_ACC: 100.00% val_Loss: 0.0268
> 4: ACC: 100.00% Loss: 0.0172 - MAX val_ACC: 98.08% val_Loss: 0.0750
Running for fold: 2
fold_path:: /demo/ARN-LSTM/runs/SBU/ARN_joint+temp/fold_2/
> fold weights filepaths: ['runs/SBU/ARN_joint/fold_2/rerun_1/relnet_weights.hdf5', 'runs/SBU/ARN_temp/fold_2/rerun_0/relnet_weights.hdf5']
> 0: ACC: 99.12% Loss: 0.0478 - MAX val_ACC: 94.64% val_Loss: 0.1608
> 1: ACC: 100.00% Loss: 0.0052 - MAX val_ACC: 100.00% val_Loss: 0.0472
> 2: ACC: 100.00% Loss: 0.0083 - MAX val_ACC: 94.64% val_Loss: 0.1511
> 3: ACC: 100.00% Loss: 0.0136 - MAX val_ACC: 98.21% val_Loss: 0.1305
> 4: ACC: 100.00% Loss: 0.0074 - MAX val_ACC: 92.86% val_Loss: 0.3486
Running for fold: 3
fold_path:: /demo/ARN-LSTM/runs/SBU/ARN_joint+temp/fold_3/
> fold weights filepaths: ['runs/SBU/ARN_joint/fold_3/rerun_0/relnet_weights.hdf5', 'runs/SBU/ARN_temp/fold_3/rerun_4/relnet_weights.hdf5']
> 0: ACC: 99.12% Loss: 0.0282 - MAX val_ACC: 96.30% val_Loss: 0.2922
> 1: ACC: 100.00% Loss: 0.0066 - MAX val_ACC: 94.44% val_Loss: 0.3112
> 2: ACC: 100.00% Loss: 0.0082 - MAX val_ACC: 94.44% val_Loss: 0.4129
> 3: ACC: 92.98% Loss: 0.2489 - MAX val_ACC: 90.74% val_Loss: 0.4152
> 4: ACC: 99.12% Loss: 0.0229 - MAX val_ACC: 94.44% val_Loss: 0.3025
Running for fold: 4
fold_path:: /demo/ARN-LSTM/runs/SBU/ARN_joint+temp/fold_4/
> fold weights filepaths: ['runs/SBU/ARN_joint/fold_4/rerun_0/relnet_weights.hdf5', 'runs/SBU/ARN_temp/fold_4/rerun_1/relnet_weights.hdf5']
> 0: ACC: 100.00% Loss: 0.0025 - MAX val_ACC: 86.15% val_Loss: 0.5370
> 1: ACC: 100.00% Loss: 0.0086 - MAX val_ACC: 92.31% val_Loss: 0.3565
> 2: ACC: 100.00% Loss: 0.0004 - MAX val_ACC: 87.69% val_Loss: 0.4261
> 3: ACC: 100.00% Loss: 0.0224 - MAX val_ACC: 89.23% val_Loss: 0.3327
> 4: ACC: 100.00% Loss: 0.0003 - MAX val_ACC: 87.69% val_Loss: 0.4351
+++++ Summarized results:

Summary for Dataset, Folds, Experiment:
> SBU | [0 1 2 3 4] | ARN_joint+temp
     accuracy   loss val_accuracy val_loss epoch
0     100.00% 0.0153       90.91%   0.4512    16
1     100.00% 0.0003      100.00%   0.0224   150
2     100.00% 0.0052      100.00%   0.0472    87
3      99.12% 0.0282       96.30%   0.2922    46
4     100.00% 0.0086       92.31%   0.3565    40
mean   99.82% 0.0115       95.90%   0.2339    68
std     0.39% 0.0108        4.23%   0.1905    53
Val ACC Mean: 95.90% Std: 0.0423

> Finished Run Protocol - Sat Jan 25 08:42:12 2025
> Starting Run Protocol -  Sat Jan 25 08:42:13 2025
Running for dataset: SBU
Running for folds: [0 1 2 3 4]
Experiment name: ARN-fc1_joint+temp
Experiment folder: /demo/ARN-LSTM/runs/SBU/ARN-fc1_joint+temp
Number of reruns per dataset fold: 5
Resuming run protocol...
***** Experiment parameters *****
Configuration file: configs/SBU/no-lstm/ARN-fc1_joint+temp.cfg
	 Skeleton info
	 > selected_joints: None
	 > add_joint_idx: False
	 > add_body_part: False
	 > timesteps: 10
	 > skip_timesteps: None
	 > normalization: None
	 > arch: joint
	 Fusion info
	 > fusion mode: middle
	 > config_filepaths: ['configs/SBU/no-lstm/ARN_joint.cfg', 'configs/SBU/no-lstm/ARN_temp.cfg']
	 > freeze_g_theta: False
	 > fuse_at_fc1: True
	 > new_arch: True
	 > Criteria for weights: val_loss
	 > Using Temporal RN: False
	 Training options
	 > drop_rate: 0.1
	 > epochs: 150
	 > learning_rate: 0.0001
	 > checkpoint_period: 1
	 > Batch Size: 64
	 Evaluation options
	 > Pool average from videos sequences: False
Running for fold: 0
fold_path:: /demo/ARN-LSTM/runs/SBU/ARN-fc1_joint+temp/fold_0/
> fold weights filepaths: ['runs/SBU/ARN_joint/fold_0/rerun_4/relnet_weights.hdf5', 'runs/SBU/ARN_temp/fold_0/rerun_3/relnet_weights.hdf5']
> 0: ACC: 100.00% Loss: 0.0127 - MAX val_ACC: 87.27% val_Loss: 0.5372
> 1: ACC: 97.36% Loss: 0.1071 - MAX val_ACC: 87.27% val_Loss: 0.3888
> 2: ACC: 100.00% Loss: 0.0085 - MAX val_ACC: 85.45% val_Loss: 0.5457
> 3: ACC: 95.59% Loss: 0.1199 - MAX val_ACC: 92.73% val_Loss: 0.4602
> 4: ACC: 100.00% Loss: 0.0045 - MAX val_ACC: 87.27% val_Loss: 0.6021
Running for fold: 1
fold_path:: /demo/ARN-LSTM/runs/SBU/ARN-fc1_joint+temp/fold_1/
> fold weights filepaths: ['runs/SBU/ARN_joint/fold_1/rerun_4/relnet_weights.hdf5', 'runs/SBU/ARN_temp/fold_1/rerun_1/relnet_weights.hdf5']
> 0: ACC: 95.65% Loss: 0.1375 - MAX val_ACC: 98.08% val_Loss: 0.0612
> 1: ACC: 100.00% Loss: 0.0016 - MAX val_ACC: 100.00% val_Loss: 0.0416
> 2: ACC: 100.00% Loss: 0.0017 - MAX val_ACC: 98.08% val_Loss: 0.1023
> 3: ACC: 100.00% Loss: 0.0005 - MAX val_ACC: 100.00% val_Loss: 0.0158
> 4: ACC: 100.00% Loss: 0.0054 - MAX val_ACC: 98.08% val_Loss: 0.0593
Running for fold: 2
fold_path:: /demo/ARN-LSTM/runs/SBU/ARN-fc1_joint+temp/fold_2/
> fold weights filepaths: ['runs/SBU/ARN_joint/fold_2/rerun_1/relnet_weights.hdf5', 'runs/SBU/ARN_temp/fold_2/rerun_0/relnet_weights.hdf5']
> 0: ACC: 98.23% Loss: 0.0966 - MAX val_ACC: 96.43% val_Loss: 0.1976
> 1: ACC: 100.00% Loss: 0.0165 - MAX val_ACC: 96.43% val_Loss: 0.1323
> 2: ACC: 99.12% Loss: 0.0570 - MAX val_ACC: 96.43% val_Loss: 0.1680
> 3: ACC: 100.00% Loss: 0.0131 - MAX val_ACC: 96.43% val_Loss: 0.0928
> 4: ACC: 99.12% Loss: 0.0507 - MAX val_ACC: 96.43% val_Loss: 0.0976
Running for fold: 3
fold_path:: /demo/ARN-LSTM/runs/SBU/ARN-fc1_joint+temp/fold_3/
> fold weights filepaths: ['runs/SBU/ARN_joint/fold_3/rerun_0/relnet_weights.hdf5', 'runs/SBU/ARN_temp/fold_3/rerun_4/relnet_weights.hdf5']
> 0: ACC: 99.56% Loss: 0.0258 - MAX val_ACC: 96.30% val_Loss: 0.1755
> 1: ACC: 100.00% Loss: 0.0073 - MAX val_ACC: 94.44% val_Loss: 0.4290
> 2: ACC: 96.93% Loss: 0.0910 - MAX val_ACC: 94.44% val_Loss: 0.3205
> 3: ACC: 100.00% Loss: 0.0093 - MAX val_ACC: 94.44% val_Loss: 0.2156
> 4: ACC: 99.56% Loss: 0.0190 - MAX val_ACC: 92.59% val_Loss: 0.3346
Running for fold: 4
fold_path:: /demo/ARN-LSTM/runs/SBU/ARN-fc1_joint+temp/fold_4/
> fold weights filepaths: ['runs/SBU/ARN_joint/fold_4/rerun_0/relnet_weights.hdf5', 'runs/SBU/ARN_temp/fold_4/rerun_1/relnet_weights.hdf5']
> 0: ACC: 100.00% Loss: 0.0018 - MAX val_ACC: 90.77% val_Loss: 0.4437
> 1: ACC: 100.00% Loss: 0.0200 - MAX val_ACC: 93.85% val_Loss: 0.2438
> 2: ACC: 99.08% Loss: 0.0167 - MAX val_ACC: 93.85% val_Loss: 0.3941
> 3: ACC: 97.24% Loss: 0.1248 - MAX val_ACC: 90.77% val_Loss: 0.4728
> 4: ACC: 99.08% Loss: 0.0220 - MAX val_ACC: 92.31% val_Loss: 0.2591
+++++ Summarized results:

Summary for Dataset, Folds, Experiment:
> SBU | [0 1 2 3 4] | ARN-fc1_joint+temp
     accuracy   loss val_accuracy val_loss epoch
0      95.59% 0.1199       92.73%   0.4602    54
1     100.00% 0.0005      100.00%   0.0158   102
2     100.00% 0.0131       96.43%   0.0928    23
3      99.56% 0.0258       96.30%   0.1755    32
4     100.00% 0.0200       93.85%   0.2438    23
mean   99.03% 0.0358       95.86%   0.1976    47
std     1.93% 0.0479        2.81%   0.1700    33
Val ACC Mean: 95.86% Std: 0.0281

> Finished Run Protocol - Sat Jan 25 08:42:13 2025
> Starting Run Protocol -  Sat Jan 25 08:42:14 2025
Running for dataset: UT-1
Running for folds: [0 1 2 3 4 5 6 7 8 9]
Experiment name: ARN_joint
Experiment folder: /demo/ARN-LSTM/runs/UT-1/ARN_joint
Number of reruns per dataset fold: 5
Resuming run protocol...
***** Experiment parameters *****
Configuration file: configs/UT/set_1/ARN_joint.cfg
	 Skeleton info
	 > selected_joints: ['Nose', 'Neck', 'MidHip', 'LShoulder', 'LElbow', 'LWrist', 'RShoulder', 'RElbow', 'RWrist', 'LHip', 'LKnee', 'LAnkle', 'RHip', 'RKnee', 'RAnkle']
	 > add_joint_idx: False
	 > add_body_part: False
	 > timesteps: 32
	 > skip_timesteps: None
	 > normalization: None
	 > sample_method: central
	 > arch: joint
	 Model info
	 > rel_type: joint_stream
	 > fuse_type: None
	 > compute_distance: False
	 > compute_motion: False
	 > use_relations: True
	 > use_attention: True
	 > return_attention: False
	 > Using Temporal RN: False
	 Training options
	 > drop_rate: 0.1
	 > kernel_init_type: TruncatedNormal
	 > learning_rate: 0.0001
	 > checkpoint_period: 1
	 > kernel_init_param: 0.045
	 > epochs: 200
	 > Batch Size: 64
	 Evaluation options
	 > Pool average from videos sequences: False
Running for fold: 0
fold_path:: /demo/ARN-LSTM/runs/UT-1/ARN_joint/fold_0/
> 0: ACC: 100.00% Loss: 0.0460 - MAX val_ACC: 83.33% val_Loss: 0.3233
> 1: ACC: 100.00% Loss: 0.0007 - MAX val_ACC: 100.00% val_Loss: 0.1016
> 2: ACC: 100.00% Loss: 0.0085 - MAX val_ACC: 100.00% val_Loss: 0.1246
> 3: ACC: 100.00% Loss: 0.0283 - MAX val_ACC: 100.00% val_Loss: 0.0975
> 4: ACC: 96.30% Loss: 0.1425 - MAX val_ACC: 100.00% val_Loss: 0.4205
Running for fold: 1
fold_path:: /demo/ARN-LSTM/runs/UT-1/ARN_joint/fold_1/
> 0: ACC: 85.19% Loss: 0.5609 - MAX val_ACC: 83.33% val_Loss: 0.9200
> 1: ACC: 100.00% Loss: 0.0556 - MAX val_ACC: 83.33% val_Loss: 1.0100
> 2: ACC: 92.59% Loss: 0.2715 - MAX val_ACC: 83.33% val_Loss: 1.1830
> 3: ACC: 77.78% Loss: 0.6484 - MAX val_ACC: 66.67% val_Loss: 1.1539
> 4: ACC: 57.41% Loss: 1.0842 - MAX val_ACC: 83.33% val_Loss: 1.2873
Running for fold: 2
fold_path:: /demo/ARN-LSTM/runs/UT-1/ARN_joint/fold_2/
> 0: ACC: 100.00% Loss: 0.0572 - MAX val_ACC: 100.00% val_Loss: 0.2381
> 1: ACC: 100.00% Loss: 0.0129 - MAX val_ACC: 83.33% val_Loss: 0.3131
> 2: ACC: 100.00% Loss: 0.0242 - MAX val_ACC: 83.33% val_Loss: 0.2639
> 3: ACC: 85.19% Loss: 0.3635 - MAX val_ACC: 83.33% val_Loss: 0.5281
> 4: ACC: 100.00% Loss: 0.0178 - MAX val_ACC: 100.00% val_Loss: 0.1000
Running for fold: 3
fold_path:: /demo/ARN-LSTM/runs/UT-1/ARN_joint/fold_3/
> 0: ACC: 87.04% Loss: 0.4144 - MAX val_ACC: 66.67% val_Loss: 0.7890
> 1: ACC: 100.00% Loss: 0.0113 - MAX val_ACC: 100.00% val_Loss: 0.1270
> 2: ACC: 83.33% Loss: 0.7058 - MAX val_ACC: 100.00% val_Loss: 0.7198
> 3: ACC: 100.00% Loss: 0.0199 - MAX val_ACC: 100.00% val_Loss: 0.2630
> 4: ACC: 100.00% Loss: 0.0222 - MAX val_ACC: 100.00% val_Loss: 0.1498
Running for fold: 4
fold_path:: /demo/ARN-LSTM/runs/UT-1/ARN_joint/fold_4/
> 0: ACC: 100.00% Loss: 0.0503 - MAX val_ACC: 83.33% val_Loss: 0.9033
> 1: ACC: 83.33% Loss: 0.4450 - MAX val_ACC: 66.67% val_Loss: 0.8298
> 2: ACC: 66.67% Loss: 0.9926 - MAX val_ACC: 83.33% val_Loss: 1.0150
> 3: ACC: 94.44% Loss: 0.2680 - MAX val_ACC: 66.67% val_Loss: 2.0241
> 4: ACC: 100.00% Loss: 0.0717 - MAX val_ACC: 83.33% val_Loss: 0.8698
Running for fold: 5
fold_path:: /demo/ARN-LSTM/runs/UT-1/ARN_joint/fold_5/
> 0: ACC: 87.27% Loss: 0.4719 - MAX val_ACC: 80.00% val_Loss: 0.9966
> 1: ACC: 100.00% Loss: 0.0090 - MAX val_ACC: 80.00% val_Loss: 0.4583
> 2: ACC: 90.91% Loss: 0.2497 - MAX val_ACC: 80.00% val_Loss: 0.9149
> 3: ACC: 100.00% Loss: 0.0328 - MAX val_ACC: 80.00% val_Loss: 0.7345
> 4: ACC: 100.00% Loss: 0.0116 - MAX val_ACC: 60.00% val_Loss: 0.7017
Running for fold: 6
fold_path:: /demo/ARN-LSTM/runs/UT-1/ARN_joint/fold_6/
> 0: ACC: 48.15% Loss: 1.4254 - MAX val_ACC: 66.67% val_Loss: 1.2774
> 1: ACC: 85.19% Loss: 0.3889 - MAX val_ACC: 66.67% val_Loss: 1.0756
> 2: ACC: 77.78% Loss: 0.6916 - MAX val_ACC: 66.67% val_Loss: 0.9653
> 3: ACC: 100.00% Loss: 0.0264 - MAX val_ACC: 83.33% val_Loss: 0.3994
> 4: ACC: 53.70% Loss: 1.2344 - MAX val_ACC: 83.33% val_Loss: 1.1760
Running for fold: 7
fold_path:: /demo/ARN-LSTM/runs/UT-1/ARN_joint/fold_7/
> 0: ACC: 96.23% Loss: 0.2631 - MAX val_ACC: 71.43% val_Loss: 0.8963
> 1: ACC: 98.11% Loss: 0.1934 - MAX val_ACC: 71.43% val_Loss: 0.9795
> 2: ACC: 45.28% Loss: 1.4536 - MAX val_ACC: 85.71% val_Loss: 1.3363
> 3: ACC: 83.02% Loss: 0.6084 - MAX val_ACC: 71.43% val_Loss: 0.9058
> 4: ACC: 100.00% Loss: 0.0788 - MAX val_ACC: 71.43% val_Loss: 0.7807
Running for fold: 8
fold_path:: /demo/ARN-LSTM/runs/UT-1/ARN_joint/fold_8/
> 0: ACC: 98.15% Loss: 0.0654 - MAX val_ACC: 83.33% val_Loss: 0.9734
> 1: ACC: 100.00% Loss: 0.0345 - MAX val_ACC: 83.33% val_Loss: 0.6424
> 2: ACC: 98.15% Loss: 0.1221 - MAX val_ACC: 83.33% val_Loss: 1.0722
> 3: ACC: 87.04% Loss: 0.4457 - MAX val_ACC: 83.33% val_Loss: 0.8954
> 4: ACC: 90.74% Loss: 0.3960 - MAX val_ACC: 83.33% val_Loss: 0.8745
Running for fold: 9
fold_path:: /demo/ARN-LSTM/runs/UT-1/ARN_joint/fold_9/
> 0: ACC: 33.33% Loss: 1.6699 - MAX val_ACC: 66.67% val_Loss: 1.6246
> 1: ACC: 72.22% Loss: 0.6501 - MAX val_ACC: 66.67% val_Loss: 0.9230
> 2: ACC: 64.81% Loss: 1.1852 - MAX val_ACC: 66.67% val_Loss: 1.3257
> 3: ACC: 81.48% Loss: 0.6878 - MAX val_ACC: 66.67% val_Loss: 1.3016
> 4: ACC: 64.81% Loss: 1.1393 - MAX val_ACC: 50.00% val_Loss: 1.3753
+++++ Summarized results:

Summary for Dataset, Folds, Experiment:
> UT | [0 1 2 3 4 5 6 7 8 9] | ARN_joint
     accuracy   loss val_accuracy val_loss epoch
0     100.00% 0.0283      100.00%   0.0975    70
1      85.19% 0.5609       83.33%   0.9200    24
2     100.00% 0.0178      100.00%   0.1000    75
3     100.00% 0.0113      100.00%   0.1270    86
4     100.00% 0.0717       83.33%   0.8698    51
5     100.00% 0.0090       80.00%   0.4583    84
6     100.00% 0.0264       83.33%   0.3994    92
7      45.28% 1.4536       85.71%   1.3363     6
8     100.00% 0.0345       83.33%   0.6424    66
9      72.22% 0.6501       66.67%   0.9230    17
mean   90.27% 0.2864       86.57%   0.5874    57
std    18.37% 0.4759       10.66%   0.4227    31
Val ACC Mean: 86.57% Std: 0.1066

> Finished Run Protocol - Sat Jan 25 08:42:14 2025
> Starting Run Protocol -  Sat Jan 25 08:42:15 2025
Running for dataset: UT-2
Running for folds: [10 11 12 13 14 15 16 17 18 19]
Experiment name: ARN_joint
Experiment folder: /demo/ARN-LSTM/runs/UT-2/ARN_joint
Number of reruns per dataset fold: 5
Resuming run protocol...
***** Experiment parameters *****
Configuration file: configs/UT/set_2/ARN_joint.cfg
	 Skeleton info
	 > selected_joints: ['Nose', 'Neck', 'MidHip', 'LShoulder', 'LElbow', 'LWrist', 'RShoulder', 'RElbow', 'RWrist', 'LHip', 'LKnee', 'LAnkle', 'RHip', 'RKnee', 'RAnkle']
	 > add_joint_idx: False
	 > add_body_part: False
	 > timesteps: 32
	 > skip_timesteps: None
	 > normalization: None
	 > sample_method: central
	 > arch: joint
	 Model info
	 > rel_type: joint_stream
	 > fuse_type: None
	 > compute_distance: False
	 > compute_motion: False
	 > use_relations: True
	 > use_attention: True
	 > return_attention: False
	 > Using Temporal RN: False
	 Training options
	 > drop_rate: 0.1
	 > kernel_init_type: TruncatedNormal
	 > learning_rate: 0.0001
	 > checkpoint_period: 1
	 > kernel_init_param: 0.045
	 > epochs: 200
	 > Batch Size: 64
	 Evaluation options
	 > Pool average from videos sequences: False
Running for fold: 10
fold_path:: /demo/ARN-LSTM/runs/UT-2/ARN_joint/fold_10/
> 0: ACC: 85.19% Loss: 0.6273 - MAX val_ACC: 66.67% val_Loss: 1.1299
> 1: ACC: 92.59% Loss: 0.2356 - MAX val_ACC: 66.67% val_Loss: 1.0117
> 2: ACC: 100.00% Loss: 0.1330 - MAX val_ACC: 83.33% val_Loss: 0.6245
> 3: ACC: 64.81% Loss: 0.9001 - MAX val_ACC: 50.00% val_Loss: 1.1199
> 4: ACC: 79.63% Loss: 0.5765 - MAX val_ACC: 66.67% val_Loss: 0.9594
Running for fold: 11
fold_path:: /demo/ARN-LSTM/runs/UT-2/ARN_joint/fold_11/
> 0: ACC: 100.00% Loss: 0.0023 - MAX val_ACC: 66.67% val_Loss: 1.4070
> 1: ACC: 51.85% Loss: 1.0604 - MAX val_ACC: 83.33% val_Loss: 1.0632
> 2: ACC: 79.63% Loss: 0.5815 - MAX val_ACC: 66.67% val_Loss: 0.9684
> 3: ACC: 77.78% Loss: 0.7144 - MAX val_ACC: 83.33% val_Loss: 1.0068
> 4: ACC: 88.89% Loss: 0.4270 - MAX val_ACC: 83.33% val_Loss: 0.8264
Running for fold: 12
fold_path:: /demo/ARN-LSTM/runs/UT-2/ARN_joint/fold_12/
> 0: ACC: 92.59% Loss: 0.3359 - MAX val_ACC: 83.33% val_Loss: 1.0504
> 1: ACC: 64.81% Loss: 0.9472 - MAX val_ACC: 66.67% val_Loss: 0.9977
> 2: ACC: 62.96% Loss: 1.0083 - MAX val_ACC: 66.67% val_Loss: 1.2500
> 3: ACC: 62.96% Loss: 1.0311 - MAX val_ACC: 50.00% val_Loss: 1.2190
> 4: ACC: 70.37% Loss: 0.8825 - MAX val_ACC: 66.67% val_Loss: 1.1997
Running for fold: 13
fold_path:: /demo/ARN-LSTM/runs/UT-2/ARN_joint/fold_13/
> 0: ACC: 92.59% Loss: 0.2157 - MAX val_ACC: 83.33% val_Loss: 0.5046
> 1: ACC: 100.00% Loss: 0.0110 - MAX val_ACC: 100.00% val_Loss: 0.2129
> 2: ACC: 100.00% Loss: 0.0205 - MAX val_ACC: 100.00% val_Loss: 0.2631
> 3: ACC: 75.93% Loss: 0.8643 - MAX val_ACC: 83.33% val_Loss: 0.6908
> 4: ACC: 74.07% Loss: 0.7255 - MAX val_ACC: 66.67% val_Loss: 0.5262
Running for fold: 14
fold_path:: /demo/ARN-LSTM/runs/UT-2/ARN_joint/fold_14/
> 0: ACC: 94.44% Loss: 0.3647 - MAX val_ACC: 66.67% val_Loss: 1.2005
> 1: ACC: 100.00% Loss: 0.0056 - MAX val_ACC: 83.33% val_Loss: 0.6628
> 2: ACC: 92.59% Loss: 0.2168 - MAX val_ACC: 66.67% val_Loss: 1.5071
> 3: ACC: 90.74% Loss: 0.4170 - MAX val_ACC: 66.67% val_Loss: 0.8787
> 4: ACC: 83.33% Loss: 0.5028 - MAX val_ACC: 83.33% val_Loss: 0.8555
Running for fold: 15
fold_path:: /demo/ARN-LSTM/runs/UT-2/ARN_joint/fold_15/
> 0: ACC: 100.00% Loss: 0.1268 - MAX val_ACC: 66.67% val_Loss: 0.9594
> 1: ACC: 74.07% Loss: 0.6256 - MAX val_ACC: 50.00% val_Loss: 1.0977
> 2: ACC: 87.04% Loss: 0.3425 - MAX val_ACC: 50.00% val_Loss: 1.1516
> 3: ACC: 55.56% Loss: 1.0364 - MAX val_ACC: 66.67% val_Loss: 1.0560
> 4: ACC: 79.63% Loss: 0.5480 - MAX val_ACC: 66.67% val_Loss: 0.8827
Running for fold: 16
fold_path:: /demo/ARN-LSTM/runs/UT-2/ARN_joint/fold_16/
> 0: ACC: 100.00% Loss: 0.0592 - MAX val_ACC: 100.00% val_Loss: 0.2601
> 1: ACC: 100.00% Loss: 0.0239 - MAX val_ACC: 100.00% val_Loss: 0.0951
> 2: ACC: 100.00% Loss: 0.0023 - MAX val_ACC: 100.00% val_Loss: 0.1531
> 3: ACC: 98.15% Loss: 0.0467 - MAX val_ACC: 83.33% val_Loss: 0.4512
> 4: ACC: 100.00% Loss: 0.0535 - MAX val_ACC: 100.00% val_Loss: 0.5000
Running for fold: 17
fold_path:: /demo/ARN-LSTM/runs/UT-2/ARN_joint/fold_17/
> 0: ACC: 68.52% Loss: 0.8636 - MAX val_ACC: 83.33% val_Loss: 0.8853
> 1: ACC: 96.30% Loss: 0.2016 - MAX val_ACC: 66.67% val_Loss: 1.2746
> 2: ACC: 94.44% Loss: 0.2662 - MAX val_ACC: 66.67% val_Loss: 0.7282
> 3: ACC: 68.52% Loss: 0.9415 - MAX val_ACC: 83.33% val_Loss: 0.8232
> 4: ACC: 92.59% Loss: 0.3105 - MAX val_ACC: 100.00% val_Loss: 0.6306
Running for fold: 18
fold_path:: /demo/ARN-LSTM/runs/UT-2/ARN_joint/fold_18/
> 0: ACC: 70.37% Loss: 0.7671 - MAX val_ACC: 50.00% val_Loss: 1.3295
> 1: ACC: 61.11% Loss: 1.1544 - MAX val_ACC: 50.00% val_Loss: 1.8599
> 2: ACC: 68.52% Loss: 0.7666 - MAX val_ACC: 66.67% val_Loss: 1.8673
> 3: ACC: 83.33% Loss: 0.3859 - MAX val_ACC: 66.67% val_Loss: 1.3981
> 4: ACC: 96.30% Loss: 0.1824 - MAX val_ACC: 66.67% val_Loss: 0.8117
Running for fold: 19
fold_path:: /demo/ARN-LSTM/runs/UT-2/ARN_joint/fold_19/
> 0: ACC: 68.52% Loss: 0.6842 - MAX val_ACC: 66.67% val_Loss: 1.1362
> 1: ACC: 81.48% Loss: 0.7629 - MAX val_ACC: 66.67% val_Loss: 1.1986
> 2: ACC: 75.93% Loss: 0.5916 - MAX val_ACC: 66.67% val_Loss: 1.1173
> 3: ACC: 51.85% Loss: 1.1872 - MAX val_ACC: 83.33% val_Loss: 1.0629
> 4: ACC: 81.48% Loss: 0.4502 - MAX val_ACC: 66.67% val_Loss: 0.9735
+++++ Summarized results:

Summary for Dataset, Folds, Experiment:
> UT | [10 11 12 13 14 15 16 17 18 19] | ARN_joint
     accuracy   loss val_accuracy val_loss epoch
0     100.00% 0.1330       83.33%   0.6245    54
1      88.89% 0.4270       83.33%   0.8264    29
2      92.59% 0.3359       83.33%   1.0504    34
3     100.00% 0.0110      100.00%   0.2129    78
4     100.00% 0.0056       83.33%   0.6628   115
5      79.63% 0.5480       66.67%   0.8827    26
6     100.00% 0.0239      100.00%   0.0951    78
7      92.59% 0.3105      100.00%   0.6306    31
8      96.30% 0.1824       66.67%   0.8117    49
9      51.85% 1.1872       83.33%   1.0629    13
mean   90.19% 0.3165       85.00%   0.6860    51
std    14.97% 0.3577       12.30%   0.3213    31
Val ACC Mean: 85.00% Std: 0.1230

> Finished Run Protocol - Sat Jan 25 08:42:15 2025
> Starting Run Protocol -  Sat Jan 25 08:42:16 2025
Running for dataset: UT-1
Running for folds: [0 1 2 3 4 5 6 7 8 9]
Experiment name: ARN_temp
Experiment folder: /demo/ARN-LSTM/runs/UT-1/ARN_temp
Number of reruns per dataset fold: 5
Resuming run protocol...
***** Experiment parameters *****
Configuration file: configs/UT/set_1/ARN_temp.cfg
	 Skeleton info
	 > selected_joints: ['Nose', 'Neck', 'MidHip', 'LShoulder', 'LElbow', 'LWrist', 'RShoulder', 'RElbow', 'RWrist', 'LHip', 'LKnee', 'LAnkle', 'RHip', 'RKnee', 'RAnkle']
	 > add_joint_idx: False
	 > add_body_part: False
	 > timesteps: 32
	 > skip_timesteps: None
	 > normalization: None
	 > sample_method: central
	 > arch: temp
	 Model info
	 > rel_type: temp_stream
	 > fuse_type: None
	 > compute_distance: False
	 > compute_motion: False
	 > use_relations: True
	 > use_attention: True
	 > return_attention: False
	 > Using Temporal RN: False
	 Training options
	 > drop_rate: 0.1
	 > kernel_init_type: TruncatedNormal
	 > learning_rate: 0.0001
	 > checkpoint_period: 1
	 > kernel_init_param: 0.045
	 > epochs: 200
	 > Batch Size: 64
	 Evaluation options
	 > Pool average from videos sequences: False
Running for fold: 0
fold_path:: /demo/ARN-LSTM/runs/UT-1/ARN_temp/fold_0/
> 0: ACC: 100.00% Loss: 0.0021 - MAX val_ACC: 100.00% val_Loss: 0.0012
> 1: ACC: 100.00% Loss: 0.0155 - MAX val_ACC: 100.00% val_Loss: 0.0039
> 2: ACC: 100.00% Loss: 0.0027 - MAX val_ACC: 100.00% val_Loss: 0.0010
> 3: ACC: 100.00% Loss: 0.0013 - MAX val_ACC: 100.00% val_Loss: 0.0001
> 4: ACC: 100.00% Loss: 0.0057 - MAX val_ACC: 100.00% val_Loss: 0.0002
Running for fold: 1
fold_path:: /demo/ARN-LSTM/runs/UT-1/ARN_temp/fold_1/
> 0: ACC: 90.74% Loss: 0.2956 - MAX val_ACC: 83.33% val_Loss: 0.8758
> 1: ACC: 98.15% Loss: 0.0982 - MAX val_ACC: 83.33% val_Loss: 0.6670
> 2: ACC: 100.00% Loss: 0.0518 - MAX val_ACC: 83.33% val_Loss: 0.7266
> 3: ACC: 100.00% Loss: 0.0546 - MAX val_ACC: 66.67% val_Loss: 0.5894
> 4: ACC: 77.78% Loss: 0.7119 - MAX val_ACC: 66.67% val_Loss: 0.7611
Running for fold: 2
fold_path:: /demo/ARN-LSTM/runs/UT-1/ARN_temp/fold_2/
> 0: ACC: 100.00% Loss: 0.1272 - MAX val_ACC: 83.33% val_Loss: 0.5096
> 1: ACC: 100.00% Loss: 0.0161 - MAX val_ACC: 100.00% val_Loss: 0.0019
> 2: ACC: 100.00% Loss: 0.0072 - MAX val_ACC: 100.00% val_Loss: 0.0093
> 3: ACC: 100.00% Loss: 0.0161 - MAX val_ACC: 100.00% val_Loss: 0.0026
> 4: ACC: 100.00% Loss: 0.0236 - MAX val_ACC: 100.00% val_Loss: 0.0042
Running for fold: 3
fold_path:: /demo/ARN-LSTM/runs/UT-1/ARN_temp/fold_3/
> 0: ACC: 100.00% Loss: 0.0148 - MAX val_ACC: 100.00% val_Loss: 0.0513
> 1: ACC: 100.00% Loss: 0.0071 - MAX val_ACC: 100.00% val_Loss: 0.0592
> 2: ACC: 100.00% Loss: 0.0042 - MAX val_ACC: 100.00% val_Loss: 0.0092
> 3: ACC: 100.00% Loss: 0.0029 - MAX val_ACC: 100.00% val_Loss: 0.0028
> 4: ACC: 100.00% Loss: 0.0026 - MAX val_ACC: 100.00% val_Loss: 0.0206
Running for fold: 4
fold_path:: /demo/ARN-LSTM/runs/UT-1/ARN_temp/fold_4/
> 0: ACC: 94.44% Loss: 0.1874 - MAX val_ACC: 66.67% val_Loss: 1.3379
> 1: ACC: 90.74% Loss: 0.3369 - MAX val_ACC: 66.67% val_Loss: 1.0255
> 2: ACC: 98.15% Loss: 0.1254 - MAX val_ACC: 66.67% val_Loss: 1.0793
> 3: ACC: 88.89% Loss: 0.3871 - MAX val_ACC: 50.00% val_Loss: 1.1816
> 4: ACC: 98.15% Loss: 0.1141 - MAX val_ACC: 66.67% val_Loss: 0.6595
Running for fold: 5
fold_path:: /demo/ARN-LSTM/runs/UT-1/ARN_temp/fold_5/
> 0: ACC: 98.18% Loss: 0.1222 - MAX val_ACC: 80.00% val_Loss: 0.2847
> 1: ACC: 98.18% Loss: 0.2129 - MAX val_ACC: 80.00% val_Loss: 0.5414
> 2: ACC: 100.00% Loss: 0.0091 - MAX val_ACC: 100.00% val_Loss: 0.1263
> 3: ACC: 100.00% Loss: 0.0285 - MAX val_ACC: 80.00% val_Loss: 0.2869
> 4: ACC: 100.00% Loss: 0.0835 - MAX val_ACC: 80.00% val_Loss: 0.2843
Running for fold: 6
fold_path:: /demo/ARN-LSTM/runs/UT-1/ARN_temp/fold_6/
> 0: ACC: 100.00% Loss: 0.0145 - MAX val_ACC: 100.00% val_Loss: 0.0821
> 1: ACC: 100.00% Loss: 0.0020 - MAX val_ACC: 100.00% val_Loss: 0.1068
> 2: ACC: 98.15% Loss: 0.0954 - MAX val_ACC: 100.00% val_Loss: 0.1356
> 3: ACC: 100.00% Loss: 0.0045 - MAX val_ACC: 83.33% val_Loss: 0.3301
> 4: ACC: 100.00% Loss: 0.0031 - MAX val_ACC: 100.00% val_Loss: 0.1097
Running for fold: 7
fold_path:: /demo/ARN-LSTM/runs/UT-1/ARN_temp/fold_7/
> 0: ACC: 98.11% Loss: 0.0975 - MAX val_ACC: 85.71% val_Loss: 0.6061
> 1: ACC: 100.00% Loss: 0.0140 - MAX val_ACC: 85.71% val_Loss: 0.2432
> 2: ACC: 100.00% Loss: 0.0485 - MAX val_ACC: 85.71% val_Loss: 0.3486
> 3: ACC: 98.11% Loss: 0.1132 - MAX val_ACC: 85.71% val_Loss: 0.3108
> 4: ACC: 96.23% Loss: 0.1944 - MAX val_ACC: 85.71% val_Loss: 0.3972
Running for fold: 8
fold_path:: /demo/ARN-LSTM/runs/UT-1/ARN_temp/fold_8/
> 0: ACC: 100.00% Loss: 0.0128 - MAX val_ACC: 83.33% val_Loss: 0.3607
> 1: ACC: 100.00% Loss: 0.0226 - MAX val_ACC: 83.33% val_Loss: 0.4697
> 2: ACC: 98.15% Loss: 0.1110 - MAX val_ACC: 83.33% val_Loss: 0.5543
> 3: ACC: 87.04% Loss: 0.4377 - MAX val_ACC: 100.00% val_Loss: 0.4574
> 4: ACC: 64.81% Loss: 1.0343 - MAX val_ACC: 100.00% val_Loss: 1.0404
Running for fold: 9
fold_path:: /demo/ARN-LSTM/runs/UT-1/ARN_temp/fold_9/
> 0: ACC: 48.15% Loss: 1.3267 - MAX val_ACC: 83.33% val_Loss: 1.2423
> 1: ACC: 90.74% Loss: 0.2835 - MAX val_ACC: 83.33% val_Loss: 0.8398
> 2: ACC: 88.89% Loss: 0.3536 - MAX val_ACC: 83.33% val_Loss: 0.9277
> 3: ACC: 100.00% Loss: 0.0560 - MAX val_ACC: 83.33% val_Loss: 0.9691
> 4: ACC: 96.30% Loss: 0.1884 - MAX val_ACC: 83.33% val_Loss: 0.7463
+++++ Summarized results:

Summary for Dataset, Folds, Experiment:
> UT | [0 1 2 3 4 5 6 7 8 9] | ARN_temp
     accuracy   loss val_accuracy val_loss epoch
0     100.00% 0.0013      100.00%   0.0001   118
1      98.15% 0.0982       83.33%   0.6670    50
2     100.00% 0.0161      100.00%   0.0019    95
3     100.00% 0.0029      100.00%   0.0028   113
4      98.15% 0.1141       66.67%   0.6595    53
5     100.00% 0.0091      100.00%   0.1263    97
6     100.00% 0.0145      100.00%   0.0821   108
7     100.00% 0.0140       85.71%   0.2432    96
8      87.04% 0.4377      100.00%   0.4574    31
9      96.30% 0.1884       83.33%   0.7463    37
mean   97.96% 0.0896       91.90%   0.2987    80
std     4.04% 0.1375       11.62%   0.3048    33
Val ACC Mean: 91.90% Std: 0.1162

> Finished Run Protocol - Sat Jan 25 08:42:16 2025
> Starting Run Protocol -  Sat Jan 25 08:42:17 2025
Running for dataset: UT-2
Running for folds: [10 11 12 13 14 15 16 17 18 19]
Experiment name: ARN_temp
Experiment folder: /demo/ARN-LSTM/runs/UT-2/ARN_temp
Number of reruns per dataset fold: 5
Resuming run protocol...
***** Experiment parameters *****
Configuration file: configs/UT/set_2/ARN_temp.cfg
	 Skeleton info
	 > selected_joints: ['Nose', 'Neck', 'MidHip', 'LShoulder', 'LElbow', 'LWrist', 'RShoulder', 'RElbow', 'RWrist', 'LHip', 'LKnee', 'LAnkle', 'RHip', 'RKnee', 'RAnkle']
	 > add_joint_idx: False
	 > add_body_part: False
	 > timesteps: 32
	 > skip_timesteps: None
	 > normalization: None
	 > sample_method: central
	 > arch: temp
	 Model info
	 > rel_type: temp_stream
	 > fuse_type: None
	 > compute_distance: False
	 > compute_motion: False
	 > use_relations: True
	 > use_attention: True
	 > return_attention: False
	 > Using Temporal RN: False
	 Training options
	 > drop_rate: 0.1
	 > kernel_init_type: TruncatedNormal
	 > learning_rate: 0.0001
	 > checkpoint_period: 1
	 > kernel_init_param: 0.045
	 > epochs: 200
	 > Batch Size: 64
	 Evaluation options
	 > Pool average from videos sequences: False
Running for fold: 10
fold_path:: /demo/ARN-LSTM/runs/UT-2/ARN_temp/fold_10/
> 0: ACC: 83.33% Loss: 0.4235 - MAX val_ACC: 83.33% val_Loss: 0.7931
> 1: ACC: 92.59% Loss: 0.1964 - MAX val_ACC: 83.33% val_Loss: 0.7037
> 2: ACC: 83.33% Loss: 0.5032 - MAX val_ACC: 83.33% val_Loss: 0.5691
> 3: ACC: 90.74% Loss: 0.3389 - MAX val_ACC: 83.33% val_Loss: 0.6627
> 4: ACC: 94.44% Loss: 0.2111 - MAX val_ACC: 83.33% val_Loss: 0.4692
Running for fold: 11
fold_path:: /demo/ARN-LSTM/runs/UT-2/ARN_temp/fold_11/
> 0: ACC: 83.33% Loss: 0.4911 - MAX val_ACC: 83.33% val_Loss: 0.6501
> 1: ACC: 98.15% Loss: 0.0963 - MAX val_ACC: 83.33% val_Loss: 0.8947
> 2: ACC: 87.04% Loss: 0.5030 - MAX val_ACC: 83.33% val_Loss: 0.7024
> 3: ACC: 100.00% Loss: 0.0141 - MAX val_ACC: 83.33% val_Loss: 1.2818
> 4: ACC: 94.44% Loss: 0.2090 - MAX val_ACC: 83.33% val_Loss: 0.6725
Running for fold: 12
fold_path:: /demo/ARN-LSTM/runs/UT-2/ARN_temp/fold_12/
> 0: ACC: 64.81% Loss: 0.9539 - MAX val_ACC: 83.33% val_Loss: 0.9553
> 1: ACC: 85.19% Loss: 0.5337 - MAX val_ACC: 66.67% val_Loss: 0.9797
> 2: ACC: 100.00% Loss: 0.1125 - MAX val_ACC: 83.33% val_Loss: 0.9321
> 3: ACC: 81.48% Loss: 0.6194 - MAX val_ACC: 83.33% val_Loss: 1.3191
> 4: ACC: 74.07% Loss: 0.7226 - MAX val_ACC: 83.33% val_Loss: 0.8934
Running for fold: 13
fold_path:: /demo/ARN-LSTM/runs/UT-2/ARN_temp/fold_13/
> 0: ACC: 87.04% Loss: 0.3064 - MAX val_ACC: 100.00% val_Loss: 0.3517
> 1: ACC: 94.44% Loss: 0.3453 - MAX val_ACC: 100.00% val_Loss: 0.3690
> 2: ACC: 100.00% Loss: 0.0042 - MAX val_ACC: 100.00% val_Loss: 0.0618
> 3: ACC: 100.00% Loss: 0.0081 - MAX val_ACC: 100.00% val_Loss: 0.0402
> 4: ACC: 100.00% Loss: 0.0076 - MAX val_ACC: 100.00% val_Loss: 0.0406
Running for fold: 14
fold_path:: /demo/ARN-LSTM/runs/UT-2/ARN_temp/fold_14/
> 0: ACC: 88.89% Loss: 0.2863 - MAX val_ACC: 83.33% val_Loss: 1.0194
> 1: ACC: 83.33% Loss: 0.8397 - MAX val_ACC: 66.67% val_Loss: 1.0467
> 2: ACC: 38.89% Loss: 1.5567 - MAX val_ACC: 66.67% val_Loss: 1.4815
> 3: ACC: 100.00% Loss: 0.0049 - MAX val_ACC: 83.33% val_Loss: 0.2532
> 4: ACC: 77.78% Loss: 0.5715 - MAX val_ACC: 83.33% val_Loss: 1.0021
Running for fold: 15
fold_path:: /demo/ARN-LSTM/runs/UT-2/ARN_temp/fold_15/
> 0: ACC: 94.44% Loss: 0.2240 - MAX val_ACC: 83.33% val_Loss: 0.2886
> 1: ACC: 94.44% Loss: 0.1129 - MAX val_ACC: 100.00% val_Loss: 0.1250
> 2: ACC: 88.89% Loss: 0.3248 - MAX val_ACC: 100.00% val_Loss: 0.2489
> 3: ACC: 100.00% Loss: 0.0242 - MAX val_ACC: 83.33% val_Loss: 0.2994
> 4: ACC: 100.00% Loss: 0.0018 - MAX val_ACC: 100.00% val_Loss: 0.0525
Running for fold: 16
fold_path:: /demo/ARN-LSTM/runs/UT-2/ARN_temp/fold_16/
> 0: ACC: 90.74% Loss: 0.2396 - MAX val_ACC: 83.33% val_Loss: 0.8949
> 1: ACC: 77.78% Loss: 0.7268 - MAX val_ACC: 83.33% val_Loss: 0.8514
> 2: ACC: 98.15% Loss: 0.1184 - MAX val_ACC: 66.67% val_Loss: 0.8719
> 3: ACC: 90.74% Loss: 0.3340 - MAX val_ACC: 66.67% val_Loss: 0.9248
> 4: ACC: 68.52% Loss: 0.7226 - MAX val_ACC: 66.67% val_Loss: 0.9752
Running for fold: 17
fold_path:: /demo/ARN-LSTM/runs/UT-2/ARN_temp/fold_17/
> 0: ACC: 100.00% Loss: 0.0050 - MAX val_ACC: 100.00% val_Loss: 0.1400
> 1: ACC: 88.89% Loss: 0.4503 - MAX val_ACC: 100.00% val_Loss: 0.4681
> 2: ACC: 96.30% Loss: 0.1477 - MAX val_ACC: 100.00% val_Loss: 0.3926
> 3: ACC: 96.30% Loss: 0.1699 - MAX val_ACC: 100.00% val_Loss: 0.3859
> 4: ACC: 92.59% Loss: 0.3577 - MAX val_ACC: 100.00% val_Loss: 0.4705
Running for fold: 18
fold_path:: /demo/ARN-LSTM/runs/UT-2/ARN_temp/fold_18/
> 0: ACC: 100.00% Loss: 0.0144 - MAX val_ACC: 83.33% val_Loss: 0.8712
> 1: ACC: 100.00% Loss: 0.0260 - MAX val_ACC: 83.33% val_Loss: 1.6308
> 2: ACC: 100.00% Loss: 0.0146 - MAX val_ACC: 83.33% val_Loss: 0.6927
> 3: ACC: 96.30% Loss: 0.1782 - MAX val_ACC: 66.67% val_Loss: 0.5815
> 4: ACC: 100.00% Loss: 0.0275 - MAX val_ACC: 83.33% val_Loss: 0.9224
Running for fold: 19
fold_path:: /demo/ARN-LSTM/runs/UT-2/ARN_temp/fold_19/
> 0: ACC: 92.59% Loss: 0.2407 - MAX val_ACC: 83.33% val_Loss: 0.5687
> 1: ACC: 88.89% Loss: 0.3430 - MAX val_ACC: 83.33% val_Loss: 0.6978
> 2: ACC: 100.00% Loss: 0.0400 - MAX val_ACC: 83.33% val_Loss: 0.6499
> 3: ACC: 94.44% Loss: 0.1622 - MAX val_ACC: 83.33% val_Loss: 0.4327
> 4: ACC: 92.59% Loss: 0.3687 - MAX val_ACC: 83.33% val_Loss: 0.8041
+++++ Summarized results:

Summary for Dataset, Folds, Experiment:
> UT | [10 11 12 13 14 15 16 17 18 19] | ARN_temp
     accuracy   loss val_accuracy val_loss epoch
0      94.44% 0.2111       83.33%   0.4692    46
1      83.33% 0.4911       83.33%   0.6501    24
2      74.07% 0.7226       83.33%   0.8934    21
3     100.00% 0.0081      100.00%   0.0402   107
4     100.00% 0.0049       83.33%   0.2532   110
5     100.00% 0.0018      100.00%   0.0525   160
6      77.78% 0.7268       83.33%   0.8514    14
7     100.00% 0.0050      100.00%   0.1400   118
8     100.00% 0.0146       83.33%   0.6927    82
9      94.44% 0.1622       83.33%   0.4327    54
mean   92.41% 0.2348       88.33%   0.4475    74
std    10.16% 0.3002        8.05%   0.3194    49
Val ACC Mean: 88.33% Std: 0.0805

> Finished Run Protocol - Sat Jan 25 08:42:18 2025
> Starting Run Protocol -  Sat Jan 25 08:42:19 2025
Running for dataset: UT-1
Running for folds: [0 1 2 3 4 5 6 7 8 9]
Experiment name: ARN_joint+temp
Experiment folder: /demo/ARN-LSTM/runs/UT-1/ARN_joint+temp
Number of reruns per dataset fold: 5
Resuming run protocol...
***** Experiment parameters *****
Configuration file: configs/UT/set_1/ARN_joint+temp.cfg
	 Skeleton info
	 > selected_joints: ['Nose', 'Neck', 'MidHip', 'LShoulder', 'LElbow', 'LWrist', 'RShoulder', 'RElbow', 'RWrist', 'LHip', 'LKnee', 'LAnkle', 'RHip', 'RKnee', 'RAnkle']
	 > add_joint_idx: False
	 > add_body_part: False
	 > timesteps: 32
	 > skip_timesteps: None
	 > normalization: None
	 > sample_method: central
	 > arch: joint
	 Fusion info
	 > fusion mode: middle
	 > config_filepaths: ['configs/UT/set_1/ARN_joint.cfg', 'configs/UT/set_1/ARN_temp.cfg']
	 > freeze_g_theta: False
	 > fuse_at_fc1: False
	 > new_arch: True
	 > Criteria for weights: val_loss
	 > Using Temporal RN: False
	 Training options
	 > drop_rate: 0.25
	 > epochs: 200
	 > learning_rate: 0.0001
	 > checkpoint_period: 1
	 > Batch Size: 64
	 Evaluation options
	 > Pool average from videos sequences: False
Running for fold: 0
fold_path:: /demo/ARN-LSTM/runs/UT-1/ARN_joint+temp/fold_0/
> fold weights filepaths: ['runs/UT-1/ARN_joint/fold_0/rerun_3/relnet_weights.hdf5', 'runs/UT-1/ARN_temp/fold_0/rerun_3/relnet_weights.hdf5']
> 0: ACC: 100.00% Loss: 0.0012 - MAX val_ACC: 100.00% val_Loss: 0.0099
> 1: ACC: 100.00% Loss: 0.0006 - MAX val_ACC: 100.00% val_Loss: 0.0050
> 2: ACC: 100.00% Loss: 0.0009 - MAX val_ACC: 100.00% val_Loss: 0.0075
> 3: ACC: 100.00% Loss: 0.0003 - MAX val_ACC: 100.00% val_Loss: 0.0069
> 4: ACC: 100.00% Loss: 0.0006 - MAX val_ACC: 100.00% val_Loss: 0.0110
Running for fold: 1
fold_path:: /demo/ARN-LSTM/runs/UT-1/ARN_joint+temp/fold_1/
> fold weights filepaths: ['runs/UT-1/ARN_joint/fold_1/rerun_0/relnet_weights.hdf5', 'runs/UT-1/ARN_temp/fold_1/rerun_1/relnet_weights.hdf5']
> 0: ACC: 98.15% Loss: 0.2276 - MAX val_ACC: 83.33% val_Loss: 0.8366
> 1: ACC: 98.15% Loss: 0.0922 - MAX val_ACC: 83.33% val_Loss: 0.7477
> 2: ACC: 94.44% Loss: 0.1909 - MAX val_ACC: 83.33% val_Loss: 0.8229
> 3: ACC: 100.00% Loss: 0.0034 - MAX val_ACC: 83.33% val_Loss: 0.6546
> 4: ACC: 83.33% Loss: 0.4977 - MAX val_ACC: 83.33% val_Loss: 0.8025
Running for fold: 2
fold_path:: /demo/ARN-LSTM/runs/UT-1/ARN_joint+temp/fold_2/
> fold weights filepaths: ['runs/UT-1/ARN_joint/fold_2/rerun_4/relnet_weights.hdf5', 'runs/UT-1/ARN_temp/fold_2/rerun_1/relnet_weights.hdf5']
> 0: ACC: 100.00% Loss: 0.0112 - MAX val_ACC: 100.00% val_Loss: 0.0237
> 1: ACC: 100.00% Loss: 0.0084 - MAX val_ACC: 100.00% val_Loss: 0.1149
> 2: ACC: 100.00% Loss: 0.0060 - MAX val_ACC: 100.00% val_Loss: 0.0358
> 3: ACC: 100.00% Loss: 0.0076 - MAX val_ACC: 100.00% val_Loss: 0.0146
> 4: ACC: 100.00% Loss: 0.0006 - MAX val_ACC: 100.00% val_Loss: 0.0173
Running for fold: 3
fold_path:: /demo/ARN-LSTM/runs/UT-1/ARN_joint+temp/fold_3/
> fold weights filepaths: ['runs/UT-1/ARN_joint/fold_3/rerun_1/relnet_weights.hdf5', 'runs/UT-1/ARN_temp/fold_3/rerun_3/relnet_weights.hdf5']
> 0: ACC: 100.00% Loss: 0.0007 - MAX val_ACC: 100.00% val_Loss: 0.0188
> 1: ACC: 100.00% Loss: 0.0006 - MAX val_ACC: 100.00% val_Loss: 0.0423
> 2: ACC: 100.00% Loss: 0.0007 - MAX val_ACC: 100.00% val_Loss: 0.0656
> 3: ACC: 100.00% Loss: 0.0153 - MAX val_ACC: 100.00% val_Loss: 0.0628
> 4: ACC: 100.00% Loss: 0.0018 - MAX val_ACC: 100.00% val_Loss: 0.0135
Running for fold: 4
fold_path:: /demo/ARN-LSTM/runs/UT-1/ARN_joint+temp/fold_4/
> fold weights filepaths: ['runs/UT-1/ARN_joint/fold_4/rerun_0/relnet_weights.hdf5', 'runs/UT-1/ARN_temp/fold_4/rerun_4/relnet_weights.hdf5']
> 0: ACC: 81.48% Loss: 0.6098 - MAX val_ACC: 83.33% val_Loss: 0.8097
> 1: ACC: 100.00% Loss: 0.0475 - MAX val_ACC: 66.67% val_Loss: 0.9435
> 2: ACC: 100.00% Loss: 0.0305 - MAX val_ACC: 83.33% val_Loss: 0.4019
> 3: ACC: 96.30% Loss: 0.1626 - MAX val_ACC: 66.67% val_Loss: 1.0155
> 4: ACC: 92.59% Loss: 0.2379 - MAX val_ACC: 66.67% val_Loss: 0.6833
Running for fold: 5
fold_path:: /demo/ARN-LSTM/runs/UT-1/ARN_joint+temp/fold_5/
> fold weights filepaths: ['runs/UT-1/ARN_joint/fold_5/rerun_1/relnet_weights.hdf5', 'runs/UT-1/ARN_temp/fold_5/rerun_2/relnet_weights.hdf5']
> 0: ACC: 100.00% Loss: 0.0038 - MAX val_ACC: 100.00% val_Loss: 0.1656
> 1: ACC: 92.73% Loss: 0.2605 - MAX val_ACC: 100.00% val_Loss: 0.4652
> 2: ACC: 100.00% Loss: 0.0017 - MAX val_ACC: 100.00% val_Loss: 0.1773
> 3: ACC: 100.00% Loss: 0.0016 - MAX val_ACC: 100.00% val_Loss: 0.1911
> 4: ACC: 65.45% Loss: 1.0599 - MAX val_ACC: 100.00% val_Loss: 0.9746
Running for fold: 6
fold_path:: /demo/ARN-LSTM/runs/UT-1/ARN_joint+temp/fold_6/
> fold weights filepaths: ['runs/UT-1/ARN_joint/fold_6/rerun_3/relnet_weights.hdf5', 'runs/UT-1/ARN_temp/fold_6/rerun_0/relnet_weights.hdf5']
> 0: ACC: 100.00% Loss: 0.0398 - MAX val_ACC: 66.67% val_Loss: 0.5061
> 1: ACC: 94.44% Loss: 0.1949 - MAX val_ACC: 66.67% val_Loss: 0.8065
> 2: ACC: 100.00% Loss: 0.0028 - MAX val_ACC: 100.00% val_Loss: 0.1962
> 3: ACC: 100.00% Loss: 0.0022 - MAX val_ACC: 83.33% val_Loss: 1.2499
> 4: ACC: 61.11% Loss: 0.9886 - MAX val_ACC: 83.33% val_Loss: 0.9435
Running for fold: 7
fold_path:: /demo/ARN-LSTM/runs/UT-1/ARN_joint+temp/fold_7/
> fold weights filepaths: ['runs/UT-1/ARN_joint/fold_7/rerun_2/relnet_weights.hdf5', 'runs/UT-1/ARN_temp/fold_7/rerun_1/relnet_weights.hdf5']
> 0: ACC: 100.00% Loss: 0.0381 - MAX val_ACC: 71.43% val_Loss: 0.5621
> 1: ACC: 96.23% Loss: 0.2222 - MAX val_ACC: 71.43% val_Loss: 0.9035
> 2: ACC: 98.11% Loss: 0.0689 - MAX val_ACC: 85.71% val_Loss: 0.4929
> 3: ACC: 98.11% Loss: 0.1766 - MAX val_ACC: 85.71% val_Loss: 0.4958
> 4: ACC: 96.23% Loss: 0.2269 - MAX val_ACC: 85.71% val_Loss: 0.5699
Running for fold: 8
fold_path:: /demo/ARN-LSTM/runs/UT-1/ARN_joint+temp/fold_8/
> fold weights filepaths: ['runs/UT-1/ARN_joint/fold_8/rerun_1/relnet_weights.hdf5', 'runs/UT-1/ARN_temp/fold_8/rerun_0/relnet_weights.hdf5']
> 0: ACC: 94.44% Loss: 0.2297 - MAX val_ACC: 83.33% val_Loss: 0.7450
> 1: ACC: 98.15% Loss: 0.0882 - MAX val_ACC: 83.33% val_Loss: 0.4642
> 2: ACC: 98.15% Loss: 0.1260 - MAX val_ACC: 83.33% val_Loss: 0.5526
> 3: ACC: 98.15% Loss: 0.0536 - MAX val_ACC: 83.33% val_Loss: 0.6452
> 4: ACC: 90.74% Loss: 0.3139 - MAX val_ACC: 83.33% val_Loss: 0.5471
Running for fold: 9
fold_path:: /demo/ARN-LSTM/runs/UT-1/ARN_joint+temp/fold_9/
> fold weights filepaths: ['runs/UT-1/ARN_joint/fold_9/rerun_1/relnet_weights.hdf5', 'runs/UT-1/ARN_temp/fold_9/rerun_3/relnet_weights.hdf5']
> 0: ACC: 83.33% Loss: 0.6537 - MAX val_ACC: 83.33% val_Loss: 0.7700
> 1: ACC: 85.19% Loss: 0.3930 - MAX val_ACC: 66.67% val_Loss: 1.0742
> 2: ACC: 85.19% Loss: 0.6381 - MAX val_ACC: 66.67% val_Loss: 0.9435
> 3: ACC: 57.41% Loss: 1.0216 - MAX val_ACC: 83.33% val_Loss: 0.7927
> 4: ACC: 90.74% Loss: 0.3880 - MAX val_ACC: 66.67% val_Loss: 0.9763
+++++ Summarized results:

Summary for Dataset, Folds, Experiment:
> UT | [0 1 2 3 4 5 6 7 8 9] | ARN_joint+temp
     accuracy   loss val_accuracy val_loss epoch
0     100.00% 0.0006      100.00%   0.0050   108
1     100.00% 0.0034       83.33%   0.6546    55
2     100.00% 0.0076      100.00%   0.0146    36
3     100.00% 0.0018      100.00%   0.0135    79
4     100.00% 0.0305       83.33%   0.4019    35
5     100.00% 0.0038      100.00%   0.1656    50
6     100.00% 0.0028      100.00%   0.1962    62
7      98.11% 0.0689       85.71%   0.4929    26
8      98.15% 0.0882       83.33%   0.4642    22
9      83.33% 0.6537       83.33%   0.7700    10
mean   97.96% 0.0861       91.90%   0.3179    48
std     5.20% 0.2019        8.56%   0.2784    29
Val ACC Mean: 91.90% Std: 0.0856

> Finished Run Protocol - Sat Jan 25 08:42:19 2025
> Starting Run Protocol -  Sat Jan 25 08:42:20 2025
Running for dataset: UT-2
Running for folds: [10 11 12 13 14 15 16 17 18 19]
Experiment name: ARN_joint+temp
Experiment folder: /demo/ARN-LSTM/runs/UT-2/ARN_joint+temp
Number of reruns per dataset fold: 5
Resuming run protocol...
***** Experiment parameters *****
Configuration file: configs/UT/set_2/ARN_joint+temp.cfg
	 Skeleton info
	 > selected_joints: ['Nose', 'Neck', 'MidHip', 'LShoulder', 'LElbow', 'LWrist', 'RShoulder', 'RElbow', 'RWrist', 'LHip', 'LKnee', 'LAnkle', 'RHip', 'RKnee', 'RAnkle']
	 > add_joint_idx: False
	 > add_body_part: False
	 > timesteps: 32
	 > skip_timesteps: None
	 > normalization: None
	 > sample_method: central
	 > arch: joint
	 Fusion info
	 > fusion mode: middle
	 > config_filepaths: ['configs/UT/set_2/ARN_joint.cfg', 'configs/UT/set_2/ARN_temp.cfg']
	 > freeze_g_theta: False
	 > fuse_at_fc1: False
	 > new_arch: True
	 > Criteria for weights: val_loss
	 > Using Temporal RN: False
	 Training options
	 > drop_rate: 0.25
	 > epochs: 200
	 > learning_rate: 0.0001
	 > checkpoint_period: 1
	 > Batch Size: 64
	 Evaluation options
	 > Pool average from videos sequences: False
Running for fold: 10
fold_path:: /demo/ARN-LSTM/runs/UT-2/ARN_joint+temp/fold_10/
> fold weights filepaths: ['runs/UT-2/ARN_joint/fold_10/rerun_2/relnet_weights.hdf5', 'runs/UT-2/ARN_temp/fold_10/rerun_4/relnet_weights.hdf5']
> 0: ACC: 81.48% Loss: 0.4937 - MAX val_ACC: 83.33% val_Loss: 0.5670
> 1: ACC: 100.00% Loss: 0.0333 - MAX val_ACC: 83.33% val_Loss: 0.5840
> 2: ACC: 100.00% Loss: 0.1087 - MAX val_ACC: 83.33% val_Loss: 0.7965
> 3: ACC: 94.44% Loss: 0.2447 - MAX val_ACC: 83.33% val_Loss: 0.8923
> 4: ACC: 100.00% Loss: 0.0327 - MAX val_ACC: 83.33% val_Loss: 0.7773
Running for fold: 11
fold_path:: /demo/ARN-LSTM/runs/UT-2/ARN_joint+temp/fold_11/
> fold weights filepaths: ['runs/UT-2/ARN_joint/fold_11/rerun_3/relnet_weights.hdf5', 'runs/UT-2/ARN_temp/fold_11/rerun_4/relnet_weights.hdf5']
> 0: ACC: 100.00% Loss: 0.0057 - MAX val_ACC: 83.33% val_Loss: 0.5255
> 1: ACC: 100.00% Loss: 0.0150 - MAX val_ACC: 83.33% val_Loss: 0.3644
> 2: ACC: 100.00% Loss: 0.0923 - MAX val_ACC: 83.33% val_Loss: 0.4552
> 3: ACC: 100.00% Loss: 0.0703 - MAX val_ACC: 66.67% val_Loss: 0.5824
> 4: ACC: 100.00% Loss: 0.0401 - MAX val_ACC: 66.67% val_Loss: 0.5824
Running for fold: 12
fold_path:: /demo/ARN-LSTM/runs/UT-2/ARN_joint+temp/fold_12/
> fold weights filepaths: ['runs/UT-2/ARN_joint/fold_12/rerun_1/relnet_weights.hdf5', 'runs/UT-2/ARN_temp/fold_12/rerun_4/relnet_weights.hdf5']
> 0: ACC: 83.33% Loss: 0.6157 - MAX val_ACC: 66.67% val_Loss: 1.2653
> 1: ACC: 88.89% Loss: 0.4896 - MAX val_ACC: 66.67% val_Loss: 0.7417
> 2: ACC: 100.00% Loss: 0.0237 - MAX val_ACC: 66.67% val_Loss: 0.8789
> 3: ACC: 87.04% Loss: 0.4755 - MAX val_ACC: 83.33% val_Loss: 0.6407
> 4: ACC: 94.44% Loss: 0.2485 - MAX val_ACC: 66.67% val_Loss: 0.9788
Running for fold: 13
fold_path:: /demo/ARN-LSTM/runs/UT-2/ARN_joint+temp/fold_13/
> fold weights filepaths: ['runs/UT-2/ARN_joint/fold_13/rerun_1/relnet_weights.hdf5', 'runs/UT-2/ARN_temp/fold_13/rerun_3/relnet_weights.hdf5']
> 0: ACC: 100.00% Loss: 0.0004 - MAX val_ACC: 100.00% val_Loss: 0.0657
> 1: ACC: 100.00% Loss: 0.0006 - MAX val_ACC: 100.00% val_Loss: 0.0563
> 2: ACC: 100.00% Loss: 0.0039 - MAX val_ACC: 100.00% val_Loss: 0.2017
> 3: ACC: 100.00% Loss: 0.0004 - MAX val_ACC: 100.00% val_Loss: 0.1157
> 4: ACC: 100.00% Loss: 0.0003 - MAX val_ACC: 100.00% val_Loss: 0.0757
Running for fold: 14
fold_path:: /demo/ARN-LSTM/runs/UT-2/ARN_joint+temp/fold_14/
> fold weights filepaths: ['runs/UT-2/ARN_joint/fold_14/rerun_1/relnet_weights.hdf5', 'runs/UT-2/ARN_temp/fold_14/rerun_3/relnet_weights.hdf5']
> 0: ACC: 100.00% Loss: 0.0298 - MAX val_ACC: 83.33% val_Loss: 0.4403
> 1: ACC: 100.00% Loss: 0.0138 - MAX val_ACC: 100.00% val_Loss: 0.1247
> 2: ACC: 100.00% Loss: 0.0116 - MAX val_ACC: 83.33% val_Loss: 0.3903
> 3: ACC: 100.00% Loss: 0.0072 - MAX val_ACC: 83.33% val_Loss: 0.3657
> 4: ACC: 100.00% Loss: 0.0066 - MAX val_ACC: 83.33% val_Loss: 0.5517
Running for fold: 15
fold_path:: /demo/ARN-LSTM/runs/UT-2/ARN_joint+temp/fold_15/
> fold weights filepaths: ['runs/UT-2/ARN_joint/fold_15/rerun_3/relnet_weights.hdf5', 'runs/UT-2/ARN_temp/fold_15/rerun_4/relnet_weights.hdf5']
> 0: ACC: 100.00% Loss: 0.0004 - MAX val_ACC: 100.00% val_Loss: 0.2016
> 1: ACC: 85.19% Loss: 0.4468 - MAX val_ACC: 66.67% val_Loss: 0.7863
> 2: ACC: 100.00% Loss: 0.0013 - MAX val_ACC: 100.00% val_Loss: 0.3047
> 3: ACC: 100.00% Loss: 0.0054 - MAX val_ACC: 83.33% val_Loss: 0.6121
> 4: ACC: 100.00% Loss: 0.0014 - MAX val_ACC: 83.33% val_Loss: 0.4427
Running for fold: 16
fold_path:: /demo/ARN-LSTM/runs/UT-2/ARN_joint+temp/fold_16/
> fold weights filepaths: ['runs/UT-2/ARN_joint/fold_16/rerun_1/relnet_weights.hdf5', 'runs/UT-2/ARN_temp/fold_16/rerun_1/relnet_weights.hdf5']
> 0: ACC: 100.00% Loss: 0.0018 - MAX val_ACC: 100.00% val_Loss: 0.3192
> 1: ACC: 100.00% Loss: 0.1057 - MAX val_ACC: 100.00% val_Loss: 0.2926
> 2: ACC: 100.00% Loss: 0.0592 - MAX val_ACC: 83.33% val_Loss: 0.2376
> 3: ACC: 96.30% Loss: 0.1949 - MAX val_ACC: 66.67% val_Loss: 1.0897
> 4: ACC: 100.00% Loss: 0.0071 - MAX val_ACC: 100.00% val_Loss: 0.2307
Running for fold: 17
fold_path:: /demo/ARN-LSTM/runs/UT-2/ARN_joint+temp/fold_17/
> fold weights filepaths: ['runs/UT-2/ARN_joint/fold_17/rerun_4/relnet_weights.hdf5', 'runs/UT-2/ARN_temp/fold_17/rerun_0/relnet_weights.hdf5']
> 0: ACC: 100.00% Loss: 0.0090 - MAX val_ACC: 100.00% val_Loss: 0.2026
> 1: ACC: 100.00% Loss: 0.0226 - MAX val_ACC: 100.00% val_Loss: 0.3507
> 2: ACC: 100.00% Loss: 0.0009 - MAX val_ACC: 100.00% val_Loss: 0.1550
> 3: ACC: 100.00% Loss: 0.0010 - MAX val_ACC: 100.00% val_Loss: 0.1319
> 4: ACC: 100.00% Loss: 0.0029 - MAX val_ACC: 100.00% val_Loss: 0.1714
Running for fold: 18
fold_path:: /demo/ARN-LSTM/runs/UT-2/ARN_joint+temp/fold_18/
> fold weights filepaths: ['runs/UT-2/ARN_joint/fold_18/rerun_4/relnet_weights.hdf5', 'runs/UT-2/ARN_temp/fold_18/rerun_3/relnet_weights.hdf5']
> 0: ACC: 94.44% Loss: 0.2306 - MAX val_ACC: 66.67% val_Loss: 1.0073
> 1: ACC: 96.30% Loss: 0.3180 - MAX val_ACC: 66.67% val_Loss: 0.8240
> 2: ACC: 100.00% Loss: 0.0032 - MAX val_ACC: 66.67% val_Loss: 0.7307
> 3: ACC: 100.00% Loss: 0.1512 - MAX val_ACC: 66.67% val_Loss: 0.5750
> 4: ACC: 100.00% Loss: 0.0165 - MAX val_ACC: 66.67% val_Loss: 0.8229
Running for fold: 19
fold_path:: /demo/ARN-LSTM/runs/UT-2/ARN_joint+temp/fold_19/
> fold weights filepaths: ['runs/UT-2/ARN_joint/fold_19/rerun_4/relnet_weights.hdf5', 'runs/UT-2/ARN_temp/fold_19/rerun_3/relnet_weights.hdf5']
> 0: ACC: 94.44% Loss: 0.3719 - MAX val_ACC: 83.33% val_Loss: 0.7713
> 1: ACC: 83.33% Loss: 0.6928 - MAX val_ACC: 100.00% val_Loss: 0.7395
> 2: ACC: 77.78% Loss: 0.6332 - MAX val_ACC: 83.33% val_Loss: 0.8509
> 3: ACC: 70.37% Loss: 0.9211 - MAX val_ACC: 66.67% val_Loss: 1.1609
> 4: ACC: 94.44% Loss: 0.1966 - MAX val_ACC: 83.33% val_Loss: 0.6282
+++++ Summarized results:

Summary for Dataset, Folds, Experiment:
> UT | [10 11 12 13 14 15 16 17 18 19] | ARN_joint+temp
     accuracy   loss val_accuracy val_loss epoch
0      81.48% 0.4937       83.33%   0.5670     9
1     100.00% 0.0150       83.33%   0.3644    49
2      87.04% 0.4755       83.33%   0.6407    13
3     100.00% 0.0006      100.00%   0.0563   107
4     100.00% 0.0138      100.00%   0.1247    25
5     100.00% 0.0004      100.00%   0.2016   125
6     100.00% 0.0071      100.00%   0.2307    41
7     100.00% 0.0010      100.00%   0.1319   115
8     100.00% 0.1512       66.67%   0.5750    23
9      83.33% 0.6928      100.00%   0.7395    11
mean   95.19% 0.1851       91.67%   0.3632    52
std     7.87% 0.2647       11.79%   0.2479    46
Val ACC Mean: 91.67% Std: 0.1179

> Finished Run Protocol - Sat Jan 25 08:42:20 2025
> Starting Run Protocol -  Sat Jan 25 08:42:21 2025
Running for dataset: UT-1
Running for folds: [0 1 2 3 4 5 6 7 8 9]
Experiment name: ARN-fc1_joint+temp
Experiment folder: /demo/ARN-LSTM/runs/UT-1/ARN-fc1_joint+temp
Number of reruns per dataset fold: 5
Resuming run protocol...
***** Experiment parameters *****
Configuration file: configs/UT/set_1/ARN-fc1_joint+temp.cfg
	 Skeleton info
	 > selected_joints: ['Nose', 'Neck', 'MidHip', 'LShoulder', 'LElbow', 'LWrist', 'RShoulder', 'RElbow', 'RWrist', 'LHip', 'LKnee', 'LAnkle', 'RHip', 'RKnee', 'RAnkle']
	 > add_joint_idx: False
	 > add_body_part: False
	 > timesteps: 32
	 > skip_timesteps: None
	 > normalization: None
	 > sample_method: central
	 > arch: joint
	 Fusion info
	 > fusion mode: middle
	 > config_filepaths: ['configs/UT/set_1/ARN_joint.cfg', 'configs/UT/set_1/ARN_temp.cfg']
	 > freeze_g_theta: False
	 > fuse_at_fc1: True
	 > new_arch: True
	 > Criteria for weights: val_loss
	 > Using Temporal RN: False
	 Training options
	 > drop_rate: 0.25
	 > epochs: 200
	 > learning_rate: 0.0001
	 > checkpoint_period: 1
	 > Batch Size: 64
	 Evaluation options
	 > Pool average from videos sequences: False
Running for fold: 0
fold_path:: /demo/ARN-LSTM/runs/UT-1/ARN-fc1_joint+temp/fold_0/
> fold weights filepaths: ['runs/UT-1/ARN_joint/fold_0/rerun_3/relnet_weights.hdf5', 'runs/UT-1/ARN_temp/fold_0/rerun_3/relnet_weights.hdf5']
> 0: ACC: 100.00% Loss: 0.0002 - MAX val_ACC: 100.00% val_Loss: 0.0030
> 1: ACC: 100.00% Loss: 0.0004 - MAX val_ACC: 100.00% val_Loss: 0.0006
> 2: ACC: 100.00% Loss: 0.0004 - MAX val_ACC: 100.00% val_Loss: 0.0001
> 3: ACC: 100.00% Loss: 0.0002 - MAX val_ACC: 100.00% val_Loss: 0.0016
> 4: ACC: 100.00% Loss: 0.0004 - MAX val_ACC: 100.00% val_Loss: 0.0021
Running for fold: 1
fold_path:: /demo/ARN-LSTM/runs/UT-1/ARN-fc1_joint+temp/fold_1/
> fold weights filepaths: ['runs/UT-1/ARN_joint/fold_1/rerun_0/relnet_weights.hdf5', 'runs/UT-1/ARN_temp/fold_1/rerun_1/relnet_weights.hdf5']
> 0: ACC: 94.44% Loss: 0.2384 - MAX val_ACC: 83.33% val_Loss: 0.7056
> 1: ACC: 98.15% Loss: 0.0988 - MAX val_ACC: 83.33% val_Loss: 0.5628
> 2: ACC: 98.15% Loss: 0.1447 - MAX val_ACC: 83.33% val_Loss: 0.6994
> 3: ACC: 96.30% Loss: 0.2416 - MAX val_ACC: 83.33% val_Loss: 0.7781
> 4: ACC: 100.00% Loss: 0.0430 - MAX val_ACC: 83.33% val_Loss: 0.4664
Running for fold: 2
fold_path:: /demo/ARN-LSTM/runs/UT-1/ARN-fc1_joint+temp/fold_2/
> fold weights filepaths: ['runs/UT-1/ARN_joint/fold_2/rerun_4/relnet_weights.hdf5', 'runs/UT-1/ARN_temp/fold_2/rerun_1/relnet_weights.hdf5']
> 0: ACC: 100.00% Loss: 0.0511 - MAX val_ACC: 100.00% val_Loss: 0.0797
> 1: ACC: 100.00% Loss: 0.0010 - MAX val_ACC: 100.00% val_Loss: 0.0540
> 2: ACC: 100.00% Loss: 0.0203 - MAX val_ACC: 100.00% val_Loss: 0.0148
> 3: ACC: 100.00% Loss: 0.0004 - MAX val_ACC: 100.00% val_Loss: 0.0196
> 4: ACC: 100.00% Loss: 0.0008 - MAX val_ACC: 100.00% val_Loss: 0.0055
Running for fold: 3
fold_path:: /demo/ARN-LSTM/runs/UT-1/ARN-fc1_joint+temp/fold_3/
> fold weights filepaths: ['runs/UT-1/ARN_joint/fold_3/rerun_1/relnet_weights.hdf5', 'runs/UT-1/ARN_temp/fold_3/rerun_3/relnet_weights.hdf5']
> 0: ACC: 100.00% Loss: 0.0003 - MAX val_ACC: 100.00% val_Loss: 0.0143
> 1: ACC: 100.00% Loss: 0.0002 - MAX val_ACC: 100.00% val_Loss: 0.0063
> 2: ACC: 100.00% Loss: 0.0005 - MAX val_ACC: 100.00% val_Loss: 0.0101
> 3: ACC: 100.00% Loss: 0.0002 - MAX val_ACC: 100.00% val_Loss: 0.0163
> 4: ACC: 100.00% Loss: 0.0002 - MAX val_ACC: 100.00% val_Loss: 0.0421
Running for fold: 4
fold_path:: /demo/ARN-LSTM/runs/UT-1/ARN-fc1_joint+temp/fold_4/
> fold weights filepaths: ['runs/UT-1/ARN_joint/fold_4/rerun_0/relnet_weights.hdf5', 'runs/UT-1/ARN_temp/fold_4/rerun_4/relnet_weights.hdf5']
> 0: ACC: 79.63% Loss: 0.8599 - MAX val_ACC: 83.33% val_Loss: 0.9049
> 1: ACC: 96.30% Loss: 0.1860 - MAX val_ACC: 66.67% val_Loss: 0.9564
> 2: ACC: 100.00% Loss: 0.0408 - MAX val_ACC: 83.33% val_Loss: 0.5648
> 3: ACC: 85.19% Loss: 0.8071 - MAX val_ACC: 83.33% val_Loss: 0.9165
> 4: ACC: 27.78% Loss: 2.0975 - MAX val_ACC: 83.33% val_Loss: 1.1787
Running for fold: 5
fold_path:: /demo/ARN-LSTM/runs/UT-1/ARN-fc1_joint+temp/fold_5/
> fold weights filepaths: ['runs/UT-1/ARN_joint/fold_5/rerun_1/relnet_weights.hdf5', 'runs/UT-1/ARN_temp/fold_5/rerun_2/relnet_weights.hdf5']
> 0: ACC: 100.00% Loss: 0.0001 - MAX val_ACC: 100.00% val_Loss: 0.1632
> 1: ACC: 100.00% Loss: 0.0689 - MAX val_ACC: 100.00% val_Loss: 0.2085
> 2: ACC: 100.00% Loss: 0.0528 - MAX val_ACC: 100.00% val_Loss: 0.2366
> 3: ACC: 100.00% Loss: 0.0003 - MAX val_ACC: 80.00% val_Loss: 0.2750
> 4: ACC: 100.00% Loss: 0.0585 - MAX val_ACC: 80.00% val_Loss: 0.3945
Running for fold: 6
fold_path:: /demo/ARN-LSTM/runs/UT-1/ARN-fc1_joint+temp/fold_6/
> fold weights filepaths: ['runs/UT-1/ARN_joint/fold_6/rerun_3/relnet_weights.hdf5', 'runs/UT-1/ARN_temp/fold_6/rerun_0/relnet_weights.hdf5']
> 0: ACC: 92.59% Loss: 0.4335 - MAX val_ACC: 100.00% val_Loss: 0.6807
> 1: ACC: 98.15% Loss: 0.1724 - MAX val_ACC: 66.67% val_Loss: 0.7133
> 2: ACC: 96.30% Loss: 0.2233 - MAX val_ACC: 83.33% val_Loss: 0.5322
> 3: ACC: 100.00% Loss: 0.1467 - MAX val_ACC: 66.67% val_Loss: 0.8576
> 4: ACC: 100.00% Loss: 0.0038 - MAX val_ACC: 83.33% val_Loss: 0.9273
Running for fold: 7
fold_path:: /demo/ARN-LSTM/runs/UT-1/ARN-fc1_joint+temp/fold_7/
> fold weights filepaths: ['runs/UT-1/ARN_joint/fold_7/rerun_2/relnet_weights.hdf5', 'runs/UT-1/ARN_temp/fold_7/rerun_1/relnet_weights.hdf5']
> 0: ACC: 98.11% Loss: 0.1035 - MAX val_ACC: 85.71% val_Loss: 0.3055
> 1: ACC: 100.00% Loss: 0.0482 - MAX val_ACC: 71.43% val_Loss: 0.7697
> 2: ACC: 100.00% Loss: 0.1018 - MAX val_ACC: 85.71% val_Loss: 0.4381
> 3: ACC: 100.00% Loss: 0.0527 - MAX val_ACC: 85.71% val_Loss: 0.5072
> 4: ACC: 100.00% Loss: 0.0187 - MAX val_ACC: 85.71% val_Loss: 0.5276
Running for fold: 8
fold_path:: /demo/ARN-LSTM/runs/UT-1/ARN-fc1_joint+temp/fold_8/
> fold weights filepaths: ['runs/UT-1/ARN_joint/fold_8/rerun_1/relnet_weights.hdf5', 'runs/UT-1/ARN_temp/fold_8/rerun_0/relnet_weights.hdf5']
> 0: ACC: 100.00% Loss: 0.0627 - MAX val_ACC: 83.33% val_Loss: 0.7060
> 1: ACC: 90.74% Loss: 0.3724 - MAX val_ACC: 83.33% val_Loss: 0.6388
> 2: ACC: 100.00% Loss: 0.0262 - MAX val_ACC: 83.33% val_Loss: 0.4031
> 3: ACC: 100.00% Loss: 0.0503 - MAX val_ACC: 83.33% val_Loss: 0.7232
> 4: ACC: 100.00% Loss: 0.0940 - MAX val_ACC: 83.33% val_Loss: 0.7012
Running for fold: 9
fold_path:: /demo/ARN-LSTM/runs/UT-1/ARN-fc1_joint+temp/fold_9/
> fold weights filepaths: ['runs/UT-1/ARN_joint/fold_9/rerun_1/relnet_weights.hdf5', 'runs/UT-1/ARN_temp/fold_9/rerun_3/relnet_weights.hdf5']
> 0: ACC: 88.89% Loss: 0.5272 - MAX val_ACC: 83.33% val_Loss: 0.7439
> 1: ACC: 87.04% Loss: 0.4665 - MAX val_ACC: 66.67% val_Loss: 0.6737
> 2: ACC: 90.74% Loss: 0.5150 - MAX val_ACC: 83.33% val_Loss: 0.7396
> 3: ACC: 92.59% Loss: 0.3197 - MAX val_ACC: 66.67% val_Loss: 0.9958
> 4: ACC: 74.07% Loss: 0.8602 - MAX val_ACC: 83.33% val_Loss: 0.8598
+++++ Summarized results:

Summary for Dataset, Folds, Experiment:
> UT | [0 1 2 3 4 5 6 7 8 9] | ARN-fc1_joint+temp
     accuracy   loss val_accuracy val_loss epoch
0     100.00% 0.0004      100.00%   0.0001   109
1     100.00% 0.0430       83.33%   0.4664    21
2     100.00% 0.0008      100.00%   0.0055    73
3     100.00% 0.0002      100.00%   0.0063   108
4     100.00% 0.0408       83.33%   0.5648    34
5     100.00% 0.0001      100.00%   0.1632   107
6      92.59% 0.4335      100.00%   0.6807     8
7      98.11% 0.1035       85.71%   0.3055    21
8     100.00% 0.0262       83.33%   0.4031    30
9      90.74% 0.5150       83.33%   0.7396    14
mean   98.14% 0.1163       91.90%   0.3335    52
std     3.49% 0.1923        8.56%   0.2823    42
Val ACC Mean: 91.90% Std: 0.0856

> Finished Run Protocol - Sat Jan 25 08:42:21 2025
> Starting Run Protocol -  Sat Jan 25 08:42:22 2025
Running for dataset: UT-2
Running for folds: [10 11 12 13 14 15 16 17 18 19]
Experiment name: ARN-fc1_joint+temp
Experiment folder: /demo/ARN-LSTM/runs/UT-2/ARN-fc1_joint+temp
Number of reruns per dataset fold: 5
Resuming run protocol...
***** Experiment parameters *****
Configuration file: configs/UT/set_2/ARN-fc1_joint+temp.cfg
	 Skeleton info
	 > selected_joints: ['Nose', 'Neck', 'MidHip', 'LShoulder', 'LElbow', 'LWrist', 'RShoulder', 'RElbow', 'RWrist', 'LHip', 'LKnee', 'LAnkle', 'RHip', 'RKnee', 'RAnkle']
	 > add_joint_idx: False
	 > add_body_part: False
	 > timesteps: 32
	 > skip_timesteps: None
	 > normalization: None
	 > sample_method: central
	 > arch: joint
	 Fusion info
	 > fusion mode: middle
	 > config_filepaths: ['configs/UT/set_2/ARN_joint.cfg', 'configs/UT/set_2/ARN_temp.cfg']
	 > freeze_g_theta: False
	 > fuse_at_fc1: True
	 > new_arch: True
	 > Criteria for weights: val_loss
	 > Using Temporal RN: False
	 Training options
	 > drop_rate: 0.25
	 > epochs: 200
	 > learning_rate: 0.0001
	 > checkpoint_period: 1
	 > Batch Size: 64
	 Evaluation options
	 > Pool average from videos sequences: False
Running for fold: 10
fold_path:: /demo/ARN-LSTM/runs/UT-2/ARN-fc1_joint+temp/fold_10/
> fold weights filepaths: ['runs/UT-2/ARN_joint/fold_10/rerun_2/relnet_weights.hdf5', 'runs/UT-2/ARN_temp/fold_10/rerun_4/relnet_weights.hdf5']
> 0: ACC: 87.04% Loss: 0.4304 - MAX val_ACC: 100.00% val_Loss: 0.4408
> 1: ACC: 94.44% Loss: 0.2807 - MAX val_ACC: 83.33% val_Loss: 0.7039
> 2: ACC: 100.00% Loss: 0.0604 - MAX val_ACC: 83.33% val_Loss: 0.8127
> 3: ACC: 96.30% Loss: 0.2060 - MAX val_ACC: 83.33% val_Loss: 0.7252
> 4: ACC: 100.00% Loss: 0.0647 - MAX val_ACC: 83.33% val_Loss: 0.5458
Running for fold: 11
fold_path:: /demo/ARN-LSTM/runs/UT-2/ARN-fc1_joint+temp/fold_11/
> fold weights filepaths: ['runs/UT-2/ARN_joint/fold_11/rerun_3/relnet_weights.hdf5', 'runs/UT-2/ARN_temp/fold_11/rerun_4/relnet_weights.hdf5']
> 0: ACC: 100.00% Loss: 0.0863 - MAX val_ACC: 83.33% val_Loss: 0.9251
> 1: ACC: 100.00% Loss: 0.0223 - MAX val_ACC: 83.33% val_Loss: 0.4282
> 2: ACC: 100.00% Loss: 0.0500 - MAX val_ACC: 83.33% val_Loss: 0.3630
> 3: ACC: 100.00% Loss: 0.0284 - MAX val_ACC: 83.33% val_Loss: 0.6081
> 4: ACC: 98.15% Loss: 0.2759 - MAX val_ACC: 83.33% val_Loss: 0.5624
Running for fold: 12
fold_path:: /demo/ARN-LSTM/runs/UT-2/ARN-fc1_joint+temp/fold_12/
> fold weights filepaths: ['runs/UT-2/ARN_joint/fold_12/rerun_1/relnet_weights.hdf5', 'runs/UT-2/ARN_temp/fold_12/rerun_4/relnet_weights.hdf5']
> 0: ACC: 92.59% Loss: 0.3821 - MAX val_ACC: 66.67% val_Loss: 0.8831
> 1: ACC: 68.52% Loss: 1.0670 - MAX val_ACC: 83.33% val_Loss: 1.1000
> 2: ACC: 55.56% Loss: 1.2004 - MAX val_ACC: 83.33% val_Loss: 1.0100
> 3: ACC: 100.00% Loss: 0.0396 - MAX val_ACC: 83.33% val_Loss: 0.4594
> 4: ACC: 100.00% Loss: 0.0249 - MAX val_ACC: 83.33% val_Loss: 0.9797
Running for fold: 13
fold_path:: /demo/ARN-LSTM/runs/UT-2/ARN-fc1_joint+temp/fold_13/
> fold weights filepaths: ['runs/UT-2/ARN_joint/fold_13/rerun_1/relnet_weights.hdf5', 'runs/UT-2/ARN_temp/fold_13/rerun_3/relnet_weights.hdf5']
> 0: ACC: 100.00% Loss: 0.0002 - MAX val_ACC: 100.00% val_Loss: 0.0861
> 1: ACC: 100.00% Loss: 0.0004 - MAX val_ACC: 100.00% val_Loss: 0.1824
> 2: ACC: 100.00% Loss: 0.0003 - MAX val_ACC: 100.00% val_Loss: 0.0272
> 3: ACC: 100.00% Loss: 0.0003 - MAX val_ACC: 100.00% val_Loss: 0.0133
> 4: ACC: 100.00% Loss: 0.0399 - MAX val_ACC: 100.00% val_Loss: 0.2196
Running for fold: 14
fold_path:: /demo/ARN-LSTM/runs/UT-2/ARN-fc1_joint+temp/fold_14/
> fold weights filepaths: ['runs/UT-2/ARN_joint/fold_14/rerun_1/relnet_weights.hdf5', 'runs/UT-2/ARN_temp/fold_14/rerun_3/relnet_weights.hdf5']
> 0: ACC: 98.15% Loss: 0.0838 - MAX val_ACC: 83.33% val_Loss: 0.4112
> 1: ACC: 100.00% Loss: 0.0151 - MAX val_ACC: 100.00% val_Loss: 0.1170
> 2: ACC: 100.00% Loss: 0.0027 - MAX val_ACC: 83.33% val_Loss: 0.4035
> 3: ACC: 100.00% Loss: 0.0693 - MAX val_ACC: 83.33% val_Loss: 0.5996
> 4: ACC: 100.00% Loss: 0.0035 - MAX val_ACC: 83.33% val_Loss: 0.4307
Running for fold: 15
fold_path:: /demo/ARN-LSTM/runs/UT-2/ARN-fc1_joint+temp/fold_15/
> fold weights filepaths: ['runs/UT-2/ARN_joint/fold_15/rerun_3/relnet_weights.hdf5', 'runs/UT-2/ARN_temp/fold_15/rerun_4/relnet_weights.hdf5']
> 0: ACC: 100.00% Loss: 0.0004 - MAX val_ACC: 100.00% val_Loss: 0.1263
> 1: ACC: 88.89% Loss: 0.4871 - MAX val_ACC: 100.00% val_Loss: 0.6427
> 2: ACC: 100.00% Loss: 0.0026 - MAX val_ACC: 100.00% val_Loss: 0.2155
> 3: ACC: 100.00% Loss: 0.0117 - MAX val_ACC: 83.33% val_Loss: 0.2983
> 4: ACC: 94.44% Loss: 0.5357 - MAX val_ACC: 100.00% val_Loss: 0.6177
Running for fold: 16
fold_path:: /demo/ARN-LSTM/runs/UT-2/ARN-fc1_joint+temp/fold_16/
> fold weights filepaths: ['runs/UT-2/ARN_joint/fold_16/rerun_1/relnet_weights.hdf5', 'runs/UT-2/ARN_temp/fold_16/rerun_1/relnet_weights.hdf5']
> 0: ACC: 100.00% Loss: 0.0057 - MAX val_ACC: 100.00% val_Loss: 0.1655
> 1: ACC: 100.00% Loss: 0.0048 - MAX val_ACC: 83.33% val_Loss: 0.3876
> 2: ACC: 100.00% Loss: 0.0015 - MAX val_ACC: 100.00% val_Loss: 0.1789
> 3: ACC: 100.00% Loss: 0.0193 - MAX val_ACC: 100.00% val_Loss: 0.2119
> 4: ACC: 100.00% Loss: 0.0329 - MAX val_ACC: 100.00% val_Loss: 0.2182
Running for fold: 17
fold_path:: /demo/ARN-LSTM/runs/UT-2/ARN-fc1_joint+temp/fold_17/
> fold weights filepaths: ['runs/UT-2/ARN_joint/fold_17/rerun_4/relnet_weights.hdf5', 'runs/UT-2/ARN_temp/fold_17/rerun_0/relnet_weights.hdf5']
> 0: ACC: 100.00% Loss: 0.0004 - MAX val_ACC: 100.00% val_Loss: 0.0779
> 1: ACC: 100.00% Loss: 0.0003 - MAX val_ACC: 100.00% val_Loss: 0.1209
> 2: ACC: 100.00% Loss: 0.0007 - MAX val_ACC: 100.00% val_Loss: 0.1341
> 3: ACC: 100.00% Loss: 0.0007 - MAX val_ACC: 100.00% val_Loss: 0.1264
> 4: ACC: 100.00% Loss: 0.0003 - MAX val_ACC: 100.00% val_Loss: 0.0813
Running for fold: 18
fold_path:: /demo/ARN-LSTM/runs/UT-2/ARN-fc1_joint+temp/fold_18/
> fold weights filepaths: ['runs/UT-2/ARN_joint/fold_18/rerun_4/relnet_weights.hdf5', 'runs/UT-2/ARN_temp/fold_18/rerun_3/relnet_weights.hdf5']
> 0: ACC: 100.00% Loss: 0.1249 - MAX val_ACC: 66.67% val_Loss: 1.2658
> 1: ACC: 100.00% Loss: 0.1025 - MAX val_ACC: 66.67% val_Loss: 0.7671
> 2: ACC: 100.00% Loss: 0.0786 - MAX val_ACC: 66.67% val_Loss: 0.6936
> 3: ACC: 94.44% Loss: 0.2813 - MAX val_ACC: 66.67% val_Loss: 0.9289
> 4: ACC: 72.22% Loss: 0.7561 - MAX val_ACC: 83.33% val_Loss: 1.0819
Running for fold: 19
fold_path:: /demo/ARN-LSTM/runs/UT-2/ARN-fc1_joint+temp/fold_19/
> fold weights filepaths: ['runs/UT-2/ARN_joint/fold_19/rerun_4/relnet_weights.hdf5', 'runs/UT-2/ARN_temp/fold_19/rerun_3/relnet_weights.hdf5']
> 0: ACC: 100.00% Loss: 0.0430 - MAX val_ACC: 83.33% val_Loss: 0.6811
> 1: ACC: 100.00% Loss: 0.0230 - MAX val_ACC: 83.33% val_Loss: 0.5781
> 2: ACC: 96.30% Loss: 0.2290 - MAX val_ACC: 83.33% val_Loss: 0.7644
> 3: ACC: 87.04% Loss: 0.4374 - MAX val_ACC: 83.33% val_Loss: 0.6678
> 4: ACC: 94.44% Loss: 0.3645 - MAX val_ACC: 66.67% val_Loss: 0.8791
+++++ Summarized results:

Summary for Dataset, Folds, Experiment:
> UT | [10 11 12 13 14 15 16 17 18 19] | ARN-fc1_joint+temp
     accuracy   loss val_accuracy val_loss epoch
0      87.04% 0.4304      100.00%   0.4408    14
1     100.00% 0.0500       83.33%   0.3630    25
2     100.00% 0.0396       83.33%   0.4594    26
3     100.00% 0.0003      100.00%   0.0133   112
4     100.00% 0.0151      100.00%   0.1170    22
5     100.00% 0.0004      100.00%   0.1263   104
6     100.00% 0.0057      100.00%   0.1655    39
7     100.00% 0.0004      100.00%   0.0779   112
8      72.22% 0.7561       83.33%   1.0819     7
9     100.00% 0.0230       83.33%   0.5781    39
mean   95.93% 0.1321       93.33%   0.3423    50
std     9.27% 0.2554        8.61%   0.3220    42
Val ACC Mean: 93.33% Std: 0.0861

> Finished Run Protocol - Sat Jan 25 08:42:22 2025
> Starting Run Protocol -  Sat Jan 25 08:42:23 2025
Running for dataset: NTU
Running for folds: ['cross_subject', 'cross_view']
Experiment name: ARN_joint
Experiment folder: /demo/ARN-LSTM/runs/NTU/ARN_joint
Number of reruns per dataset fold: 5
Resuming run protocol...
***** Experiment parameters *****
Configuration file: configs/NTU-V1/no-lstm/ARN_joint.cfg
	 Skeleton info
	 > selected_joints: ['Nose', 'Neck', 'MidHip', 'LShoulder', 'LElbow', 'LWrist', 'RShoulder', 'RElbow', 'RWrist', 'LHip', 'LKnee', 'LAnkle', 'RHip', 'RKnee', 'RAnkle']
	 > add_joint_idx: False
	 > add_body_part: False
	 > timesteps: 32
	 > skip_timesteps: None
	 > normalization: NTU
	 > sample_method: central
	 > arch: joint
	 Model info
	 > rel_type: joint_stream
	 > fuse_type: None
	 > compute_distance: False
	 > compute_motion: False
	 > use_relations: True
	 > use_attention: True
	 > return_attention: False
	 > Using Temporal RN: False
	 Training options
	 > drop_rate: 0.1
	 > kernel_init_type: TruncatedNormal
	 > learning_rate: 0.0001
	 > checkpoint_period: 1
	 > kernel_init_param: 0.045
	 > epochs: 200
	 > Batch Size: 64
	 Evaluation options
	 > Pool average from videos sequences: False
Running for fold: cross_subject
fold_path:: /demo/ARN-LSTM/runs/NTU/ARN_joint/fold_cross_subject/
> 0: ACC: 92.46% Loss: 0.2005 - MAX val_ACC: 77.64% val_Loss: 0.9713
> 1: ACC: 95.74% Loss: 0.1268 - MAX val_ACC: 77.38% val_Loss: 1.2892
> 2: ACC: 94.85% Loss: 0.1484 - MAX val_ACC: 77.61% val_Loss: 1.1271
> 3: ACC: 95.66% Loss: 0.1274 - MAX val_ACC: 77.28% val_Loss: 1.2734
> 4: ACC: 92.99% Loss: 0.1957 - MAX val_ACC: 78.04% val_Loss: 1.0976
Running for fold: cross_view
fold_path:: /demo/ARN-LSTM/runs/NTU/ARN_joint/fold_cross_view/
> 0: ACC: 95.30% Loss: 0.1273 - MAX val_ACC: 80.51% val_Loss: 1.0028
> 1: ACC: 91.57% Loss: 0.2369 - MAX val_ACC: 78.48% val_Loss: 0.9027
> 2: ACC: 93.05% Loss: 0.1907 - MAX val_ACC: 78.66% val_Loss: 1.0118
> 3: ACC: 93.57% Loss: 0.1781 - MAX val_ACC: 80.68% val_Loss: 0.8910
> 4: ACC: 95.41% Loss: 0.1190 - MAX val_ACC: 80.22% val_Loss: 1.0127
+++++ Summarized results:

Summary for Dataset, Folds, Experiment:
> NTU | ['cross_subject', 'cross_view'] | ARN_joint
     accuracy   loss val_accuracy val_loss epoch
0      92.99% 0.1957       78.04%   1.0976   148
1      93.57% 0.1781       80.68%   0.8910   160
mean   93.28% 0.1869       79.36%   0.9943   154
std     0.41% 0.0125        1.87%   0.1460     8
Val ACC Mean: 79.36% Std: 0.0187

> Finished Run Protocol - Sat Jan 25 08:42:23 2025
> Starting Run Protocol -  Sat Jan 25 08:42:24 2025
Running for dataset: NTU-V2
Running for folds: ['cross_subject', 'cross_setup']
Experiment name: ARN_joint
Experiment folder: /demo/ARN-LSTM/runs/NTU-V2/ARN_joint
Number of reruns per dataset fold: 5
Resuming run protocol...
***** Experiment parameters *****
Configuration file: configs/NTU-V2/no-lstm/ARN_joint.cfg
	 Skeleton info
	 > selected_joints: ['Nose', 'Neck', 'MidHip', 'LShoulder', 'LElbow', 'LWrist', 'RShoulder', 'RElbow', 'RWrist', 'LHip', 'LKnee', 'LAnkle', 'RHip', 'RKnee', 'RAnkle']
	 > add_joint_idx: False
	 > add_body_part: False
	 > timesteps: 32
	 > skip_timesteps: None
	 > normalization: NTU
	 > sample_method: central
	 > arch: joint
	 Model info
	 > rel_type: joint_stream
	 > fuse_type: None
	 > compute_distance: False
	 > compute_motion: False
	 > use_relations: True
	 > use_attention: True
	 > return_attention: False
	 > Using Temporal RN: False
	 Training options
	 > drop_rate: 0.1
	 > kernel_init_type: TruncatedNormal
	 > learning_rate: 0.0001
	 > checkpoint_period: 1
	 > kernel_init_param: 0.045
	 > epochs: 200
	 > Batch Size: 64
	 Evaluation options
	 > Pool average from videos sequences: False
Running for fold: cross_subject
fold_path:: /demo/ARN-LSTM/runs/NTU-V2/ARN_joint/fold_cross_subject/
> 0: ACC: 92.01% Loss: 0.2279 - MAX val_ACC: 65.23% val_Loss: 2.0414
> 1: ACC: 93.04% Loss: 0.1994 - MAX val_ACC: 63.84% val_Loss: 2.1991
> 2: ACC: 86.12% Loss: 0.4014 - MAX val_ACC: 63.10% val_Loss: 1.7297
> 3: ACC: 93.92% Loss: 0.1722 - MAX val_ACC: 62.54% val_Loss: 2.5414
> 4: ACC: 91.44% Loss: 0.2463 - MAX val_ACC: 62.05% val_Loss: 2.3286
Running for fold: cross_setup
fold_path:: /demo/ARN-LSTM/runs/NTU-V2/ARN_joint/fold_cross_setup/
> 0: ACC: 91.97% Loss: 0.2275 - MAX val_ACC: 63.43% val_Loss: 2.2980
> 1: ACC: 91.66% Loss: 0.2365 - MAX val_ACC: 62.93% val_Loss: 2.2315
> 2: ACC: 93.34% Loss: 0.1967 - MAX val_ACC: 64.14% val_Loss: 2.2730
> 3: ACC: 91.89% Loss: 0.2367 - MAX val_ACC: 62.57% val_Loss: 2.2989
> 4: ACC: 93.90% Loss: 0.1784 - MAX val_ACC: 62.52% val_Loss: 2.3594
+++++ Summarized results:

Summary for Dataset, Folds, Experiment:
> NTU-V2 | ['cross_subject', 'cross_setup'] | ARN_joint
     accuracy   loss val_accuracy val_loss epoch
0      92.01% 0.2279       65.23%   2.0414   161
1      93.34% 0.1967       64.14%   2.2730   200
mean   92.68% 0.2123       64.68%   2.1572   180
std     0.94% 0.0221        0.77%   0.1638    28
Val ACC Mean: 64.68% Std: 0.0077

> Finished Run Protocol - Sat Jan 25 08:42:24 2025
> Starting Run Protocol -  Sat Jan 25 08:42:25 2025
Running for dataset: NTU
Running for folds: ['cross_subject', 'cross_view']
Experiment name: ARN_temp
Experiment folder: /demo/ARN-LSTM/runs/NTU/ARN_temp
Number of reruns per dataset fold: 5
Resuming run protocol...
***** Experiment parameters *****
Configuration file: configs/NTU-V1/no-lstm/ARN_temp.cfg
	 Skeleton info
	 > selected_joints: ['Nose', 'Neck', 'MidHip', 'LShoulder', 'LElbow', 'LWrist', 'RShoulder', 'RElbow', 'RWrist', 'LHip', 'LKnee', 'LAnkle', 'RHip', 'RKnee', 'RAnkle']
	 > add_joint_idx: False
	 > add_body_part: False
	 > timesteps: 32
	 > skip_timesteps: None
	 > normalization: NTU
	 > sample_method: central
	 > arch: temp
	 Model info
	 > rel_type: temp_stream
	 > fuse_type: None
	 > compute_distance: False
	 > compute_motion: False
	 > use_relations: True
	 > use_attention: True
	 > return_attention: False
	 > Using Temporal RN: False
	 Training options
	 > drop_rate: 0.1
	 > kernel_init_type: TruncatedNormal
	 > learning_rate: 0.0001
	 > checkpoint_period: 1
	 > kernel_init_param: 0.045
	 > epochs: 200
	 > Batch Size: 64
	 Evaluation options
	 > Pool average from videos sequences: False
Running for fold: cross_subject
fold_path:: /demo/ARN-LSTM/runs/NTU/ARN_temp/fold_cross_subject/
> 0: ACC: 91.80% Loss: 0.2164 - MAX val_ACC: 82.03% val_Loss: 0.7933
> 1: ACC: 95.22% Loss: 0.1292 - MAX val_ACC: 82.36% val_Loss: 0.8276
> 2: ACC: 92.95% Loss: 0.1861 - MAX val_ACC: 81.57% val_Loss: 0.7681
> 3: ACC: 93.82% Loss: 0.1619 - MAX val_ACC: 82.07% val_Loss: 0.8263
> 4: ACC: 93.44% Loss: 0.1743 - MAX val_ACC: 82.03% val_Loss: 0.8018
Running for fold: cross_view
fold_path:: /demo/ARN-LSTM/runs/NTU/ARN_temp/fold_cross_view/
> 0: ACC: 94.57% Loss: 0.1485 - MAX val_ACC: 83.23% val_Loss: 0.7262
> 1: ACC: 92.89% Loss: 0.1929 - MAX val_ACC: 82.94% val_Loss: 0.7479
> 2: ACC: 92.92% Loss: 0.1915 - MAX val_ACC: 82.62% val_Loss: 0.7565
> 3: ACC: 93.64% Loss: 0.1762 - MAX val_ACC: 82.94% val_Loss: 0.7658
> 4: ACC: 94.93% Loss: 0.1394 - MAX val_ACC: 84.01% val_Loss: 0.7573
+++++ Summarized results:

Summary for Dataset, Folds, Experiment:
> NTU | ['cross_subject', 'cross_view'] | ARN_temp
     accuracy   loss val_accuracy val_loss epoch
0      95.22% 0.1292       82.36%   0.8276   180
1      94.93% 0.1394       84.01%   0.7573   195
mean   95.08% 0.1343       83.19%   0.7924   188
std     0.20% 0.0072        1.16%   0.0497    11
Val ACC Mean: 83.19% Std: 0.0116

> Finished Run Protocol - Sat Jan 25 08:42:25 2025
> Starting Run Protocol -  Sat Jan 25 08:42:26 2025
Running for dataset: NTU-V2
Running for folds: ['cross_subject', 'cross_setup']
Experiment name: ARN_temp
Experiment folder: /demo/ARN-LSTM/runs/NTU-V2/ARN_temp
Number of reruns per dataset fold: 5
Resuming run protocol...
***** Experiment parameters *****
Configuration file: configs/NTU-V2/no-lstm/ARN_temp.cfg
	 Skeleton info
	 > selected_joints: ['Nose', 'Neck', 'MidHip', 'LShoulder', 'LElbow', 'LWrist', 'RShoulder', 'RElbow', 'RWrist', 'LHip', 'LKnee', 'LAnkle', 'RHip', 'RKnee', 'RAnkle']
	 > add_joint_idx: False
	 > add_body_part: False
	 > timesteps: 32
	 > skip_timesteps: None
	 > normalization: NTU
	 > sample_method: central
	 > arch: temp
	 Model info
	 > rel_type: temp_stream
	 > fuse_type: None
	 > compute_distance: False
	 > compute_motion: False
	 > use_relations: True
	 > use_attention: True
	 > return_attention: False
	 > Using Temporal RN: False
	 Training options
	 > drop_rate: 0.1
	 > kernel_init_type: TruncatedNormal
	 > learning_rate: 0.0001
	 > checkpoint_period: 1
	 > kernel_init_param: 0.045
	 > epochs: 200
	 > Batch Size: 64
	 Evaluation options
	 > Pool average from videos sequences: False
Running for fold: cross_subject
fold_path:: /demo/ARN-LSTM/runs/NTU-V2/ARN_temp/fold_cross_subject/
> 0: ACC: 91.39% Loss: 0.2372 - MAX val_ACC: 68.73% val_Loss: 1.7045
> 1: ACC: 91.36% Loss: 0.2418 - MAX val_ACC: 69.28% val_Loss: 1.6679
> 2: ACC: 92.46% Loss: 0.2119 - MAX val_ACC: 69.01% val_Loss: 1.7292
> 3: ACC: 90.07% Loss: 0.2790 - MAX val_ACC: 69.48% val_Loss: 1.4812
> 4: ACC: 92.56% Loss: 0.2076 - MAX val_ACC: 69.02% val_Loss: 1.7904
Running for fold: cross_setup
fold_path:: /demo/ARN-LSTM/runs/NTU-V2/ARN_temp/fold_cross_setup/
> 0: ACC: 92.14% Loss: 0.2230 - MAX val_ACC: 69.46% val_Loss: 1.7050
> 1: ACC: 92.10% Loss: 0.2225 - MAX val_ACC: 70.48% val_Loss: 1.6247
> 2: ACC: 89.62% Loss: 0.2883 - MAX val_ACC: 69.18% val_Loss: 1.4822
> 3: ACC: 91.72% Loss: 0.2316 - MAX val_ACC: 69.47% val_Loss: 1.6393
> 4: ACC: 91.48% Loss: 0.2282 - MAX val_ACC: 69.90% val_Loss: 1.6066
+++++ Summarized results:

Summary for Dataset, Folds, Experiment:
> NTU-V2 | ['cross_subject', 'cross_setup'] | ARN_temp
     accuracy   loss val_accuracy val_loss epoch
0      90.07% 0.2790       69.48%   1.4812   156
1      92.10% 0.2225       70.48%   1.6247   190
mean   91.09% 0.2507       69.98%   1.5529   173
std     1.44% 0.0399        0.71%   0.1015    24
Val ACC Mean: 69.98% Std: 0.0071

> Finished Run Protocol - Sat Jan 25 08:42:26 2025
> Starting Run Protocol -  Sat Jan 25 08:42:27 2025
Running for dataset: NTU
Running for folds: ['cross_subject', 'cross_view']
Experiment name: ARN_joint+temp
Experiment folder: /demo/ARN-LSTM/runs/NTU/ARN_joint+temp
Number of reruns per dataset fold: 5
Resuming run protocol...
***** Experiment parameters *****
Configuration file: configs/NTU-V1/no-lstm/ARN_joint+temp.cfg
	 Skeleton info
	 > selected_joints: ['Nose', 'Neck', 'MidHip', 'LShoulder', 'LElbow', 'LWrist', 'RShoulder', 'RElbow', 'RWrist', 'LHip', 'LKnee', 'LAnkle', 'RHip', 'RKnee', 'RAnkle']
	 > add_joint_idx: False
	 > add_body_part: False
	 > timesteps: 32
	 > skip_timesteps: None
	 > normalization: NTU
	 > sample_method: central
	 > arch: joint
	 Fusion info
	 > fusion mode: middle
	 > config_filepaths: ['configs/NTU-V1/no-lstm/ARN_joint.cfg', 'configs/NTU-V1/no-lstm/ARN_temp.cfg']
	 > freeze_g_theta: False
	 > fuse_at_fc1: False
	 > new_arch: True
	 > Criteria for weights: val_loss
	 > Using Temporal RN: False
	 Training options
	 > drop_rate: 0.1
	 > epochs: 200
	 > learning_rate: 0.0001
	 > checkpoint_period: 1
	 > Batch Size: 64
	 Evaluation options
	 > Pool average from videos sequences: False
Running for fold: cross_subject
fold_path:: /demo/ARN-LSTM/runs/NTU/ARN_joint+temp/fold_cross_subject/
> fold weights filepaths: ['runs/NTU/ARN_joint/fold_cross_subject/rerun_0/relnet_weights.hdf5', 'runs/NTU/ARN_temp/fold_cross_subject/rerun_4/relnet_weights.hdf5']
> 0: ACC: 91.16% Loss: 0.2357 - MAX val_ACC: 82.43% val_Loss: 0.6353
> 1: ACC: 98.80% Loss: 0.0330 - MAX val_ACC: 83.95% val_Loss: 0.9439
> 2: ACC: 97.99% Loss: 0.0571 - MAX val_ACC: 83.69% val_Loss: 0.8953
> 3: ACC: 98.50% Loss: 0.0415 - MAX val_ACC: 83.88% val_Loss: 0.9151
> 4: ACC: 95.86% Loss: 0.1124 - MAX val_ACC: 84.02% val_Loss: 0.8003
Running for fold: cross_view
fold_path:: /demo/ARN-LSTM/runs/NTU/ARN_joint+temp/fold_cross_view/
> fold weights filepaths: ['runs/NTU/ARN_joint/fold_cross_view/rerun_3/relnet_weights.hdf5', 'runs/NTU/ARN_temp/fold_cross_view/rerun_4/relnet_weights.hdf5']
> 0: ACC: 98.62% Loss: 0.0462 - MAX val_ACC: 86.03% val_Loss: 0.7407
> 1: ACC: 98.58% Loss: 0.0406 - MAX val_ACC: 86.15% val_Loss: 0.7798
> 2: ACC: 97.60% Loss: 0.0685 - MAX val_ACC: 86.38% val_Loss: 0.7606
> 3: ACC: 96.11% Loss: 0.1105 - MAX val_ACC: 86.38% val_Loss: 0.6923
> 4: ACC: 98.03% Loss: 0.0607 - MAX val_ACC: 85.71% val_Loss: 0.8051
+++++ Summarized results:

Summary for Dataset, Folds, Experiment:
> NTU | ['cross_subject', 'cross_view'] | ARN_joint+temp
     accuracy   loss val_accuracy val_loss epoch
0      95.86% 0.1124       84.02%   0.8003    82
1      96.11% 0.1105       86.38%   0.6923   137
mean   95.98% 0.1114       85.20%   0.7463   110
std     0.18% 0.0014        1.67%   0.0764    39
Val ACC Mean: 85.20% Std: 0.0167

> Finished Run Protocol - Sat Jan 25 08:42:27 2025
> Starting Run Protocol -  Sat Jan 25 08:42:28 2025
Running for dataset: NTU-V2
Running for folds: ['cross_subject', 'cross_setup']
Experiment name: ARN_joint+temp
Experiment folder: /demo/ARN-LSTM/runs/NTU-V2/ARN_joint+temp
Number of reruns per dataset fold: 5
Resuming run protocol...
***** Experiment parameters *****
Configuration file: configs/NTU-V2/no-lstm/ARN_joint+temp.cfg
	 Skeleton info
	 > selected_joints: ['Nose', 'Neck', 'MidHip', 'LShoulder', 'LElbow', 'LWrist', 'RShoulder', 'RElbow', 'RWrist', 'LHip', 'LKnee', 'LAnkle', 'RHip', 'RKnee', 'RAnkle']
	 > add_joint_idx: False
	 > add_body_part: False
	 > timesteps: 32
	 > skip_timesteps: None
	 > normalization: NTU
	 > sample_method: central
	 > arch: joint
	 Fusion info
	 > fusion mode: middle
	 > config_filepaths: ['configs/NTU-V2/no-lstm/ARN_joint.cfg', 'configs/NTU-V2/no-lstm/ARN_temp.cfg']
	 > freeze_g_theta: False
	 > fuse_at_fc1: False
	 > new_arch: True
	 > Criteria for weights: val_loss
	 > Using Temporal RN: False
	 Training options
	 > drop_rate: 0.1
	 > epochs: 200
	 > learning_rate: 0.0001
	 > checkpoint_period: 1
	 > Batch Size: 64
	 Evaluation options
	 > Pool average from videos sequences: False
Running for fold: cross_subject
fold_path:: /demo/ARN-LSTM/runs/NTU-V2/ARN_joint+temp/fold_cross_subject/
> fold weights filepaths: ['runs/NTU-V2/ARN_joint/fold_cross_subject/rerun_0/relnet_weights.hdf5', 'runs/NTU-V2/ARN_temp/fold_cross_subject/rerun_0/relnet_weights.hdf5']
> 0: ACC: 98.74% Loss: 0.0429 - MAX val_ACC: 72.39% val_Loss: 1.9196
> 1: ACC: 97.95% Loss: 0.0627 - MAX val_ACC: 72.80% val_Loss: 1.9018
> 2: ACC: 99.47% Loss: 0.0217 - MAX val_ACC: 73.14% val_Loss: 1.9631
> 3: ACC: 98.90% Loss: 0.0389 - MAX val_ACC: 72.93% val_Loss: 1.9841
> 4: ACC: 97.87% Loss: 0.0676 - MAX val_ACC: 72.37% val_Loss: 1.8666
Running for fold: cross_setup
fold_path:: /demo/ARN-LSTM/runs/NTU-V2/ARN_joint+temp/fold_cross_setup/
> fold weights filepaths: ['runs/NTU-V2/ARN_joint/fold_cross_setup/rerun_2/relnet_weights.hdf5', 'runs/NTU-V2/ARN_temp/fold_cross_setup/rerun_1/relnet_weights.hdf5']
> 0: ACC: 96.70% Loss: 0.0983 - MAX val_ACC: 73.01% val_Loss: 1.6296
> 1: ACC: 99.31% Loss: 0.0231 - MAX val_ACC: 73.03% val_Loss: 2.0247
> 2: ACC: 99.22% Loss: 0.0264 - MAX val_ACC: 73.33% val_Loss: 2.0576
> 3: ACC: 99.49% Loss: 0.0186 - MAX val_ACC: 73.23% val_Loss: 1.9563
> 4: ACC: 99.09% Loss: 0.0329 - MAX val_ACC: 73.68% val_Loss: 1.8403
+++++ Summarized results:

Summary for Dataset, Folds, Experiment:
> NTU-V2 | ['cross_subject', 'cross_setup'] | ARN_joint+temp
     accuracy   loss val_accuracy val_loss epoch
0      99.47% 0.0217       73.14%   1.9631   176
1      99.09% 0.0329       73.68%   1.8403   142
mean   99.28% 0.0273       73.41%   1.9017   159
std     0.27% 0.0079        0.38%   0.0869    24
Val ACC Mean: 73.41% Std: 0.0038

> Finished Run Protocol - Sat Jan 25 08:42:28 2025
> Starting Run Protocol -  Sat Jan 25 08:42:29 2025
Running for dataset: NTU
Running for folds: ['cross_subject', 'cross_view']
Experiment name: ARN-fc1_joint+temp
Experiment folder: /demo/ARN-LSTM/runs/NTU/ARN-fc1_joint+temp
Number of reruns per dataset fold: 5
Resuming run protocol...
***** Experiment parameters *****
Configuration file: configs/NTU-V1/no-lstm/ARN-fc1_joint+temp.cfg
	 Skeleton info
	 > selected_joints: ['Nose', 'Neck', 'MidHip', 'LShoulder', 'LElbow', 'LWrist', 'RShoulder', 'RElbow', 'RWrist', 'LHip', 'LKnee', 'LAnkle', 'RHip', 'RKnee', 'RAnkle']
	 > add_joint_idx: False
	 > add_body_part: False
	 > timesteps: 32
	 > skip_timesteps: None
	 > normalization: NTU
	 > sample_method: central
	 > arch: joint
	 Fusion info
	 > fusion mode: middle
	 > config_filepaths: ['configs/NTU-V1/no-lstm/ARN_joint.cfg', 'configs/NTU-V1/no-lstm/ARN_temp.cfg']
	 > freeze_g_theta: False
	 > fuse_at_fc1: True
	 > new_arch: True
	 > Criteria for weights: val_loss
	 > Using Temporal RN: False
	 Training options
	 > drop_rate: 0.1
	 > epochs: 200
	 > learning_rate: 0.0001
	 > checkpoint_period: 1
	 > Batch Size: 64
	 Evaluation options
	 > Pool average from videos sequences: False
Running for fold: cross_subject
fold_path:: /demo/ARN-LSTM/runs/NTU/ARN-fc1_joint+temp/fold_cross_subject/
> fold weights filepaths: ['runs/NTU/ARN_joint/fold_cross_subject/rerun_0/relnet_weights.hdf5', 'runs/NTU/ARN_temp/fold_cross_subject/rerun_4/relnet_weights.hdf5']
> 0: ACC: 97.57% Loss: 0.0717 - MAX val_ACC: 82.89% val_Loss: 0.8741
> 1: ACC: 98.89% Loss: 0.0305 - MAX val_ACC: 83.85% val_Loss: 0.9486
> 2: ACC: 97.40% Loss: 0.0786 - MAX val_ACC: 84.02% val_Loss: 0.8668
> 3: ACC: 98.43% Loss: 0.0432 - MAX val_ACC: 84.18% val_Loss: 0.9580
> 4: ACC: 98.09% Loss: 0.0609 - MAX val_ACC: 84.31% val_Loss: 0.8484
Running for fold: cross_view
fold_path:: /demo/ARN-LSTM/runs/NTU/ARN-fc1_joint+temp/fold_cross_view/
> fold weights filepaths: ['runs/NTU/ARN_joint/fold_cross_view/rerun_3/relnet_weights.hdf5', 'runs/NTU/ARN_temp/fold_cross_view/rerun_4/relnet_weights.hdf5']
> 0: ACC: 98.07% Loss: 0.0557 - MAX val_ACC: 85.63% val_Loss: 0.7578
> 1: ACC: 98.72% Loss: 0.0382 - MAX val_ACC: 86.09% val_Loss: 0.7450
> 2: ACC: 97.68% Loss: 0.0666 - MAX val_ACC: 86.00% val_Loss: 0.7107
> 3: ACC: 98.39% Loss: 0.0456 - MAX val_ACC: 85.83% val_Loss: 0.8146
> 4: ACC: 97.68% Loss: 0.0698 - MAX val_ACC: 85.83% val_Loss: 0.7232
+++++ Summarized results:

Summary for Dataset, Folds, Experiment:
> NTU | ['cross_subject', 'cross_view'] | ARN-fc1_joint+temp
     accuracy   loss val_accuracy val_loss epoch
0      98.09% 0.0609       84.31%   0.8484   181
1      98.72% 0.0382       86.09%   0.7450   163
mean   98.40% 0.0495       85.20%   0.7967   172
std     0.45% 0.0160        1.26%   0.0731    13
Val ACC Mean: 85.20% Std: 0.0126

> Finished Run Protocol - Sat Jan 25 08:42:29 2025
> Starting Run Protocol -  Sat Jan 25 08:42:30 2025
Running for dataset: NTU-V2
Running for folds: ['cross_subject', 'cross_setup']
Experiment name: ARN-fc1_joint+temp
Experiment folder: /demo/ARN-LSTM/runs/NTU-V2/ARN-fc1_joint+temp
Number of reruns per dataset fold: 5
Resuming run protocol...
***** Experiment parameters *****
Configuration file: configs/NTU-V2/no-lstm/ARN-fc1_joint+temp.cfg
	 Skeleton info
	 > selected_joints: ['Nose', 'Neck', 'MidHip', 'LShoulder', 'LElbow', 'LWrist', 'RShoulder', 'RElbow', 'RWrist', 'LHip', 'LKnee', 'LAnkle', 'RHip', 'RKnee', 'RAnkle']
	 > add_joint_idx: False
	 > add_body_part: False
	 > timesteps: 32
	 > skip_timesteps: None
	 > normalization: NTU
	 > sample_method: central
	 > arch: joint
	 Fusion info
	 > fusion mode: middle
	 > config_filepaths: ['configs/NTU-V2/no-lstm/ARN_joint.cfg', 'configs/NTU-V2/no-lstm/ARN_temp.cfg']
	 > freeze_g_theta: False
	 > fuse_at_fc1: True
	 > new_arch: True
	 > Criteria for weights: val_loss
	 > Using Temporal RN: False
	 Training options
	 > drop_rate: 0.1
	 > epochs: 200
	 > learning_rate: 0.0001
	 > checkpoint_period: 1
	 > Batch Size: 64
	 Evaluation options
	 > Pool average from videos sequences: False
Running for fold: cross_subject
fold_path:: /demo/ARN-LSTM/runs/NTU-V2/ARN-fc1_joint+temp/fold_cross_subject/
> fold weights filepaths: ['runs/NTU-V2/ARN_joint/fold_cross_subject/rerun_0/relnet_weights.hdf5', 'runs/NTU-V2/ARN_temp/fold_cross_subject/rerun_0/relnet_weights.hdf5']
> 0: ACC: 98.39% Loss: 0.0485 - MAX val_ACC: 72.04% val_Loss: 2.0569
> 1: ACC: 99.28% Loss: 0.0222 - MAX val_ACC: 71.90% val_Loss: 2.1944
> 2: ACC: 98.26% Loss: 0.0523 - MAX val_ACC: 72.17% val_Loss: 2.0847
> 3: ACC: 98.29% Loss: 0.0519 - MAX val_ACC: 72.35% val_Loss: 1.9339
> 4: ACC: 97.91% Loss: 0.0654 - MAX val_ACC: 72.23% val_Loss: 1.8935
Running for fold: cross_setup
fold_path:: /demo/ARN-LSTM/runs/NTU-V2/ARN-fc1_joint+temp/fold_cross_setup/
> fold weights filepaths: ['runs/NTU-V2/ARN_joint/fold_cross_setup/rerun_2/relnet_weights.hdf5', 'runs/NTU-V2/ARN_temp/fold_cross_setup/rerun_1/relnet_weights.hdf5']
> 0: ACC: 98.85% Loss: 0.0363 - MAX val_ACC: 72.79% val_Loss: 1.8550
> 1: ACC: 98.76% Loss: 0.0369 - MAX val_ACC: 72.85% val_Loss: 1.9331
> 2: ACC: 99.77% Loss: 0.0099 - MAX val_ACC: 72.65% val_Loss: 2.1039
> 3: ACC: 98.17% Loss: 0.0565 - MAX val_ACC: 72.81% val_Loss: 1.8538
> 4: ACC: 97.52% Loss: 0.0755 - MAX val_ACC: 73.07% val_Loss: 1.7327
+++++ Summarized results:

Summary for Dataset, Folds, Experiment:
> NTU-V2 | ['cross_subject', 'cross_setup'] | ARN-fc1_joint+temp
     accuracy   loss val_accuracy val_loss epoch
0      98.29% 0.0519       72.35%   1.9339   135
1      97.52% 0.0755       73.07%   1.7327    97
mean   97.91% 0.0637       72.71%   1.8333   116
std     0.55% 0.0167        0.51%   0.1423    27
Val ACC Mean: 72.71% Std: 0.0051

> Finished Run Protocol - Sat Jan 25 08:42:30 2025
> Starting Run Protocol -  Sat Jan 25 08:42:31 2025
Running for dataset: SBU
Running for folds: [0 1 2 3 4]
Experiment name: ARN_inward_no_motion
Experiment folder: /demo/ARN-LSTM/runs/SBU/ARN_inward_no_motion
Number of reruns per dataset fold: 5
Resuming run protocol...
***** Experiment parameters *****
Configuration file: configs/SBU/ARN_inward_no_motion.cfg
	 Skeleton info
	 > selected_joints: None
	 > add_joint_idx: True
	 > add_body_part: True
	 > timesteps: 10
	 > skip_timesteps: None
	 > normalization: None
	 Model info
	 > rel_type: inter
	 > fuse_type: None
	 > compute_distance: False
	 > compute_motion: False
	 > Using Temporal RN: False
	 Training options
	 > drop_rate: 0.1
	 > kernel_init_type: TruncatedNormal
	 > learning_rate: 0.0001
	 > checkpoint_period: 1
	 > kernel_init_param: 0.045
	 > epochs: 150
	 > Batch Size: 64
	 Evaluation options
	 > Pool average from videos sequences: False
Running for fold: 0
fold_path:: /demo/ARN-LSTM/runs/SBU/ARN_inward_no_motion/fold_0/
> 0: ACC: 95.59% Loss: 0.1821 - MAX val_ACC: 89.09% val_Loss: 0.5728
> 1: ACC: 98.24% Loss: 0.0931 - MAX val_ACC: 87.27% val_Loss: 0.6564
> 2: ACC: 95.15% Loss: 0.1298 - MAX val_ACC: 87.27% val_Loss: 0.5937
> 3: ACC: 94.71% Loss: 0.2129 - MAX val_ACC: 89.09% val_Loss: 0.5366
> 4: ACC: 89.87% Loss: 0.3096 - MAX val_ACC: 87.27% val_Loss: 0.5098
Running for fold: 1
fold_path:: /demo/ARN-LSTM/runs/SBU/ARN_inward_no_motion/fold_1/
> 0: ACC: 97.39% Loss: 0.0934 - MAX val_ACC: 86.54% val_Loss: 0.8062
> 1: ACC: 86.52% Loss: 0.4211 - MAX val_ACC: 84.62% val_Loss: 0.5400
> 2: ACC: 96.09% Loss: 0.1077 - MAX val_ACC: 86.54% val_Loss: 0.6171
> 3: ACC: 83.48% Loss: 0.4268 - MAX val_ACC: 84.62% val_Loss: 0.5608
> 4: ACC: 89.13% Loss: 0.2830 - MAX val_ACC: 84.62% val_Loss: 0.5564
Running for fold: 2
fold_path:: /demo/ARN-LSTM/runs/SBU/ARN_inward_no_motion/fold_2/
> 0: ACC: 94.69% Loss: 0.1449 - MAX val_ACC: 92.86% val_Loss: 0.5170
> 1: ACC: 96.90% Loss: 0.1099 - MAX val_ACC: 92.86% val_Loss: 0.3702
> 2: ACC: 95.13% Loss: 0.1370 - MAX val_ACC: 89.29% val_Loss: 0.5910
> 3: ACC: 96.90% Loss: 0.1362 - MAX val_ACC: 92.86% val_Loss: 0.3996
> 4: ACC: 96.90% Loss: 0.1060 - MAX val_ACC: 92.86% val_Loss: 0.4002
Running for fold: 3
fold_path:: /demo/ARN-LSTM/runs/SBU/ARN_inward_no_motion/fold_3/
> 0: ACC: 94.74% Loss: 0.1641 - MAX val_ACC: 90.74% val_Loss: 0.3400
> 1: ACC: 96.05% Loss: 0.1001 - MAX val_ACC: 88.89% val_Loss: 0.3602
> 2: ACC: 90.35% Loss: 0.2557 - MAX val_ACC: 90.74% val_Loss: 0.3360
> 3: ACC: 98.25% Loss: 0.0902 - MAX val_ACC: 92.59% val_Loss: 0.3318
> 4: ACC: 96.49% Loss: 0.1062 - MAX val_ACC: 90.74% val_Loss: 0.3788
Running for fold: 4
fold_path:: /demo/ARN-LSTM/runs/SBU/ARN_inward_no_motion/fold_4/
> 0: ACC: 96.31% Loss: 0.1343 - MAX val_ACC: 83.08% val_Loss: 0.5298
> 1: ACC: 97.24% Loss: 0.0765 - MAX val_ACC: 87.69% val_Loss: 0.4376
> 2: ACC: 91.24% Loss: 0.2435 - MAX val_ACC: 87.69% val_Loss: 0.4749
> 3: ACC: 94.93% Loss: 0.1302 - MAX val_ACC: 84.62% val_Loss: 0.6173
> 4: ACC: 97.24% Loss: 0.0770 - MAX val_ACC: 86.15% val_Loss: 0.4542
+++++ Summarized results:

Summary for Dataset, Folds, Experiment:
> SBU | [0 1 2 3 4] | ARN_inward_no_motion
     accuracy   loss val_accuracy val_loss epoch
0      94.71% 0.2129       89.09%   0.5366    83
1      96.09% 0.1077       86.54%   0.6171   133
2      96.90% 0.1099       92.86%   0.3702   118
3      98.25% 0.0902       92.59%   0.3318   140
4      97.24% 0.0765       87.69%   0.4376   137
mean   96.64% 0.1194       89.75%   0.4587   122
std     1.32% 0.0540        2.86%   0.1179    23
Val ACC Mean: 89.75% Std: 0.0286

> Finished Run Protocol - Sat Jan 25 08:42:31 2025
> Starting Run Protocol -  Sat Jan 25 08:42:32 2025
Running for dataset: SBU
Running for folds: [0 1 2 3 4]
Experiment name: ARN_outward_no_motion
Experiment folder: /demo/ARN-LSTM/runs/SBU/ARN_outward_no_motion
Number of reruns per dataset fold: 5
Resuming run protocol...
***** Experiment parameters *****
Configuration file: configs/SBU/ARN_outward_no_motion.cfg
	 Skeleton info
	 > selected_joints: None
	 > add_joint_idx: True
	 > add_body_part: True
	 > timesteps: 10
	 > skip_timesteps: None
	 > normalization: None
	 Model info
	 > rel_type: indivs
	 > fuse_type: None
	 > compute_distance: False
	 > compute_motion: False
	 > Using Temporal RN: False
	 Training options
	 > drop_rate: 0.1
	 > kernel_init_type: TruncatedNormal
	 > learning_rate: 0.0001
	 > checkpoint_period: 1
	 > kernel_init_param: 0.045
	 > epochs: 150
	 > Batch Size: 64
	 Evaluation options
	 > Pool average from videos sequences: False
Running for fold: 0
fold_path:: /demo/ARN-LSTM/runs/SBU/ARN_outward_no_motion/fold_0/
> 0: ACC: 97.36% Loss: 0.0845 - MAX val_ACC: 96.36% val_Loss: 0.3178
> 1: ACC: 98.24% Loss: 0.0719 - MAX val_ACC: 92.73% val_Loss: 0.3257
> 2: ACC: 91.19% Loss: 0.2557 - MAX val_ACC: 92.73% val_Loss: 0.3310
> 3: ACC: 97.36% Loss: 0.0565 - MAX val_ACC: 92.73% val_Loss: 0.3565
> 4: ACC: 93.39% Loss: 0.1759 - MAX val_ACC: 94.55% val_Loss: 0.2456
Running for fold: 1
fold_path:: /demo/ARN-LSTM/runs/SBU/ARN_outward_no_motion/fold_1/
> 0: ACC: 96.96% Loss: 0.0927 - MAX val_ACC: 92.31% val_Loss: 0.3545
> 1: ACC: 93.04% Loss: 0.1755 - MAX val_ACC: 92.31% val_Loss: 0.2933
> 2: ACC: 96.96% Loss: 0.1108 - MAX val_ACC: 92.31% val_Loss: 0.2747
> 3: ACC: 98.26% Loss: 0.0430 - MAX val_ACC: 92.31% val_Loss: 0.2317
> 4: ACC: 98.70% Loss: 0.0546 - MAX val_ACC: 94.23% val_Loss: 0.2518
Running for fold: 2
fold_path:: /demo/ARN-LSTM/runs/SBU/ARN_outward_no_motion/fold_2/
> 0: ACC: 96.90% Loss: 0.0931 - MAX val_ACC: 98.21% val_Loss: 0.2639
> 1: ACC: 97.35% Loss: 0.0796 - MAX val_ACC: 98.21% val_Loss: 0.2005
> 2: ACC: 92.92% Loss: 0.1852 - MAX val_ACC: 96.43% val_Loss: 0.2687
> 3: ACC: 96.02% Loss: 0.1178 - MAX val_ACC: 98.21% val_Loss: 0.3528
> 4: ACC: 97.79% Loss: 0.0558 - MAX val_ACC: 96.43% val_Loss: 0.2660
Running for fold: 3
fold_path:: /demo/ARN-LSTM/runs/SBU/ARN_outward_no_motion/fold_3/
> 0: ACC: 99.12% Loss: 0.0524 - MAX val_ACC: 96.30% val_Loss: 0.1400
> 1: ACC: 96.49% Loss: 0.1024 - MAX val_ACC: 96.30% val_Loss: 0.1803
> 2: ACC: 94.74% Loss: 0.1376 - MAX val_ACC: 96.30% val_Loss: 0.1069
> 3: ACC: 95.61% Loss: 0.1245 - MAX val_ACC: 98.15% val_Loss: 0.2624
> 4: ACC: 96.93% Loss: 0.0753 - MAX val_ACC: 94.44% val_Loss: 0.2969
Running for fold: 4
fold_path:: /demo/ARN-LSTM/runs/SBU/ARN_outward_no_motion/fold_4/
> 0: ACC: 99.08% Loss: 0.0482 - MAX val_ACC: 92.31% val_Loss: 0.3496
> 1: ACC: 98.16% Loss: 0.0613 - MAX val_ACC: 92.31% val_Loss: 0.3308
> 2: ACC: 99.08% Loss: 0.0339 - MAX val_ACC: 93.85% val_Loss: 0.2332
> 3: ACC: 93.55% Loss: 0.1490 - MAX val_ACC: 87.69% val_Loss: 0.5013
> 4: ACC: 97.70% Loss: 0.0656 - MAX val_ACC: 92.31% val_Loss: 0.2690
+++++ Summarized results:

Summary for Dataset, Folds, Experiment:
> SBU | [0 1 2 3 4] | ARN_outward_no_motion
     accuracy   loss val_accuracy val_loss epoch
0      97.36% 0.0845       96.36%   0.3178   116
1      98.70% 0.0546       94.23%   0.2518   130
2      97.35% 0.0796       98.21%   0.2005   133
3      95.61% 0.1245       98.15%   0.2624    99
4      99.08% 0.0339       93.85%   0.2332   147
mean   97.62% 0.0754       96.16%   0.2531   125
std     1.36% 0.0342        2.08%   0.0431    18
Val ACC Mean: 96.16% Std: 0.0208

> Finished Run Protocol - Sat Jan 25 08:42:32 2025
> Starting Run Protocol -  Sat Jan 25 08:42:33 2025
Running for dataset: SBU
Running for folds: [0 1 2 3 4]
Experiment name: ARN_inward+outward_no_motion
Experiment folder: /demo/ARN-LSTM/runs/SBU/ARN_inward+outward_no_motion
Number of reruns per dataset fold: 5
Resuming run protocol...
***** Experiment parameters *****
Configuration file: configs/SBU/ARN_inward+outward_no_motion.cfg
	 Skeleton info
	 > selected_joints: None
	 > add_joint_idx: True
	 > add_body_part: True
	 > timesteps: 10
	 > skip_timesteps: None
	 > normalization: None
	 Fusion info
	 > fusion mode: middle
	 > config_filepaths: ['configs/SBU/ARN_inward_no_motion.cfg', 'configs/SBU/ARN_outward_no_motion.cfg']
	 > freeze_g_theta: False
	 > fuse_at_fc1: False
	 > Criteria for weights: val_loss
	 > Using Temporal RN: False
	 Training options
	 > drop_rate: 0.1
	 > epochs: 150
	 > learning_rate: 0.0001
	 > checkpoint_period: 1
	 > Batch Size: 64
	 Evaluation options
	 > Pool average from videos sequences: False
Running for fold: 0
fold_path:: /demo/ARN-LSTM/runs/SBU/ARN_inward+outward_no_motion/fold_0/
> fold weights filepaths: ['runs/SBU/ARN_inward_no_motion/fold_0/rerun_0/relnet_weights.hdf5', 'runs/SBU/ARN_outward_no_motion/fold_0/rerun_0/relnet_weights.hdf5']
> 0: ACC: 98.68% Loss: 0.0849 - MAX val_ACC: 89.09% val_Loss: 0.5442
> 1: ACC: 98.24% Loss: 0.0884 - MAX val_ACC: 90.91% val_Loss: 0.3618
> 2: ACC: 97.36% Loss: 0.1099 - MAX val_ACC: 92.73% val_Loss: 0.2995
> 3: ACC: 98.68% Loss: 0.0591 - MAX val_ACC: 90.91% val_Loss: 0.4687
> 4: ACC: 98.24% Loss: 0.0541 - MAX val_ACC: 89.09% val_Loss: 0.3361
Running for fold: 1
fold_path:: /demo/ARN-LSTM/runs/SBU/ARN_inward+outward_no_motion/fold_1/
> fold weights filepaths: ['runs/SBU/ARN_inward_no_motion/fold_1/rerun_2/relnet_weights.hdf5', 'runs/SBU/ARN_outward_no_motion/fold_1/rerun_3/relnet_weights.hdf5']
> 0: ACC: 100.00% Loss: 0.0206 - MAX val_ACC: 96.15% val_Loss: 0.2932
> 1: ACC: 99.57% Loss: 0.0299 - MAX val_ACC: 92.31% val_Loss: 0.3476
> 2: ACC: 100.00% Loss: 0.0208 - MAX val_ACC: 94.23% val_Loss: 0.3198
> 3: ACC: 97.83% Loss: 0.0672 - MAX val_ACC: 92.31% val_Loss: 0.3237
> 4: ACC: 97.83% Loss: 0.0915 - MAX val_ACC: 94.23% val_Loss: 0.3410
Running for fold: 2
fold_path:: /demo/ARN-LSTM/runs/SBU/ARN_inward+outward_no_motion/fold_2/
> fold weights filepaths: ['runs/SBU/ARN_inward_no_motion/fold_2/rerun_3/relnet_weights.hdf5', 'runs/SBU/ARN_outward_no_motion/fold_2/rerun_1/relnet_weights.hdf5']
> 0: ACC: 100.00% Loss: 0.0260 - MAX val_ACC: 96.43% val_Loss: 0.2905
> 1: ACC: 97.79% Loss: 0.0708 - MAX val_ACC: 94.64% val_Loss: 0.2267
> 2: ACC: 99.56% Loss: 0.0272 - MAX val_ACC: 96.43% val_Loss: 0.1806
> 3: ACC: 99.56% Loss: 0.0297 - MAX val_ACC: 94.64% val_Loss: 0.3031
> 4: ACC: 99.56% Loss: 0.0294 - MAX val_ACC: 96.43% val_Loss: 0.2832
Running for fold: 3
fold_path:: /demo/ARN-LSTM/runs/SBU/ARN_inward+outward_no_motion/fold_3/
> fold weights filepaths: ['runs/SBU/ARN_inward_no_motion/fold_3/rerun_2/relnet_weights.hdf5', 'runs/SBU/ARN_outward_no_motion/fold_3/rerun_2/relnet_weights.hdf5']
> 0: ACC: 98.68% Loss: 0.0566 - MAX val_ACC: 96.30% val_Loss: 0.1729
> 1: ACC: 100.00% Loss: 0.0066 - MAX val_ACC: 96.30% val_Loss: 0.1670
> 2: ACC: 99.12% Loss: 0.0343 - MAX val_ACC: 98.15% val_Loss: 0.1392
> 3: ACC: 98.68% Loss: 0.0527 - MAX val_ACC: 94.44% val_Loss: 0.1933
> 4: ACC: 99.56% Loss: 0.0218 - MAX val_ACC: 98.15% val_Loss: 0.0990
Running for fold: 4
fold_path:: /demo/ARN-LSTM/runs/SBU/ARN_inward+outward_no_motion/fold_4/
> fold weights filepaths: ['runs/SBU/ARN_inward_no_motion/fold_4/rerun_1/relnet_weights.hdf5', 'runs/SBU/ARN_outward_no_motion/fold_4/rerun_2/relnet_weights.hdf5']
> 0: ACC: 98.16% Loss: 0.0573 - MAX val_ACC: 87.69% val_Loss: 0.3742
> 1: ACC: 100.00% Loss: 0.0056 - MAX val_ACC: 92.31% val_Loss: 0.3376
> 2: ACC: 100.00% Loss: 0.0026 - MAX val_ACC: 89.23% val_Loss: 0.3915
> 3: ACC: 100.00% Loss: 0.0041 - MAX val_ACC: 93.85% val_Loss: 0.1892
> 4: ACC: 100.00% Loss: 0.0023 - MAX val_ACC: 93.85% val_Loss: 0.2472
+++++ Summarized results:

Summary for Dataset, Folds, Experiment:
> SBU | [0 1 2 3 4] | ARN_inward+outward_no_motion
     accuracy   loss val_accuracy val_loss epoch
0      97.36% 0.1099       92.73%   0.2995    24
1     100.00% 0.0206       96.15%   0.2932    49
2      99.56% 0.0272       96.43%   0.1806    56
3      99.56% 0.0218       98.15%   0.0990    74
4     100.00% 0.0041       93.85%   0.1892   137
mean   99.30% 0.0367       95.46%   0.2123    68
std     1.11% 0.0418        2.16%   0.0845    43
Val ACC Mean: 95.46% Std: 0.0216

> Finished Run Protocol - Sat Jan 25 08:42:34 2025
> Starting Run Protocol -  Sat Jan 25 08:42:35 2025
Running for dataset: SBU
Running for folds: [0 1 2 3 4]
Experiment name: ARN_inward
Experiment folder: /demo/ARN-LSTM/runs/SBU/ARN_inward
Number of reruns per dataset fold: 5
Resuming run protocol...
***** Experiment parameters *****
Configuration file: configs/SBU/ARN_inward.cfg
	 Skeleton info
	 > selected_joints: None
	 > add_joint_idx: True
	 > add_body_part: True
	 > timesteps: 10
	 > skip_timesteps: None
	 > normalization: None
	 Model info
	 > rel_type: inter
	 > fuse_type: None
	 > compute_distance: True
	 > compute_motion: True
	 > Using Temporal RN: False
	 Training options
	 > drop_rate: 0.1
	 > kernel_init_type: TruncatedNormal
	 > learning_rate: 0.0001
	 > checkpoint_period: 1
	 > kernel_init_param: 0.045
	 > epochs: 150
	 > Batch Size: 64
	 Evaluation options
	 > Pool average from videos sequences: False
Running for fold: 0
fold_path:: /demo/ARN-LSTM/runs/SBU/ARN_inward/fold_0/
> 0: ACC: 97.80% Loss: 0.0812 - MAX val_ACC: 90.91% val_Loss: 0.5246
> 1: ACC: 96.92% Loss: 0.1112 - MAX val_ACC: 92.73% val_Loss: 0.2835
> 2: ACC: 96.48% Loss: 0.0913 - MAX val_ACC: 90.91% val_Loss: 0.3423
> 3: ACC: 92.51% Loss: 0.2083 - MAX val_ACC: 89.09% val_Loss: 0.4571
> 4: ACC: 94.27% Loss: 0.1555 - MAX val_ACC: 90.91% val_Loss: 0.2606
Running for fold: 1
fold_path:: /demo/ARN-LSTM/runs/SBU/ARN_inward/fold_1/
> 0: ACC: 96.96% Loss: 0.1058 - MAX val_ACC: 90.38% val_Loss: 0.5792
> 1: ACC: 99.13% Loss: 0.0478 - MAX val_ACC: 88.46% val_Loss: 0.4214
> 2: ACC: 98.26% Loss: 0.0922 - MAX val_ACC: 86.54% val_Loss: 0.5765
> 3: ACC: 97.83% Loss: 0.0864 - MAX val_ACC: 88.46% val_Loss: 0.5664
> 4: ACC: 88.26% Loss: 0.2852 - MAX val_ACC: 88.46% val_Loss: 0.5583
Running for fold: 2
fold_path:: /demo/ARN-LSTM/runs/SBU/ARN_inward/fold_2/
> 0: ACC: 97.79% Loss: 0.0718 - MAX val_ACC: 94.64% val_Loss: 0.2741
> 1: ACC: 92.48% Loss: 0.2059 - MAX val_ACC: 92.86% val_Loss: 0.2908
> 2: ACC: 92.92% Loss: 0.1897 - MAX val_ACC: 92.86% val_Loss: 0.2851
> 3: ACC: 96.90% Loss: 0.1067 - MAX val_ACC: 92.86% val_Loss: 0.3286
> 4: ACC: 95.58% Loss: 0.1106 - MAX val_ACC: 96.43% val_Loss: 0.3244
Running for fold: 3
fold_path:: /demo/ARN-LSTM/runs/SBU/ARN_inward/fold_3/
> 0: ACC: 95.18% Loss: 0.1023 - MAX val_ACC: 90.74% val_Loss: 0.3271
> 1: ACC: 98.25% Loss: 0.0672 - MAX val_ACC: 90.74% val_Loss: 0.3098
> 2: ACC: 94.74% Loss: 0.1504 - MAX val_ACC: 92.59% val_Loss: 0.4456
> 3: ACC: 96.49% Loss: 0.0849 - MAX val_ACC: 90.74% val_Loss: 0.3326
> 4: ACC: 94.74% Loss: 0.1749 - MAX val_ACC: 92.59% val_Loss: 0.3347
Running for fold: 4
fold_path:: /demo/ARN-LSTM/runs/SBU/ARN_inward/fold_4/
> 0: ACC: 97.24% Loss: 0.1001 - MAX val_ACC: 90.77% val_Loss: 0.3112
> 1: ACC: 96.31% Loss: 0.0785 - MAX val_ACC: 93.85% val_Loss: 0.2699
> 2: ACC: 96.31% Loss: 0.1126 - MAX val_ACC: 93.85% val_Loss: 0.2266
> 3: ACC: 91.24% Loss: 0.1886 - MAX val_ACC: 93.85% val_Loss: 0.2927
> 4: ACC: 99.08% Loss: 0.0466 - MAX val_ACC: 92.31% val_Loss: 0.2903
+++++ Summarized results:

Summary for Dataset, Folds, Experiment:
> SBU | [0 1 2 3 4] | ARN_inward
     accuracy   loss val_accuracy val_loss epoch
0      96.92% 0.1112       92.73%   0.2835   141
1      96.96% 0.1058       90.38%   0.5792    99
2      95.58% 0.1106       96.43%   0.3244   116
3      94.74% 0.1749       92.59%   0.3347   122
4      96.31% 0.1126       93.85%   0.2266   118
mean   96.10% 0.1230       93.20%   0.3497   119
std     0.95% 0.0291        2.20%   0.1352    15
Val ACC Mean: 93.20% Std: 0.0220

> Finished Run Protocol - Sat Jan 25 08:42:35 2025
> Starting Run Protocol -  Sat Jan 25 08:42:36 2025
Running for dataset: SBU
Running for folds: [0 1 2 3 4]
Experiment name: ARN_outward
Experiment folder: /demo/ARN-LSTM/runs/SBU/ARN_outward
Number of reruns per dataset fold: 5
Resuming run protocol...
***** Experiment parameters *****
Configuration file: configs/SBU/ARN_outward.cfg
	 Skeleton info
	 > selected_joints: None
	 > add_joint_idx: True
	 > add_body_part: True
	 > timesteps: 10
	 > skip_timesteps: None
	 > normalization: None
	 Model info
	 > rel_type: indivs
	 > fuse_type: None
	 > compute_distance: True
	 > compute_motion: True
	 > Using Temporal RN: False
	 Training options
	 > drop_rate: 0.1
	 > kernel_init_type: TruncatedNormal
	 > learning_rate: 0.0001
	 > checkpoint_period: 1
	 > kernel_init_param: 0.045
	 > epochs: 150
	 > Batch Size: 64
	 Evaluation options
	 > Pool average from videos sequences: False
Running for fold: 0
fold_path:: /demo/ARN-LSTM/runs/SBU/ARN_outward/fold_0/
> 0: ACC: 96.92% Loss: 0.0784 - MAX val_ACC: 94.55% val_Loss: 0.2240
> 1: ACC: 98.24% Loss: 0.0623 - MAX val_ACC: 94.55% val_Loss: 0.2994
> 2: ACC: 95.59% Loss: 0.1318 - MAX val_ACC: 94.55% val_Loss: 0.2829
> 3: ACC: 97.36% Loss: 0.0759 - MAX val_ACC: 92.73% val_Loss: 0.4476
> 4: ACC: 88.55% Loss: 0.3329 - MAX val_ACC: 92.73% val_Loss: 0.4157
Running for fold: 1
fold_path:: /demo/ARN-LSTM/runs/SBU/ARN_outward/fold_1/
> 0: ACC: 99.57% Loss: 0.0475 - MAX val_ACC: 94.23% val_Loss: 0.1930
> 1: ACC: 99.13% Loss: 0.0452 - MAX val_ACC: 96.15% val_Loss: 0.2510
> 2: ACC: 98.70% Loss: 0.0526 - MAX val_ACC: 94.23% val_Loss: 0.2733
> 3: ACC: 100.00% Loss: 0.0382 - MAX val_ACC: 96.15% val_Loss: 0.2650
> 4: ACC: 98.26% Loss: 0.0508 - MAX val_ACC: 94.23% val_Loss: 0.2754
Running for fold: 2
fold_path:: /demo/ARN-LSTM/runs/SBU/ARN_outward/fold_2/
> 0: ACC: 99.12% Loss: 0.0487 - MAX val_ACC: 96.43% val_Loss: 0.2857
> 1: ACC: 96.46% Loss: 0.1112 - MAX val_ACC: 98.21% val_Loss: 0.2737
> 2: ACC: 98.23% Loss: 0.0689 - MAX val_ACC: 96.43% val_Loss: 0.1303
> 3: ACC: 98.23% Loss: 0.0742 - MAX val_ACC: 98.21% val_Loss: 0.2836
> 4: ACC: 96.90% Loss: 0.0692 - MAX val_ACC: 96.43% val_Loss: 0.3218
Running for fold: 3
fold_path:: /demo/ARN-LSTM/runs/SBU/ARN_outward/fold_3/
> 0: ACC: 96.93% Loss: 0.0988 - MAX val_ACC: 96.30% val_Loss: 0.1898
> 1: ACC: 97.37% Loss: 0.0729 - MAX val_ACC: 92.59% val_Loss: 0.2813
> 2: ACC: 94.30% Loss: 0.1338 - MAX val_ACC: 96.30% val_Loss: 0.1565
> 3: ACC: 96.93% Loss: 0.0943 - MAX val_ACC: 94.44% val_Loss: 0.2119
> 4: ACC: 98.68% Loss: 0.0855 - MAX val_ACC: 96.30% val_Loss: 0.2207
Running for fold: 4
fold_path:: /demo/ARN-LSTM/runs/SBU/ARN_outward/fold_4/
> 0: ACC: 96.31% Loss: 0.1087 - MAX val_ACC: 89.23% val_Loss: 0.2535
> 1: ACC: 97.24% Loss: 0.0667 - MAX val_ACC: 90.77% val_Loss: 0.3656
> 2: ACC: 95.85% Loss: 0.0863 - MAX val_ACC: 92.31% val_Loss: 0.2977
> 3: ACC: 99.08% Loss: 0.0553 - MAX val_ACC: 92.31% val_Loss: 0.3511
> 4: ACC: 99.08% Loss: 0.0419 - MAX val_ACC: 89.23% val_Loss: 0.3753
+++++ Summarized results:

Summary for Dataset, Folds, Experiment:
> SBU | [0 1 2 3 4] | ARN_outward
     accuracy   loss val_accuracy val_loss epoch
0      96.92% 0.0784       94.55%   0.2240   149
1      99.13% 0.0452       96.15%   0.2510   130
2      96.46% 0.1112       98.21%   0.2737   117
3      94.30% 0.1338       96.30%   0.1565   139
4      95.85% 0.0863       92.31%   0.2977   140
mean   96.53% 0.0910       95.50%   0.2406   135
std     1.76% 0.0336        2.21%   0.0544    12
Val ACC Mean: 95.50% Std: 0.0221

> Finished Run Protocol - Sat Jan 25 08:42:36 2025
> Starting Run Protocol -  Sat Jan 25 08:42:37 2025
Running for dataset: SBU
Running for folds: [0 1 2 3 4]
Experiment name: ARN_inward+outward
Experiment folder: /demo/ARN-LSTM/runs/SBU/ARN_inward+outward
Number of reruns per dataset fold: 5
Resuming run protocol...
***** Experiment parameters *****
Configuration file: configs/SBU/ARN_inward+outward.cfg
	 Skeleton info
	 > selected_joints: None
	 > add_joint_idx: True
	 > add_body_part: True
	 > timesteps: 10
	 > skip_timesteps: None
	 > normalization: None
	 Fusion info
	 > fusion mode: middle
	 > config_filepaths: ['configs/SBU/ARN_inward.cfg', 'configs/SBU/ARN_outward.cfg']
	 > freeze_g_theta: False
	 > fuse_at_fc1: False
	 > Criteria for weights: val_loss
	 > Using Temporal RN: False
	 Training options
	 > drop_rate: 0.1
	 > epochs: 150
	 > learning_rate: 0.0001
	 > checkpoint_period: 1
	 > Batch Size: 64
	 Evaluation options
	 > Pool average from videos sequences: False
Running for fold: 0
fold_path:: /demo/ARN-LSTM/runs/SBU/ARN_inward+outward/fold_0/
> fold weights filepaths: ['runs/SBU/ARN_inward/fold_0/rerun_2/relnet_weights.hdf5', 'runs/SBU/ARN_outward/fold_0/rerun_2/relnet_weights.hdf5']
> 0: ACC: 96.48% Loss: 0.1305 - MAX val_ACC: 92.73% val_Loss: 0.3745
> 1: ACC: 94.27% Loss: 0.1478 - MAX val_ACC: 90.91% val_Loss: 0.3938
> 2: ACC: 96.92% Loss: 0.0814 - MAX val_ACC: 92.73% val_Loss: 0.2583
> 3: ACC: 99.56% Loss: 0.0331 - MAX val_ACC: 89.09% val_Loss: 0.4829
> 4: ACC: 99.56% Loss: 0.0329 - MAX val_ACC: 89.09% val_Loss: 0.4732
Running for fold: 1
fold_path:: /demo/ARN-LSTM/runs/SBU/ARN_inward+outward/fold_1/
> fold weights filepaths: ['runs/SBU/ARN_inward/fold_1/rerun_1/relnet_weights.hdf5', 'runs/SBU/ARN_outward/fold_1/rerun_0/relnet_weights.hdf5']
> 0: ACC: 96.96% Loss: 0.0549 - MAX val_ACC: 94.23% val_Loss: 0.2432
> 1: ACC: 100.00% Loss: 0.0060 - MAX val_ACC: 92.31% val_Loss: 0.4513
> 2: ACC: 98.26% Loss: 0.0640 - MAX val_ACC: 92.31% val_Loss: 0.4838
> 3: ACC: 98.70% Loss: 0.0563 - MAX val_ACC: 92.31% val_Loss: 0.4033
> 4: ACC: 98.26% Loss: 0.0508 - MAX val_ACC: 94.23% val_Loss: 0.3190
Running for fold: 2
fold_path:: /demo/ARN-LSTM/runs/SBU/ARN_inward+outward/fold_2/
> fold weights filepaths: ['runs/SBU/ARN_inward/fold_2/rerun_0/relnet_weights.hdf5', 'runs/SBU/ARN_outward/fold_2/rerun_2/relnet_weights.hdf5']
> 0: ACC: 99.56% Loss: 0.0323 - MAX val_ACC: 98.21% val_Loss: 0.1275
> 1: ACC: 100.00% Loss: 0.0059 - MAX val_ACC: 98.21% val_Loss: 0.0766
> 2: ACC: 99.56% Loss: 0.0267 - MAX val_ACC: 96.43% val_Loss: 0.1711
> 3: ACC: 99.56% Loss: 0.0245 - MAX val_ACC: 94.64% val_Loss: 0.2016
> 4: ACC: 95.13% Loss: 0.2156 - MAX val_ACC: 96.43% val_Loss: 0.2242
Running for fold: 3
fold_path:: /demo/ARN-LSTM/runs/SBU/ARN_inward+outward/fold_3/
> fold weights filepaths: ['runs/SBU/ARN_inward/fold_3/rerun_1/relnet_weights.hdf5', 'runs/SBU/ARN_outward/fold_3/rerun_0/relnet_weights.hdf5']
> 0: ACC: 95.18% Loss: 0.1239 - MAX val_ACC: 92.59% val_Loss: 0.2399
> 1: ACC: 98.68% Loss: 0.0548 - MAX val_ACC: 94.44% val_Loss: 0.1929
> 2: ACC: 100.00% Loss: 0.0147 - MAX val_ACC: 94.44% val_Loss: 0.2424
> 3: ACC: 99.56% Loss: 0.0314 - MAX val_ACC: 94.44% val_Loss: 0.2242
> 4: ACC: 100.00% Loss: 0.0096 - MAX val_ACC: 90.74% val_Loss: 0.2487
Running for fold: 4
fold_path:: /demo/ARN-LSTM/runs/SBU/ARN_inward+outward/fold_4/
> fold weights filepaths: ['runs/SBU/ARN_inward/fold_4/rerun_2/relnet_weights.hdf5', 'runs/SBU/ARN_outward/fold_4/rerun_0/relnet_weights.hdf5']
> 0: ACC: 100.00% Loss: 0.0098 - MAX val_ACC: 93.85% val_Loss: 0.2493
> 1: ACC: 100.00% Loss: 0.0028 - MAX val_ACC: 95.38% val_Loss: 0.1794
> 2: ACC: 99.08% Loss: 0.0227 - MAX val_ACC: 92.31% val_Loss: 0.2107
> 3: ACC: 99.08% Loss: 0.0289 - MAX val_ACC: 95.38% val_Loss: 0.2354
> 4: ACC: 100.00% Loss: 0.0081 - MAX val_ACC: 96.92% val_Loss: 0.1258
+++++ Summarized results:

Summary for Dataset, Folds, Experiment:
> SBU | [0 1 2 3 4] | ARN_inward+outward
     accuracy   loss val_accuracy val_loss epoch
0      96.92% 0.0814       92.73%   0.2583    49
1      96.96% 0.0549       94.23%   0.2432    68
2     100.00% 0.0059       98.21%   0.0766   102
3      98.68% 0.0548       94.44%   0.1929    60
4     100.00% 0.0081       96.92%   0.1258   113
mean   98.51% 0.0410       95.31%   0.1794    78
std     1.53% 0.0329        2.21%   0.0773    28
Val ACC Mean: 95.31% Std: 0.0221

> Finished Run Protocol - Sat Jan 25 08:42:37 2025
> Starting Run Protocol -  Sat Jan 25 08:42:38 2025
Running for dataset: SBU
Running for folds: [0 1 2 3 4]
Experiment name: ARN-fc1_inward+outward
Experiment folder: /demo/ARN-LSTM/runs/SBU/ARN-fc1_inward+outward
Number of reruns per dataset fold: 5
Resuming run protocol...
***** Experiment parameters *****
Configuration file: configs/SBU/ARN-fc1_inward+outward.cfg
	 Skeleton info
	 > selected_joints: None
	 > add_joint_idx: True
	 > add_body_part: True
	 > timesteps: 10
	 > skip_timesteps: None
	 > normalization: None
	 Fusion info
	 > fusion mode: middle
	 > config_filepaths: ['configs/SBU/ARN_inward.cfg', 'configs/SBU/ARN_outward.cfg']
	 > freeze_g_theta: False
	 > fuse_at_fc1: True
	 > Criteria for weights: val_loss
	 > Using Temporal RN: False
	 Training options
	 > drop_rate: 0.1
	 > epochs: 90
	 > learning_rate: 0.0001
	 > checkpoint_period: 1
	 > Batch Size: 64
	 Evaluation options
	 > Pool average from videos sequences: False
Running for fold: 0
fold_path:: /demo/ARN-LSTM/runs/SBU/ARN-fc1_inward+outward/fold_0/
Traceback (most recent call last):
  File "src/run_protocol.py", line 294, in <module>
    run_protocol(**args)
  File "src/run_protocol.py", line 163, in run_protocol
    fold_weights_filepaths = [ 
  File "src/run_protocol.py", line 164, in <listcomp>
    find_best_weights(weights_base_path+'/fold_{}/'.format(dataset_fold), criteria=criteria) 
  File "/demo/ARN-LSTM/src/misc/utils.py", line 44, in find_best_weights
    raise ValueError("No valid epochs found. Please check your criteria and paths.")
ValueError: No valid epochs found. Please check your criteria and paths.
> Starting Run Protocol -  Sat Jan 25 08:42:39 2025
Running for dataset: UT-1
Running for folds: [0 1 2 3 4 5 6 7 8 9]
Experiment name: ARN_inward_no_motion
Experiment folder: /demo/ARN-LSTM/runs/UT-1/ARN_inward_no_motion
Number of reruns per dataset fold: 5
Resuming run protocol...
***** Experiment parameters *****
Configuration file: configs/UT/set_1/ARN_inward_no_motion.cfg
	 Skeleton info
	 > selected_joints: None
	 > add_joint_idx: True
	 > add_body_part: True
	 > timesteps: 10
	 > skip_timesteps: None
	 > normalization: None
	 Model info
	 > rel_type: inter
	 > fuse_type: None
	 > compute_distance: False
	 > compute_motion: False
	 > Using Temporal RN: False
	 Training options
	 > drop_rate: 0.1
	 > kernel_init_type: TruncatedNormal
	 > learning_rate: 0.0001
	 > checkpoint_period: 1
	 > kernel_init_param: 0.045
	 > epochs: 200
	 > Batch Size: 64
	 Evaluation options
	 > Pool average from videos sequences: False
Running for fold: 0
fold_path:: /demo/ARN-LSTM/runs/UT-1/ARN_inward_no_motion/fold_0/
> 0: ACC: 90.74% Loss: 0.2097 - MAX val_ACC: 83.33% val_Loss: 0.5161
> 1: ACC: 94.44% Loss: 0.2172 - MAX val_ACC: 83.33% val_Loss: 0.5038
> 2: ACC: 92.59% Loss: 0.2427 - MAX val_ACC: 83.33% val_Loss: 0.3707
> 3: ACC: 66.67% Loss: 1.0046 - MAX val_ACC: 100.00% val_Loss: 0.7820
> 4: ACC: 87.04% Loss: 0.2962 - MAX val_ACC: 83.33% val_Loss: 0.4909
Running for fold: 1
fold_path:: /demo/ARN-LSTM/runs/UT-1/ARN_inward_no_motion/fold_1/
> 0: ACC: 72.22% Loss: 0.7733 - MAX val_ACC: 66.67% val_Loss: 1.1097
> 1: ACC: 70.37% Loss: 0.8785 - MAX val_ACC: 66.67% val_Loss: 1.0810
> 2: ACC: 75.93% Loss: 0.8794 - MAX val_ACC: 66.67% val_Loss: 1.3676
> 3: ACC: 59.26% Loss: 0.9439 - MAX val_ACC: 66.67% val_Loss: 1.0915
> 4: ACC: 59.26% Loss: 1.1470 - MAX val_ACC: 66.67% val_Loss: 1.2736
Running for fold: 2
fold_path:: /demo/ARN-LSTM/runs/UT-1/ARN_inward_no_motion/fold_2/
> 0: ACC: 92.59% Loss: 0.2397 - MAX val_ACC: 100.00% val_Loss: 0.1953
> 1: ACC: 83.33% Loss: 0.4687 - MAX val_ACC: 100.00% val_Loss: 0.3140
> 2: ACC: 83.33% Loss: 0.4509 - MAX val_ACC: 100.00% val_Loss: 0.2730
> 3: ACC: 88.89% Loss: 0.3773 - MAX val_ACC: 100.00% val_Loss: 0.3072
> 4: ACC: 90.74% Loss: 0.3348 - MAX val_ACC: 100.00% val_Loss: 0.2333
Running for fold: 3
fold_path:: /demo/ARN-LSTM/runs/UT-1/ARN_inward_no_motion/fold_3/
> 0: ACC: 90.74% Loss: 0.3664 - MAX val_ACC: 83.33% val_Loss: 0.6241
> 1: ACC: 87.04% Loss: 0.3556 - MAX val_ACC: 83.33% val_Loss: 0.5682
> 2: ACC: 88.89% Loss: 0.3366 - MAX val_ACC: 83.33% val_Loss: 0.6956
> 3: ACC: 79.63% Loss: 0.5422 - MAX val_ACC: 83.33% val_Loss: 0.6117
> 4: ACC: 79.63% Loss: 0.4098 - MAX val_ACC: 83.33% val_Loss: 0.7286
Running for fold: 4
fold_path:: /demo/ARN-LSTM/runs/UT-1/ARN_inward_no_motion/fold_4/
> 0: ACC: 87.04% Loss: 0.3535 - MAX val_ACC: 66.67% val_Loss: 0.8317
> 1: ACC: 90.74% Loss: 0.1654 - MAX val_ACC: 66.67% val_Loss: 0.7817
> 2: ACC: 94.44% Loss: 0.2718 - MAX val_ACC: 83.33% val_Loss: 0.8180
> 3: ACC: 88.89% Loss: 0.2531 - MAX val_ACC: 83.33% val_Loss: 0.5158
> 4: ACC: 85.19% Loss: 0.3786 - MAX val_ACC: 83.33% val_Loss: 0.6940
Running for fold: 5
fold_path:: /demo/ARN-LSTM/runs/UT-1/ARN_inward_no_motion/fold_5/
> 0: ACC: 80.00% Loss: 0.3739 - MAX val_ACC: 80.00% val_Loss: 0.5793
> 1: ACC: 87.27% Loss: 0.3577 - MAX val_ACC: 80.00% val_Loss: 0.8840
> 2: ACC: 76.36% Loss: 0.7769 - MAX val_ACC: 80.00% val_Loss: 1.0145
> 3: ACC: 72.73% Loss: 0.7686 - MAX val_ACC: 80.00% val_Loss: 1.0746
> 4: ACC: 87.27% Loss: 0.3940 - MAX val_ACC: 80.00% val_Loss: 1.0291
Running for fold: 6
fold_path:: /demo/ARN-LSTM/runs/UT-1/ARN_inward_no_motion/fold_6/
> 0: ACC: 66.67% Loss: 1.0019 - MAX val_ACC: 83.33% val_Loss: 1.1231
> 1: ACC: 79.63% Loss: 0.6919 - MAX val_ACC: 50.00% val_Loss: 1.0515
> 2: ACC: 83.33% Loss: 0.6240 - MAX val_ACC: 66.67% val_Loss: 1.0177
> 3: ACC: 46.30% Loss: 1.3158 - MAX val_ACC: 66.67% val_Loss: 1.3277
> 4: ACC: 59.26% Loss: 1.3591 - MAX val_ACC: 66.67% val_Loss: 1.4277
Running for fold: 7
fold_path:: /demo/ARN-LSTM/runs/UT-1/ARN_inward_no_motion/fold_7/
> 0: ACC: 92.45% Loss: 0.2119 - MAX val_ACC: 85.71% val_Loss: 0.4645
> 1: ACC: 94.34% Loss: 0.2521 - MAX val_ACC: 85.71% val_Loss: 0.6892
> 2: ACC: 94.34% Loss: 0.2534 - MAX val_ACC: 85.71% val_Loss: 0.4313
> 3: ACC: 88.68% Loss: 0.2641 - MAX val_ACC: 85.71% val_Loss: 0.4965
> 4: ACC: 96.23% Loss: 0.1403 - MAX val_ACC: 85.71% val_Loss: 0.5733
Running for fold: 8
fold_path:: /demo/ARN-LSTM/runs/UT-1/ARN_inward_no_motion/fold_8/
> 0: ACC: 50.00% Loss: 1.3478 - MAX val_ACC: 100.00% val_Loss: 1.3252
> 1: ACC: 92.59% Loss: 0.2784 - MAX val_ACC: 83.33% val_Loss: 0.4643
> 2: ACC: 94.44% Loss: 0.1563 - MAX val_ACC: 83.33% val_Loss: 0.6684
> 3: ACC: 92.59% Loss: 0.1787 - MAX val_ACC: 83.33% val_Loss: 0.4791
> 4: ACC: 94.44% Loss: 0.1602 - MAX val_ACC: 83.33% val_Loss: 0.5394
Running for fold: 9
fold_path:: /demo/ARN-LSTM/runs/UT-1/ARN_inward_no_motion/fold_9/
> 0: ACC: 74.07% Loss: 0.6419 - MAX val_ACC: 83.33% val_Loss: 0.8849
> 1: ACC: 74.07% Loss: 0.6631 - MAX val_ACC: 66.67% val_Loss: 0.9480
> 2: ACC: 79.63% Loss: 0.6264 - MAX val_ACC: 83.33% val_Loss: 1.0860
> 3: ACC: 81.48% Loss: 0.4694 - MAX val_ACC: 83.33% val_Loss: 1.1874
> 4: ACC: 62.96% Loss: 1.2228 - MAX val_ACC: 83.33% val_Loss: 1.1684
+++++ Summarized results:

Summary for Dataset, Folds, Experiment:
> UT | [0 1 2 3 4 5 6 7 8 9] | ARN_inward_no_motion
     accuracy   loss val_accuracy val_loss epoch
0      66.67% 1.0046      100.00%   0.7820    22
1      70.37% 0.8785       66.67%   1.0810    20
2      92.59% 0.2397      100.00%   0.1953    85
3      87.04% 0.3556       83.33%   0.5682    60
4      88.89% 0.2531       83.33%   0.5158    97
5      80.00% 0.3739       80.00%   0.5793    60
6      66.67% 1.0019       83.33%   1.1231    18
7      94.34% 0.2534       85.71%   0.4313    60
8      50.00% 1.3478      100.00%   1.3252    11
9      74.07% 0.6419       83.33%   0.8849    34
mean   77.06% 0.6350       86.57%   0.7486    47
std    14.10% 0.3990       10.66%   0.3536    30
Val ACC Mean: 86.57% Std: 0.1066

> Finished Run Protocol - Sat Jan 25 08:42:39 2025
> Starting Run Protocol -  Sat Jan 25 08:42:40 2025
Running for dataset: UT-2
Running for folds: [10 11 12 13 14 15 16 17 18 19]
Experiment name: ARN_inward_no_motion
Experiment folder: /demo/ARN-LSTM/runs/UT-2/ARN_inward_no_motion
Number of reruns per dataset fold: 5
Resuming run protocol...
***** Experiment parameters *****
Configuration file: configs/UT/set_2/ARN_inward_no_motion.cfg
	 Skeleton info
	 > selected_joints: None
	 > add_joint_idx: True
	 > add_body_part: True
	 > timesteps: 10
	 > skip_timesteps: None
	 > normalization: None
	 Model info
	 > rel_type: inter
	 > fuse_type: None
	 > compute_distance: False
	 > compute_motion: False
	 > Using Temporal RN: False
	 Training options
	 > drop_rate: 0.1
	 > kernel_init_type: TruncatedNormal
	 > learning_rate: 0.0001
	 > checkpoint_period: 1
	 > kernel_init_param: 0.045
	 > epochs: 200
	 > Batch Size: 64
	 Evaluation options
	 > Pool average from videos sequences: False
Running for fold: 10
fold_path:: /demo/ARN-LSTM/runs/UT-2/ARN_inward_no_motion/fold_10/
> 0: ACC: 68.52% Loss: 0.8571 - MAX val_ACC: 50.00% val_Loss: 1.3228
> 1: ACC: 72.22% Loss: 0.7960 - MAX val_ACC: 50.00% val_Loss: 1.3732
> 2: ACC: 48.15% Loss: 1.0888 - MAX val_ACC: 50.00% val_Loss: 1.1725
> 3: ACC: 74.07% Loss: 0.6408 - MAX val_ACC: 50.00% val_Loss: 1.3281
> 4: ACC: 27.78% Loss: 1.5596 - MAX val_ACC: 66.67% val_Loss: 1.5000
Running for fold: 11
fold_path:: /demo/ARN-LSTM/runs/UT-2/ARN_inward_no_motion/fold_11/
> 0: ACC: 92.59% Loss: 0.2088 - MAX val_ACC: 66.67% val_Loss: 1.3268
> 1: ACC: 90.74% Loss: 0.2568 - MAX val_ACC: 66.67% val_Loss: 1.3300
> 2: ACC: 85.19% Loss: 0.4414 - MAX val_ACC: 66.67% val_Loss: 1.1822
> 3: ACC: 77.78% Loss: 0.5869 - MAX val_ACC: 66.67% val_Loss: 1.2613
> 4: ACC: 79.63% Loss: 0.5241 - MAX val_ACC: 66.67% val_Loss: 1.1992
Running for fold: 12
fold_path:: /demo/ARN-LSTM/runs/UT-2/ARN_inward_no_motion/fold_12/
> 0: ACC: 85.19% Loss: 0.5831 - MAX val_ACC: 83.33% val_Loss: 1.2007
> 1: ACC: 90.74% Loss: 0.3085 - MAX val_ACC: 83.33% val_Loss: 0.9613
> 2: ACC: 90.74% Loss: 0.2715 - MAX val_ACC: 83.33% val_Loss: 1.0832
> 3: ACC: 81.48% Loss: 0.6465 - MAX val_ACC: 66.67% val_Loss: 1.0259
> 4: ACC: 96.30% Loss: 0.1839 - MAX val_ACC: 83.33% val_Loss: 0.9125
Running for fold: 13
fold_path:: /demo/ARN-LSTM/runs/UT-2/ARN_inward_no_motion/fold_13/
> 0: ACC: 92.59% Loss: 0.2756 - MAX val_ACC: 83.33% val_Loss: 0.5843
> 1: ACC: 100.00% Loss: 0.0251 - MAX val_ACC: 83.33% val_Loss: 0.3562
> 2: ACC: 98.15% Loss: 0.1644 - MAX val_ACC: 100.00% val_Loss: 0.4408
> 3: ACC: 81.48% Loss: 0.4069 - MAX val_ACC: 83.33% val_Loss: 0.4280
> 4: ACC: 100.00% Loss: 0.0689 - MAX val_ACC: 83.33% val_Loss: 0.3165
Running for fold: 14
fold_path:: /demo/ARN-LSTM/runs/UT-2/ARN_inward_no_motion/fold_14/
> 0: ACC: 74.07% Loss: 0.8412 - MAX val_ACC: 66.67% val_Loss: 1.0891
> 1: ACC: 88.89% Loss: 0.3550 - MAX val_ACC: 66.67% val_Loss: 1.1497
> 2: ACC: 50.00% Loss: 1.2222 - MAX val_ACC: 66.67% val_Loss: 1.2677
> 3: ACC: 61.11% Loss: 0.9380 - MAX val_ACC: 66.67% val_Loss: 1.0674
> 4: ACC: 94.44% Loss: 0.2098 - MAX val_ACC: 83.33% val_Loss: 1.1413
Running for fold: 15
fold_path:: /demo/ARN-LSTM/runs/UT-2/ARN_inward_no_motion/fold_15/
> 0: ACC: 75.93% Loss: 0.8045 - MAX val_ACC: 50.00% val_Loss: 1.0756
> 1: ACC: 57.41% Loss: 1.1170 - MAX val_ACC: 66.67% val_Loss: 1.1155
> 2: ACC: 85.19% Loss: 0.6194 - MAX val_ACC: 50.00% val_Loss: 1.0428
> 3: ACC: 64.81% Loss: 0.8665 - MAX val_ACC: 50.00% val_Loss: 0.9759
> 4: ACC: 77.78% Loss: 0.6965 - MAX val_ACC: 50.00% val_Loss: 1.0988
Running for fold: 16
fold_path:: /demo/ARN-LSTM/runs/UT-2/ARN_inward_no_motion/fold_16/
> 0: ACC: 46.30% Loss: 1.4375 - MAX val_ACC: 83.33% val_Loss: 1.4010
> 1: ACC: 68.52% Loss: 0.9646 - MAX val_ACC: 50.00% val_Loss: 1.1805
> 2: ACC: 83.33% Loss: 0.5578 - MAX val_ACC: 50.00% val_Loss: 1.3499
> 3: ACC: 72.22% Loss: 0.6747 - MAX val_ACC: 66.67% val_Loss: 1.3415
> 4: ACC: 75.93% Loss: 0.6135 - MAX val_ACC: 66.67% val_Loss: 1.2011
Running for fold: 17
fold_path:: /demo/ARN-LSTM/runs/UT-2/ARN_inward_no_motion/fold_17/
> 0: ACC: 75.93% Loss: 0.6269 - MAX val_ACC: 66.67% val_Loss: 0.9097
> 1: ACC: 62.96% Loss: 0.9275 - MAX val_ACC: 66.67% val_Loss: 0.9835
> 2: ACC: 70.37% Loss: 0.7771 - MAX val_ACC: 83.33% val_Loss: 0.8475
> 3: ACC: 77.78% Loss: 0.6292 - MAX val_ACC: 83.33% val_Loss: 0.9274
> 4: ACC: 62.96% Loss: 0.8340 - MAX val_ACC: 83.33% val_Loss: 0.9660
Running for fold: 18
fold_path:: /demo/ARN-LSTM/runs/UT-2/ARN_inward_no_motion/fold_18/
> 0: ACC: 48.15% Loss: 1.2708 - MAX val_ACC: 66.67% val_Loss: 1.4517
> 1: ACC: 66.67% Loss: 0.8029 - MAX val_ACC: 66.67% val_Loss: 2.2919
> 2: ACC: 53.70% Loss: 1.1362 - MAX val_ACC: 50.00% val_Loss: 1.5245
> 3: ACC: 48.15% Loss: 1.3952 - MAX val_ACC: 50.00% val_Loss: 1.6434
> 4: ACC: 74.07% Loss: 0.6314 - MAX val_ACC: 66.67% val_Loss: 1.7606
Running for fold: 19
fold_path:: /demo/ARN-LSTM/runs/UT-2/ARN_inward_no_motion/fold_19/
> 0: ACC: 98.15% Loss: 0.2058 - MAX val_ACC: 83.33% val_Loss: 0.4351
> 1: ACC: 100.00% Loss: 0.1366 - MAX val_ACC: 83.33% val_Loss: 0.5945
> 2: ACC: 100.00% Loss: 0.0448 - MAX val_ACC: 83.33% val_Loss: 0.5600
> 3: ACC: 77.78% Loss: 0.4811 - MAX val_ACC: 83.33% val_Loss: 0.6947
> 4: ACC: 100.00% Loss: 0.0515 - MAX val_ACC: 83.33% val_Loss: 0.5442
+++++ Summarized results:

Summary for Dataset, Folds, Experiment:
> UT | [10 11 12 13 14 15 16 17 18 19] | ARN_inward_no_motion
     accuracy   loss val_accuracy val_loss epoch
0      27.78% 1.5596       66.67%   1.5000     8
1      85.19% 0.4414       66.67%   1.1822    57
2      96.30% 0.1839       83.33%   0.9125    86
3      98.15% 0.1644      100.00%   0.4408    97
4      94.44% 0.2098       83.33%   1.1413    85
5      57.41% 1.1170       66.67%   1.1155    19
6      46.30% 1.4375       83.33%   1.4010    13
7      70.37% 0.7771       83.33%   0.8475    37
8      48.15% 1.2708       66.67%   1.4517    14
9      98.15% 0.2058       83.33%   0.4351    91
mean   72.22% 0.7367       78.33%   1.0428    51
std    25.90% 0.5656       11.25%   0.3838    37
Val ACC Mean: 78.33% Std: 0.1125

> Finished Run Protocol - Sat Jan 25 08:42:40 2025
> Starting Run Protocol -  Sat Jan 25 08:42:41 2025
Running for dataset: UT-1
Running for folds: [0 1 2 3 4 5 6 7 8 9]
Experiment name: ARN_outward_no_motion
Experiment folder: /demo/ARN-LSTM/runs/UT-1/ARN_outward_no_motion
Number of reruns per dataset fold: 5
Resuming run protocol...
***** Experiment parameters *****
Configuration file: configs/UT/set_1/ARN_outward_no_motion.cfg
	 Skeleton info
	 > selected_joints: None
	 > add_joint_idx: True
	 > add_body_part: True
	 > timesteps: 10
	 > skip_timesteps: None
	 > normalization: None
	 Model info
	 > rel_type: indivs
	 > fuse_type: None
	 > compute_distance: False
	 > compute_motion: False
	 > Using Temporal RN: False
	 Training options
	 > drop_rate: 0.1
	 > kernel_init_type: TruncatedNormal
	 > learning_rate: 0.0001
	 > checkpoint_period: 1
	 > kernel_init_param: 0.045
	 > epochs: 150
	 > Batch Size: 64
	 Evaluation options
	 > Pool average from videos sequences: False
Running for fold: 0
fold_path:: /demo/ARN-LSTM/runs/UT-1/ARN_outward_no_motion/fold_0/
> 0: ACC: 92.59% Loss: 0.1930 - MAX val_ACC: 100.00% val_Loss: 0.0879
> 1: ACC: 94.44% Loss: 0.1660 - MAX val_ACC: 100.00% val_Loss: 0.2029
> 2: ACC: 94.44% Loss: 0.1749 - MAX val_ACC: 83.33% val_Loss: 0.3314
> 3: ACC: 94.44% Loss: 0.1806 - MAX val_ACC: 100.00% val_Loss: 0.1198
> 4: ACC: 66.67% Loss: 0.8067 - MAX val_ACC: 100.00% val_Loss: 0.5447
Running for fold: 1
fold_path:: /demo/ARN-LSTM/runs/UT-1/ARN_outward_no_motion/fold_1/
> 0: ACC: 57.41% Loss: 1.1296 - MAX val_ACC: 66.67% val_Loss: 1.1754
> 1: ACC: 64.81% Loss: 0.8628 - MAX val_ACC: 66.67% val_Loss: 1.2659
> 2: ACC: 77.78% Loss: 0.6583 - MAX val_ACC: 66.67% val_Loss: 1.2160
> 3: ACC: 81.48% Loss: 0.3749 - MAX val_ACC: 66.67% val_Loss: 1.7236
> 4: ACC: 75.93% Loss: 0.7191 - MAX val_ACC: 66.67% val_Loss: 1.2098
Running for fold: 2
fold_path:: /demo/ARN-LSTM/runs/UT-1/ARN_outward_no_motion/fold_2/
> 0: ACC: 90.74% Loss: 0.2992 - MAX val_ACC: 100.00% val_Loss: 0.1644
> 1: ACC: 83.33% Loss: 0.3802 - MAX val_ACC: 100.00% val_Loss: 0.1954
> 2: ACC: 90.74% Loss: 0.3545 - MAX val_ACC: 100.00% val_Loss: 0.2316
> 3: ACC: 88.89% Loss: 0.3458 - MAX val_ACC: 100.00% val_Loss: 0.2989
> 4: ACC: 72.22% Loss: 0.5930 - MAX val_ACC: 100.00% val_Loss: 0.2898
Running for fold: 3
fold_path:: /demo/ARN-LSTM/runs/UT-1/ARN_outward_no_motion/fold_3/
> 0: ACC: 87.04% Loss: 0.4966 - MAX val_ACC: 83.33% val_Loss: 0.6637
> 1: ACC: 79.63% Loss: 0.4545 - MAX val_ACC: 100.00% val_Loss: 0.3215
> 2: ACC: 96.30% Loss: 0.2238 - MAX val_ACC: 83.33% val_Loss: 0.7420
> 3: ACC: 77.78% Loss: 0.5344 - MAX val_ACC: 83.33% val_Loss: 0.5851
> 4: ACC: 87.04% Loss: 0.3894 - MAX val_ACC: 83.33% val_Loss: 0.5313
Running for fold: 4
fold_path:: /demo/ARN-LSTM/runs/UT-1/ARN_outward_no_motion/fold_4/
> 0: ACC: 96.30% Loss: 0.1803 - MAX val_ACC: 66.67% val_Loss: 0.9840
> 1: ACC: 70.37% Loss: 0.8572 - MAX val_ACC: 66.67% val_Loss: 0.7675
> 2: ACC: 88.89% Loss: 0.3120 - MAX val_ACC: 66.67% val_Loss: 0.8170
> 3: ACC: 88.89% Loss: 0.2299 - MAX val_ACC: 83.33% val_Loss: 0.6674
> 4: ACC: 75.93% Loss: 0.5650 - MAX val_ACC: 66.67% val_Loss: 0.9022
Running for fold: 5
fold_path:: /demo/ARN-LSTM/runs/UT-1/ARN_outward_no_motion/fold_5/
> 0: ACC: 80.00% Loss: 0.5181 - MAX val_ACC: 80.00% val_Loss: 0.9977
> 1: ACC: 78.18% Loss: 0.5949 - MAX val_ACC: 80.00% val_Loss: 0.8967
> 2: ACC: 83.64% Loss: 0.4684 - MAX val_ACC: 80.00% val_Loss: 0.7996
> 3: ACC: 87.27% Loss: 0.4095 - MAX val_ACC: 60.00% val_Loss: 1.1142
> 4: ACC: 80.00% Loss: 0.5047 - MAX val_ACC: 80.00% val_Loss: 0.9874
Running for fold: 6
fold_path:: /demo/ARN-LSTM/runs/UT-1/ARN_outward_no_motion/fold_6/
> 0: ACC: 75.93% Loss: 0.6058 - MAX val_ACC: 83.33% val_Loss: 0.8220
> 1: ACC: 85.19% Loss: 0.4120 - MAX val_ACC: 66.67% val_Loss: 0.8541
> 2: ACC: 85.19% Loss: 0.4357 - MAX val_ACC: 66.67% val_Loss: 0.7504
> 3: ACC: 90.74% Loss: 0.2388 - MAX val_ACC: 66.67% val_Loss: 1.0796
> 4: ACC: 77.78% Loss: 0.6154 - MAX val_ACC: 83.33% val_Loss: 0.8224
Running for fold: 7
fold_path:: /demo/ARN-LSTM/runs/UT-1/ARN_outward_no_motion/fold_7/
> 0: ACC: 86.79% Loss: 0.2655 - MAX val_ACC: 85.71% val_Loss: 0.4759
> 1: ACC: 92.45% Loss: 0.2650 - MAX val_ACC: 85.71% val_Loss: 0.5843
> 2: ACC: 94.34% Loss: 0.1807 - MAX val_ACC: 85.71% val_Loss: 0.6772
> 3: ACC: 92.45% Loss: 0.2045 - MAX val_ACC: 85.71% val_Loss: 0.5951
> 4: ACC: 98.11% Loss: 0.1311 - MAX val_ACC: 85.71% val_Loss: 0.5999
Running for fold: 8
fold_path:: /demo/ARN-LSTM/runs/UT-1/ARN_outward_no_motion/fold_8/
> 0: ACC: 83.33% Loss: 0.3537 - MAX val_ACC: 83.33% val_Loss: 0.5607
> 1: ACC: 88.89% Loss: 0.2428 - MAX val_ACC: 83.33% val_Loss: 0.5415
> 2: ACC: 100.00% Loss: 0.1158 - MAX val_ACC: 100.00% val_Loss: 0.3858
> 3: ACC: 94.44% Loss: 0.2433 - MAX val_ACC: 100.00% val_Loss: 0.3886
> 4: ACC: 77.78% Loss: 0.5773 - MAX val_ACC: 83.33% val_Loss: 0.6633
Running for fold: 9
fold_path:: /demo/ARN-LSTM/runs/UT-1/ARN_outward_no_motion/fold_9/
> 0: ACC: 87.04% Loss: 0.3978 - MAX val_ACC: 83.33% val_Loss: 0.6381
> 1: ACC: 77.78% Loss: 0.6666 - MAX val_ACC: 66.67% val_Loss: 0.9132
> 2: ACC: 88.89% Loss: 0.2852 - MAX val_ACC: 83.33% val_Loss: 1.0075
> 3: ACC: 85.19% Loss: 0.3653 - MAX val_ACC: 66.67% val_Loss: 0.8657
> 4: ACC: 70.37% Loss: 0.6970 - MAX val_ACC: 66.67% val_Loss: 0.7349
+++++ Summarized results:

Summary for Dataset, Folds, Experiment:
> UT | [0 1 2 3 4 5 6 7 8 9] | ARN_outward_no_motion
     accuracy   loss val_accuracy val_loss epoch
0      92.59% 0.1930      100.00%   0.0879    94
1      57.41% 1.1296       66.67%   1.1754    17
2      90.74% 0.2992      100.00%   0.1644    92
3      79.63% 0.4545      100.00%   0.3215    54
4      88.89% 0.2299       83.33%   0.6674   125
5      83.64% 0.4684       80.00%   0.7996    55
6      75.93% 0.6058       83.33%   0.8220    42
7      86.79% 0.2655       85.71%   0.4759    80
8     100.00% 0.1158      100.00%   0.3858    96
9      87.04% 0.3978       83.33%   0.6381    59
mean   84.27% 0.4160       88.24%   0.5538    71
std    11.58% 0.2907       11.38%   0.3326    32
Val ACC Mean: 88.24% Std: 0.1138

> Finished Run Protocol - Sat Jan 25 08:42:41 2025
> Starting Run Protocol -  Sat Jan 25 08:42:42 2025
Running for dataset: UT-2
Running for folds: [10 11 12 13 14 15 16 17 18 19]
Experiment name: ARN_outward_no_motion
Experiment folder: /demo/ARN-LSTM/runs/UT-2/ARN_outward_no_motion
Number of reruns per dataset fold: 5
Resuming run protocol...
***** Experiment parameters *****
Configuration file: configs/UT/set_2/ARN_outward_no_motion.cfg
	 Skeleton info
	 > selected_joints: None
	 > add_joint_idx: True
	 > add_body_part: True
	 > timesteps: 10
	 > skip_timesteps: None
	 > normalization: None
	 Model info
	 > rel_type: indivs
	 > fuse_type: None
	 > compute_distance: False
	 > compute_motion: False
	 > Using Temporal RN: False
	 Training options
	 > drop_rate: 0.1
	 > kernel_init_type: TruncatedNormal
	 > learning_rate: 0.0001
	 > checkpoint_period: 1
	 > kernel_init_param: 0.045
	 > epochs: 150
	 > Batch Size: 64
	 Evaluation options
	 > Pool average from videos sequences: False
Running for fold: 10
fold_path:: /demo/ARN-LSTM/runs/UT-2/ARN_outward_no_motion/fold_10/
> 0: ACC: 81.48% Loss: 0.4844 - MAX val_ACC: 66.67% val_Loss: 1.0333
> 1: ACC: 51.85% Loss: 1.3550 - MAX val_ACC: 50.00% val_Loss: 1.2519
> 2: ACC: 38.89% Loss: 1.4198 - MAX val_ACC: 66.67% val_Loss: 1.2381
> 3: ACC: 70.37% Loss: 0.6967 - MAX val_ACC: 50.00% val_Loss: 1.1467
> 4: ACC: 51.85% Loss: 1.2903 - MAX val_ACC: 66.67% val_Loss: 1.1889
Running for fold: 11
fold_path:: /demo/ARN-LSTM/runs/UT-2/ARN_outward_no_motion/fold_11/
> 0: ACC: 81.48% Loss: 0.4546 - MAX val_ACC: 66.67% val_Loss: 0.8915
> 1: ACC: 77.78% Loss: 0.6055 - MAX val_ACC: 66.67% val_Loss: 1.0884
> 2: ACC: 88.89% Loss: 0.4067 - MAX val_ACC: 66.67% val_Loss: 1.2194
> 3: ACC: 92.59% Loss: 0.2673 - MAX val_ACC: 66.67% val_Loss: 1.0423
> 4: ACC: 81.48% Loss: 0.4100 - MAX val_ACC: 66.67% val_Loss: 1.2488
Running for fold: 12
fold_path:: /demo/ARN-LSTM/runs/UT-2/ARN_outward_no_motion/fold_12/
> 0: ACC: 64.81% Loss: 0.9923 - MAX val_ACC: 66.67% val_Loss: 1.0878
> 1: ACC: 98.15% Loss: 0.1530 - MAX val_ACC: 83.33% val_Loss: 1.4561
> 2: ACC: 72.22% Loss: 0.8430 - MAX val_ACC: 83.33% val_Loss: 1.1499
> 3: ACC: 85.19% Loss: 0.3854 - MAX val_ACC: 66.67% val_Loss: 1.1122
> 4: ACC: 79.63% Loss: 0.5615 - MAX val_ACC: 83.33% val_Loss: 0.9197
Running for fold: 13
fold_path:: /demo/ARN-LSTM/runs/UT-2/ARN_outward_no_motion/fold_13/
> 0: ACC: 100.00% Loss: 0.0682 - MAX val_ACC: 83.33% val_Loss: 0.5911
> 1: ACC: 75.93% Loss: 0.5227 - MAX val_ACC: 83.33% val_Loss: 0.5222
> 2: ACC: 87.04% Loss: 0.4246 - MAX val_ACC: 83.33% val_Loss: 0.6380
> 3: ACC: 94.44% Loss: 0.2029 - MAX val_ACC: 83.33% val_Loss: 0.5097
> 4: ACC: 92.59% Loss: 0.1939 - MAX val_ACC: 83.33% val_Loss: 0.4156
Running for fold: 14
fold_path:: /demo/ARN-LSTM/runs/UT-2/ARN_outward_no_motion/fold_14/
> 0: ACC: 87.04% Loss: 0.3243 - MAX val_ACC: 66.67% val_Loss: 0.8169
> 1: ACC: 94.44% Loss: 0.2657 - MAX val_ACC: 66.67% val_Loss: 0.9443
> 2: ACC: 98.15% Loss: 0.1006 - MAX val_ACC: 83.33% val_Loss: 1.0614
> 3: ACC: 96.30% Loss: 0.1318 - MAX val_ACC: 83.33% val_Loss: 0.8173
> 4: ACC: 79.63% Loss: 0.6266 - MAX val_ACC: 66.67% val_Loss: 1.0219
Running for fold: 15
fold_path:: /demo/ARN-LSTM/runs/UT-2/ARN_outward_no_motion/fold_15/
> 0: ACC: 66.67% Loss: 0.7709 - MAX val_ACC: 50.00% val_Loss: 1.1497
> 1: ACC: 57.41% Loss: 1.0110 - MAX val_ACC: 50.00% val_Loss: 1.3377
> 2: ACC: 66.67% Loss: 1.0059 - MAX val_ACC: 50.00% val_Loss: 1.3925
> 3: ACC: 68.52% Loss: 0.8213 - MAX val_ACC: 50.00% val_Loss: 1.1782
> 4: ACC: 74.07% Loss: 0.9387 - MAX val_ACC: 50.00% val_Loss: 1.1621
Running for fold: 16
fold_path:: /demo/ARN-LSTM/runs/UT-2/ARN_outward_no_motion/fold_16/
> 0: ACC: 77.78% Loss: 0.6602 - MAX val_ACC: 66.67% val_Loss: 0.9151
> 1: ACC: 88.89% Loss: 0.4993 - MAX val_ACC: 66.67% val_Loss: 1.2237
> 2: ACC: 77.78% Loss: 0.6743 - MAX val_ACC: 66.67% val_Loss: 0.9261
> 3: ACC: 77.78% Loss: 0.5936 - MAX val_ACC: 66.67% val_Loss: 1.1324
> 4: ACC: 61.11% Loss: 0.8528 - MAX val_ACC: 50.00% val_Loss: 1.1847
Running for fold: 17
fold_path:: /demo/ARN-LSTM/runs/UT-2/ARN_outward_no_motion/fold_17/
> 0: ACC: 88.89% Loss: 0.3420 - MAX val_ACC: 66.67% val_Loss: 0.8734
> 1: ACC: 81.48% Loss: 0.5360 - MAX val_ACC: 66.67% val_Loss: 0.9585
> 2: ACC: 79.63% Loss: 0.6256 - MAX val_ACC: 83.33% val_Loss: 0.7740
> 3: ACC: 81.48% Loss: 0.5083 - MAX val_ACC: 83.33% val_Loss: 0.7961
> 4: ACC: 57.41% Loss: 1.0736 - MAX val_ACC: 100.00% val_Loss: 0.8885
Running for fold: 18
fold_path:: /demo/ARN-LSTM/runs/UT-2/ARN_outward_no_motion/fold_18/
> 0: ACC: 70.37% Loss: 0.7428 - MAX val_ACC: 66.67% val_Loss: 1.2397
> 1: ACC: 92.59% Loss: 0.1597 - MAX val_ACC: 66.67% val_Loss: 1.6126
> 2: ACC: 90.74% Loss: 0.2486 - MAX val_ACC: 83.33% val_Loss: 1.2699
> 3: ACC: 88.89% Loss: 0.2728 - MAX val_ACC: 66.67% val_Loss: 0.9507
> 4: ACC: 79.63% Loss: 0.5889 - MAX val_ACC: 83.33% val_Loss: 1.1125
Running for fold: 19
fold_path:: /demo/ARN-LSTM/runs/UT-2/ARN_outward_no_motion/fold_19/
> 0: ACC: 87.04% Loss: 0.4058 - MAX val_ACC: 83.33% val_Loss: 0.7700
> 1: ACC: 96.30% Loss: 0.2610 - MAX val_ACC: 100.00% val_Loss: 0.5977
> 2: ACC: 98.15% Loss: 0.1508 - MAX val_ACC: 83.33% val_Loss: 0.5346
> 3: ACC: 98.15% Loss: 0.1054 - MAX val_ACC: 83.33% val_Loss: 0.5766
> 4: ACC: 100.00% Loss: 0.0572 - MAX val_ACC: 83.33% val_Loss: 0.3695
+++++ Summarized results:

Summary for Dataset, Folds, Experiment:
> UT | [10 11 12 13 14 15 16 17 18 19] | ARN_outward_no_motion
     accuracy   loss val_accuracy val_loss epoch
0      81.48% 0.4844       66.67%   1.0333    61
1      81.48% 0.4546       66.67%   0.8915    59
2      79.63% 0.5615       83.33%   0.9197    46
3      92.59% 0.1939       83.33%   0.4156    92
4      96.30% 0.1318       83.33%   0.8173   107
5      66.67% 0.7709       50.00%   1.1497    41
6      77.78% 0.6602       66.67%   0.9151    38
7      57.41% 1.0736      100.00%   0.8885    31
8      79.63% 0.5889       83.33%   1.1125    50
9      96.30% 0.2610      100.00%   0.5977    73
mean   80.93% 0.5181       78.33%   0.8741    60
std    12.38% 0.2839       15.81%   0.2242    24
Val ACC Mean: 78.33% Std: 0.1581

> Finished Run Protocol - Sat Jan 25 08:42:42 2025
> Starting Run Protocol -  Sat Jan 25 08:42:43 2025
Running for dataset: UT-1
Running for folds: [0 1 2 3 4 5 6 7 8 9]
Experiment name: ARN_inward+outward_no_motion
Experiment folder: /demo/ARN-LSTM/runs/UT-1/ARN_inward+outward_no_motion
Number of reruns per dataset fold: 5
Resuming run protocol...
***** Experiment parameters *****
Configuration file: configs/UT/set_1/ARN_inward+outward_no_motion.cfg
	 Skeleton info
	 > selected_joints: None
	 > add_joint_idx: True
	 > add_body_part: True
	 > timesteps: 10
	 > skip_timesteps: None
	 > normalization: None
	 Fusion info
	 > fusion mode: middle
	 > config_filepaths: ['configs/UT/set_1/ARN_inward.cfg', 'configs/UT/set_1/ARN_outward.cfg']
	 > freeze_g_theta: False
	 > fuse_at_fc1: False
	 > Criteria for weights: val_loss
	 > Using Temporal RN: False
	 Training options
	 > drop_rate: 0.1
	 > epochs: 200
	 > learning_rate: 0.0001
	 > checkpoint_period: 1
	 > Batch Size: 64
	 Evaluation options
	 > Pool average from videos sequences: False
Running for fold: 0
fold_path:: /demo/ARN-LSTM/runs/UT-1/ARN_inward+outward_no_motion/fold_0/
> fold weights filepaths: ['runs/UT-1/ARN_inward/fold_0/rerun_0/relnet_weights.hdf5', 'runs/UT-1/ARN_outward/fold_0/rerun_0/relnet_weights.hdf5']
> 0: ACC: 92.59% Loss: 0.1584 - MAX val_ACC: 83.33% val_Loss: 0.4412
> 1: ACC: 92.59% Loss: 0.2353 - MAX val_ACC: 100.00% val_Loss: 0.3810
> 2: ACC: 94.44% Loss: 0.1715 - MAX val_ACC: 100.00% val_Loss: 0.2669
> 3: ACC: 92.59% Loss: 0.2833 - MAX val_ACC: 100.00% val_Loss: 0.3835
> 4: ACC: 98.15% Loss: 0.0973 - MAX val_ACC: 83.33% val_Loss: 0.4431
Running for fold: 1
fold_path:: /demo/ARN-LSTM/runs/UT-1/ARN_inward+outward_no_motion/fold_1/
> fold weights filepaths: ['runs/UT-1/ARN_inward/fold_1/rerun_2/relnet_weights.hdf5', 'runs/UT-1/ARN_outward/fold_1/rerun_0/relnet_weights.hdf5']
> 0: ACC: 83.33% Loss: 0.5598 - MAX val_ACC: 66.67% val_Loss: 1.1553
> 1: ACC: 81.48% Loss: 0.7520 - MAX val_ACC: 83.33% val_Loss: 1.0216
> 2: ACC: 74.07% Loss: 0.6980 - MAX val_ACC: 66.67% val_Loss: 0.9737
> 3: ACC: 70.37% Loss: 0.8058 - MAX val_ACC: 66.67% val_Loss: 1.0766
> 4: ACC: 62.96% Loss: 0.8401 - MAX val_ACC: 66.67% val_Loss: 1.1804
Running for fold: 2
fold_path:: /demo/ARN-LSTM/runs/UT-1/ARN_inward+outward_no_motion/fold_2/
> fold weights filepaths: ['runs/UT-1/ARN_inward/fold_2/rerun_4/relnet_weights.hdf5', 'runs/UT-1/ARN_outward/fold_2/rerun_2/relnet_weights.hdf5']
> 0: ACC: 90.74% Loss: 0.3309 - MAX val_ACC: 100.00% val_Loss: 0.2968
> 1: ACC: 92.59% Loss: 0.2700 - MAX val_ACC: 100.00% val_Loss: 0.2170
> 2: ACC: 88.89% Loss: 0.2532 - MAX val_ACC: 100.00% val_Loss: 0.2489
> 3: ACC: 92.59% Loss: 0.2469 - MAX val_ACC: 100.00% val_Loss: 0.2986
> 4: ACC: 90.74% Loss: 0.3838 - MAX val_ACC: 100.00% val_Loss: 0.3571
Running for fold: 3
fold_path:: /demo/ARN-LSTM/runs/UT-1/ARN_inward+outward_no_motion/fold_3/
> fold weights filepaths: ['runs/UT-1/ARN_inward/fold_3/rerun_0/relnet_weights.hdf5', 'runs/UT-1/ARN_outward/fold_3/rerun_4/relnet_weights.hdf5']
> 0: ACC: 90.74% Loss: 0.3081 - MAX val_ACC: 83.33% val_Loss: 0.6943
> 1: ACC: 94.44% Loss: 0.2286 - MAX val_ACC: 66.67% val_Loss: 1.1095
> 2: ACC: 81.48% Loss: 0.4513 - MAX val_ACC: 83.33% val_Loss: 0.8986
> 3: ACC: 90.74% Loss: 0.3374 - MAX val_ACC: 83.33% val_Loss: 0.6396
> 4: ACC: 92.59% Loss: 0.3085 - MAX val_ACC: 83.33% val_Loss: 0.7040
Running for fold: 4
fold_path:: /demo/ARN-LSTM/runs/UT-1/ARN_inward+outward_no_motion/fold_4/
> fold weights filepaths: ['runs/UT-1/ARN_inward/fold_4/rerun_2/relnet_weights.hdf5', 'runs/UT-1/ARN_outward/fold_4/rerun_1/relnet_weights.hdf5']
> 0: ACC: 96.30% Loss: 0.2008 - MAX val_ACC: 66.67% val_Loss: 0.9266
> 1: ACC: 96.30% Loss: 0.1782 - MAX val_ACC: 66.67% val_Loss: 0.6809
> 2: ACC: 85.19% Loss: 0.5677 - MAX val_ACC: 66.67% val_Loss: 0.8552
> 3: ACC: 87.04% Loss: 0.4509 - MAX val_ACC: 66.67% val_Loss: 0.7444
> 4: ACC: 94.44% Loss: 0.4025 - MAX val_ACC: 66.67% val_Loss: 1.0100
Running for fold: 5
fold_path:: /demo/ARN-LSTM/runs/UT-1/ARN_inward+outward_no_motion/fold_5/
> fold weights filepaths: ['runs/UT-1/ARN_inward/fold_5/rerun_4/relnet_weights.hdf5', 'runs/UT-1/ARN_outward/fold_5/rerun_1/relnet_weights.hdf5']
> 0: ACC: 89.09% Loss: 0.4200 - MAX val_ACC: 80.00% val_Loss: 1.0044
> 1: ACC: 61.82% Loss: 1.0114 - MAX val_ACC: 60.00% val_Loss: 1.1070
> 2: ACC: 72.73% Loss: 0.7431 - MAX val_ACC: 60.00% val_Loss: 1.2510
> 3: ACC: 76.36% Loss: 0.7206 - MAX val_ACC: 80.00% val_Loss: 0.9671
> 4: ACC: 85.45% Loss: 0.4707 - MAX val_ACC: 60.00% val_Loss: 0.8325
Running for fold: 6
fold_path:: /demo/ARN-LSTM/runs/UT-1/ARN_inward+outward_no_motion/fold_6/
> fold weights filepaths: ['runs/UT-1/ARN_inward/fold_6/rerun_3/relnet_weights.hdf5', 'runs/UT-1/ARN_outward/fold_6/rerun_2/relnet_weights.hdf5']
> 0: ACC: 75.93% Loss: 0.7306 - MAX val_ACC: 83.33% val_Loss: 0.8212
> 1: ACC: 37.04% Loss: 1.7921 - MAX val_ACC: 66.67% val_Loss: 1.3740
> 2: ACC: 96.30% Loss: 0.1319 - MAX val_ACC: 66.67% val_Loss: 0.8486
> 3: ACC: 79.63% Loss: 0.6372 - MAX val_ACC: 50.00% val_Loss: 0.9913
> 4: ACC: 70.37% Loss: 0.9821 - MAX val_ACC: 66.67% val_Loss: 1.1047
Running for fold: 7
fold_path:: /demo/ARN-LSTM/runs/UT-1/ARN_inward+outward_no_motion/fold_7/
> fold weights filepaths: ['runs/UT-1/ARN_inward/fold_7/rerun_1/relnet_weights.hdf5', 'runs/UT-1/ARN_outward/fold_7/rerun_2/relnet_weights.hdf5']
> 0: ACC: 96.23% Loss: 0.3578 - MAX val_ACC: 71.43% val_Loss: 0.6126
> 1: ACC: 96.23% Loss: 0.2451 - MAX val_ACC: 85.71% val_Loss: 0.5991
> 2: ACC: 94.34% Loss: 0.3467 - MAX val_ACC: 85.71% val_Loss: 0.4660
> 3: ACC: 90.57% Loss: 0.3490 - MAX val_ACC: 85.71% val_Loss: 0.7236
> 4: ACC: 100.00% Loss: 0.1050 - MAX val_ACC: 85.71% val_Loss: 0.6120
Running for fold: 8
fold_path:: /demo/ARN-LSTM/runs/UT-1/ARN_inward+outward_no_motion/fold_8/
> fold weights filepaths: ['runs/UT-1/ARN_inward/fold_8/rerun_2/relnet_weights.hdf5', 'runs/UT-1/ARN_outward/fold_8/rerun_1/relnet_weights.hdf5']
> 0: ACC: 70.37% Loss: 0.9039 - MAX val_ACC: 83.33% val_Loss: 1.0447
> 1: ACC: 98.15% Loss: 0.0458 - MAX val_ACC: 83.33% val_Loss: 0.5378
> 2: ACC: 94.44% Loss: 0.2808 - MAX val_ACC: 83.33% val_Loss: 0.5794
> 3: ACC: 59.26% Loss: 1.2341 - MAX val_ACC: 100.00% val_Loss: 1.0871
> 4: ACC: 79.63% Loss: 0.6415 - MAX val_ACC: 83.33% val_Loss: 0.7719
Running for fold: 9
fold_path:: /demo/ARN-LSTM/runs/UT-1/ARN_inward+outward_no_motion/fold_9/
> fold weights filepaths: ['runs/UT-1/ARN_inward/fold_9/rerun_3/relnet_weights.hdf5', 'runs/UT-1/ARN_outward/fold_9/rerun_1/relnet_weights.hdf5']
> 0: ACC: 79.63% Loss: 0.5840 - MAX val_ACC: 66.67% val_Loss: 1.1023
> 1: ACC: 75.93% Loss: 0.5945 - MAX val_ACC: 83.33% val_Loss: 0.7910
> 2: ACC: 64.81% Loss: 0.9483 - MAX val_ACC: 83.33% val_Loss: 0.8357
> 3: ACC: 72.22% Loss: 0.6337 - MAX val_ACC: 83.33% val_Loss: 0.8057
> 4: ACC: 75.93% Loss: 0.7315 - MAX val_ACC: 83.33% val_Loss: 0.9233
+++++ Summarized results:

Summary for Dataset, Folds, Experiment:
> UT | [0 1 2 3 4 5 6 7 8 9] | ARN_inward+outward_no_motion
     accuracy   loss val_accuracy val_loss epoch
0      94.44% 0.1715      100.00%   0.2669    47
1      81.48% 0.7520       83.33%   1.0216    13
2      92.59% 0.2700      100.00%   0.2170    48
3      90.74% 0.3374       83.33%   0.6396    28
4      96.30% 0.1782       66.67%   0.6809    47
5      76.36% 0.7206       80.00%   0.9671    14
6      75.93% 0.7306       83.33%   0.8212    14
7      94.34% 0.3467       85.71%   0.4660    30
8      59.26% 1.2341      100.00%   1.0871     6
9      75.93% 0.5945       83.33%   0.7910    18
mean   83.74% 0.5336       86.57%   0.6958    26
std    11.99% 0.3360       10.66%   0.3031    16
Val ACC Mean: 86.57% Std: 0.1066

> Finished Run Protocol - Sat Jan 25 08:42:43 2025
> Starting Run Protocol -  Sat Jan 25 08:42:44 2025
Running for dataset: UT-2
Running for folds: [10 11 12 13 14 15 16 17 18 19]
Experiment name: ARN_inward+outward_no_motion
Experiment folder: /demo/ARN-LSTM/runs/UT-2/ARN_inward+outward_no_motion
Number of reruns per dataset fold: 5
Resuming run protocol...
***** Experiment parameters *****
Configuration file: configs/UT/set_2/ARN_inward+outward_no_motion.cfg
	 Skeleton info
	 > selected_joints: None
	 > add_joint_idx: True
	 > add_body_part: True
	 > timesteps: 10
	 > skip_timesteps: None
	 > normalization: None
	 Fusion info
	 > fusion mode: middle
	 > config_filepaths: ['configs/UT/set_2/ARN_inward.cfg', 'configs/UT/set_2/ARN_outward.cfg']
	 > freeze_g_theta: False
	 > fuse_at_fc1: False
	 > Criteria for weights: val_loss
	 > Using Temporal RN: False
	 Training options
	 > drop_rate: 0.1
	 > epochs: 200
	 > learning_rate: 0.0001
	 > checkpoint_period: 1
	 > Batch Size: 64
	 Evaluation options
	 > Pool average from videos sequences: False
Running for fold: 10
fold_path:: /demo/ARN-LSTM/runs/UT-2/ARN_inward+outward_no_motion/fold_10/
> fold weights filepaths: ['runs/UT-2/ARN_inward/fold_10/rerun_1/relnet_weights.hdf5', 'runs/UT-2/ARN_outward/fold_10/rerun_2/relnet_weights.hdf5']
> 0: ACC: 59.26% Loss: 0.9891 - MAX val_ACC: 83.33% val_Loss: 1.0117
> 1: ACC: 94.44% Loss: 0.3228 - MAX val_ACC: 66.67% val_Loss: 0.9931
> 2: ACC: 92.59% Loss: 0.3489 - MAX val_ACC: 66.67% val_Loss: 1.0618
> 3: ACC: 87.04% Loss: 0.4264 - MAX val_ACC: 66.67% val_Loss: 1.0332
> 4: ACC: 96.30% Loss: 0.2168 - MAX val_ACC: 66.67% val_Loss: 0.9198
Running for fold: 11
fold_path:: /demo/ARN-LSTM/runs/UT-2/ARN_inward+outward_no_motion/fold_11/
> fold weights filepaths: ['runs/UT-2/ARN_inward/fold_11/rerun_4/relnet_weights.hdf5', 'runs/UT-2/ARN_outward/fold_11/rerun_3/relnet_weights.hdf5']
> 0: ACC: 85.19% Loss: 0.5240 - MAX val_ACC: 66.67% val_Loss: 1.2105
> 1: ACC: 92.59% Loss: 0.3233 - MAX val_ACC: 66.67% val_Loss: 1.0246
> 2: ACC: 75.93% Loss: 0.7881 - MAX val_ACC: 66.67% val_Loss: 1.2148
> 3: ACC: 66.67% Loss: 0.8703 - MAX val_ACC: 66.67% val_Loss: 1.0764
> 4: ACC: 75.93% Loss: 0.6719 - MAX val_ACC: 66.67% val_Loss: 1.0997
Running for fold: 12
fold_path:: /demo/ARN-LSTM/runs/UT-2/ARN_inward+outward_no_motion/fold_12/
> fold weights filepaths: ['runs/UT-2/ARN_inward/fold_12/rerun_4/relnet_weights.hdf5', 'runs/UT-2/ARN_outward/fold_12/rerun_4/relnet_weights.hdf5']
> 0: ACC: 100.00% Loss: 0.1414 - MAX val_ACC: 83.33% val_Loss: 1.1763
> 1: ACC: 85.19% Loss: 0.5044 - MAX val_ACC: 83.33% val_Loss: 0.9202
> 2: ACC: 92.59% Loss: 0.2732 - MAX val_ACC: 83.33% val_Loss: 0.9804
> 3: ACC: 85.19% Loss: 0.4655 - MAX val_ACC: 83.33% val_Loss: 1.1803
> 4: ACC: 90.74% Loss: 0.3973 - MAX val_ACC: 83.33% val_Loss: 0.9899
Running for fold: 13
fold_path:: /demo/ARN-LSTM/runs/UT-2/ARN_inward+outward_no_motion/fold_13/
> fold weights filepaths: ['runs/UT-2/ARN_inward/fold_13/rerun_1/relnet_weights.hdf5', 'runs/UT-2/ARN_outward/fold_13/rerun_3/relnet_weights.hdf5']
> 0: ACC: 100.00% Loss: 0.0366 - MAX val_ACC: 100.00% val_Loss: 0.2956
> 1: ACC: 100.00% Loss: 0.0965 - MAX val_ACC: 83.33% val_Loss: 0.3216
> 2: ACC: 100.00% Loss: 0.0170 - MAX val_ACC: 83.33% val_Loss: 0.2833
> 3: ACC: 94.44% Loss: 0.2150 - MAX val_ACC: 100.00% val_Loss: 0.3368
> 4: ACC: 100.00% Loss: 0.0285 - MAX val_ACC: 100.00% val_Loss: 0.2925
Running for fold: 14
fold_path:: /demo/ARN-LSTM/runs/UT-2/ARN_inward+outward_no_motion/fold_14/
> fold weights filepaths: ['runs/UT-2/ARN_inward/fold_14/rerun_4/relnet_weights.hdf5', 'runs/UT-2/ARN_outward/fold_14/rerun_4/relnet_weights.hdf5']
> 0: ACC: 88.89% Loss: 0.4251 - MAX val_ACC: 66.67% val_Loss: 0.8548
> 1: ACC: 98.15% Loss: 0.2098 - MAX val_ACC: 66.67% val_Loss: 0.9730
> 2: ACC: 74.07% Loss: 0.8461 - MAX val_ACC: 83.33% val_Loss: 1.0780
> 3: ACC: 100.00% Loss: 0.1075 - MAX val_ACC: 66.67% val_Loss: 1.0196
> 4: ACC: 62.96% Loss: 1.0351 - MAX val_ACC: 83.33% val_Loss: 1.1883
Running for fold: 15
fold_path:: /demo/ARN-LSTM/runs/UT-2/ARN_inward+outward_no_motion/fold_15/
> fold weights filepaths: ['runs/UT-2/ARN_inward/fold_15/rerun_0/relnet_weights.hdf5', 'runs/UT-2/ARN_outward/fold_15/rerun_1/relnet_weights.hdf5']
> 0: ACC: 81.48% Loss: 0.5249 - MAX val_ACC: 66.67% val_Loss: 1.1981
> 1: ACC: 68.52% Loss: 1.0796 - MAX val_ACC: 66.67% val_Loss: 1.1284
> 2: ACC: 68.52% Loss: 1.0533 - MAX val_ACC: 66.67% val_Loss: 1.1601
> 3: ACC: 42.59% Loss: 1.4694 - MAX val_ACC: 83.33% val_Loss: 1.1334
> 4: ACC: 83.33% Loss: 0.5991 - MAX val_ACC: 66.67% val_Loss: 0.9314
Running for fold: 16
fold_path:: /demo/ARN-LSTM/runs/UT-2/ARN_inward+outward_no_motion/fold_16/
> fold weights filepaths: ['runs/UT-2/ARN_inward/fold_16/rerun_4/relnet_weights.hdf5', 'runs/UT-2/ARN_outward/fold_16/rerun_3/relnet_weights.hdf5']
> 0: ACC: 85.19% Loss: 0.6760 - MAX val_ACC: 50.00% val_Loss: 1.2035
> 1: ACC: 72.22% Loss: 0.7750 - MAX val_ACC: 66.67% val_Loss: 1.1771
> 2: ACC: 96.30% Loss: 0.3323 - MAX val_ACC: 66.67% val_Loss: 1.0536
> 3: ACC: 74.07% Loss: 0.7614 - MAX val_ACC: 66.67% val_Loss: 1.1160
> 4: ACC: 83.33% Loss: 0.5464 - MAX val_ACC: 66.67% val_Loss: 0.9200
Running for fold: 17
fold_path:: /demo/ARN-LSTM/runs/UT-2/ARN_inward+outward_no_motion/fold_17/
> fold weights filepaths: ['runs/UT-2/ARN_inward/fold_17/rerun_3/relnet_weights.hdf5', 'runs/UT-2/ARN_outward/fold_17/rerun_1/relnet_weights.hdf5']
> 0: ACC: 75.93% Loss: 0.9023 - MAX val_ACC: 83.33% val_Loss: 1.0066
> 1: ACC: 88.89% Loss: 0.5362 - MAX val_ACC: 83.33% val_Loss: 0.8361
> 2: ACC: 62.96% Loss: 0.8398 - MAX val_ACC: 66.67% val_Loss: 0.8579
> 3: ACC: 77.78% Loss: 0.6430 - MAX val_ACC: 100.00% val_Loss: 0.6515
> 4: ACC: 75.93% Loss: 0.7116 - MAX val_ACC: 83.33% val_Loss: 0.8623
Running for fold: 18
fold_path:: /demo/ARN-LSTM/runs/UT-2/ARN_inward+outward_no_motion/fold_18/
> fold weights filepaths: ['runs/UT-2/ARN_inward/fold_18/rerun_3/relnet_weights.hdf5', 'runs/UT-2/ARN_outward/fold_18/rerun_2/relnet_weights.hdf5']
> 0: ACC: 77.78% Loss: 0.6281 - MAX val_ACC: 50.00% val_Loss: 1.1859
> 1: ACC: 100.00% Loss: 0.1001 - MAX val_ACC: 66.67% val_Loss: 2.5496
> 2: ACC: 62.96% Loss: 1.2136 - MAX val_ACC: 66.67% val_Loss: 1.4002
> 3: ACC: 72.22% Loss: 0.9097 - MAX val_ACC: 66.67% val_Loss: 1.3412
> 4: ACC: 100.00% Loss: 0.1719 - MAX val_ACC: 66.67% val_Loss: 1.7483
Running for fold: 19
fold_path:: /demo/ARN-LSTM/runs/UT-2/ARN_inward+outward_no_motion/fold_19/
> fold weights filepaths: ['runs/UT-2/ARN_inward/fold_19/rerun_0/relnet_weights.hdf5', 'runs/UT-2/ARN_outward/fold_19/rerun_2/relnet_weights.hdf5']
> 0: ACC: 100.00% Loss: 0.0452 - MAX val_ACC: 83.33% val_Loss: 0.5788
> 1: ACC: 100.00% Loss: 0.0306 - MAX val_ACC: 83.33% val_Loss: 0.5501
> 2: ACC: 100.00% Loss: 0.0229 - MAX val_ACC: 83.33% val_Loss: 0.5037
> 3: ACC: 100.00% Loss: 0.1008 - MAX val_ACC: 100.00% val_Loss: 0.5076
> 4: ACC: 100.00% Loss: 0.0165 - MAX val_ACC: 66.67% val_Loss: 0.6127
+++++ Summarized results:

Summary for Dataset, Folds, Experiment:
> UT | [10 11 12 13 14 15 16 17 18 19] | ARN_inward+outward_no_motion
     accuracy   loss val_accuracy val_loss epoch
0      59.26% 0.9891       83.33%   1.0117    10
1      92.59% 0.3233       66.67%   1.0246    28
2      85.19% 0.5044       83.33%   0.9202    25
3     100.00% 0.0285      100.00%   0.2925    44
4      74.07% 0.8461       83.33%   1.0780    16
5      42.59% 1.4694       83.33%   1.1334     6
6      83.33% 0.5464       66.67%   0.9200    21
7      77.78% 0.6430      100.00%   0.6515    18
8      72.22% 0.9097       66.67%   1.3412    12
9     100.00% 0.1008      100.00%   0.5076    40
mean   78.70% 0.6361       83.33%   0.8881    22
std    17.98% 0.4368       13.61%   0.3150    12
Val ACC Mean: 83.33% Std: 0.1361

> Finished Run Protocol - Sat Jan 25 08:42:44 2025
> Starting Run Protocol -  Sat Jan 25 08:42:45 2025
Running for dataset: UT-1
Running for folds: [0 1 2 3 4 5 6 7 8 9]
Experiment name: ARN_inward
Experiment folder: /demo/ARN-LSTM/runs/UT-1/ARN_inward
Number of reruns per dataset fold: 5
Resuming run protocol...
***** Experiment parameters *****
Configuration file: configs/UT/set_1/ARN_inward.cfg
	 Skeleton info
	 > selected_joints: None
	 > add_joint_idx: True
	 > add_body_part: True
	 > timesteps: 10
	 > skip_timesteps: None
	 > normalization: None
	 Model info
	 > rel_type: inter
	 > fuse_type: None
	 > compute_distance: True
	 > compute_motion: True
	 > Using Temporal RN: False
	 Training options
	 > drop_rate: 0.1
	 > kernel_init_type: TruncatedNormal
	 > learning_rate: 0.0001
	 > checkpoint_period: 1
	 > kernel_init_param: 0.045
	 > epochs: 200
	 > Batch Size: 64
	 Evaluation options
	 > Pool average from videos sequences: False
Running for fold: 0
fold_path:: /demo/ARN-LSTM/runs/UT-1/ARN_inward/fold_0/
> 0: ACC: 88.89% Loss: 0.4099 - MAX val_ACC: 100.00% val_Loss: 0.4585
> 1: ACC: 92.59% Loss: 0.3571 - MAX val_ACC: 83.33% val_Loss: 0.6251
> 2: ACC: 77.78% Loss: 0.4063 - MAX val_ACC: 83.33% val_Loss: 0.4861
> 3: ACC: 90.74% Loss: 0.2873 - MAX val_ACC: 83.33% val_Loss: 0.5062
> 4: ACC: 81.48% Loss: 0.5653 - MAX val_ACC: 83.33% val_Loss: 0.5682
Running for fold: 1
fold_path:: /demo/ARN-LSTM/runs/UT-1/ARN_inward/fold_1/
> 0: ACC: 72.22% Loss: 0.8419 - MAX val_ACC: 66.67% val_Loss: 1.2101
> 1: ACC: 79.63% Loss: 0.9879 - MAX val_ACC: 66.67% val_Loss: 1.1354
> 2: ACC: 64.81% Loss: 0.9734 - MAX val_ACC: 66.67% val_Loss: 1.0680
> 3: ACC: 70.37% Loss: 0.8851 - MAX val_ACC: 66.67% val_Loss: 1.2746
> 4: ACC: 62.96% Loss: 0.9751 - MAX val_ACC: 66.67% val_Loss: 1.2025
Running for fold: 2
fold_path:: /demo/ARN-LSTM/runs/UT-1/ARN_inward/fold_2/
> 0: ACC: 90.74% Loss: 0.3295 - MAX val_ACC: 83.33% val_Loss: 0.2761
> 1: ACC: 88.89% Loss: 0.3289 - MAX val_ACC: 100.00% val_Loss: 0.3223
> 2: ACC: 85.19% Loss: 0.3318 - MAX val_ACC: 100.00% val_Loss: 0.3226
> 3: ACC: 83.33% Loss: 0.3682 - MAX val_ACC: 100.00% val_Loss: 0.2703
> 4: ACC: 90.74% Loss: 0.2205 - MAX val_ACC: 100.00% val_Loss: 0.2127
Running for fold: 3
fold_path:: /demo/ARN-LSTM/runs/UT-1/ARN_inward/fold_3/
> 0: ACC: 85.19% Loss: 0.3705 - MAX val_ACC: 100.00% val_Loss: 0.4926
> 1: ACC: 79.63% Loss: 0.5144 - MAX val_ACC: 83.33% val_Loss: 0.6605
> 2: ACC: 85.19% Loss: 0.4239 - MAX val_ACC: 83.33% val_Loss: 0.7037
> 3: ACC: 74.07% Loss: 0.6215 - MAX val_ACC: 83.33% val_Loss: 0.6719
> 4: ACC: 81.48% Loss: 0.4987 - MAX val_ACC: 83.33% val_Loss: 0.8422
Running for fold: 4
fold_path:: /demo/ARN-LSTM/runs/UT-1/ARN_inward/fold_4/
> 0: ACC: 81.48% Loss: 0.4946 - MAX val_ACC: 66.67% val_Loss: 0.7921
> 1: ACC: 77.78% Loss: 0.5285 - MAX val_ACC: 83.33% val_Loss: 0.6453
> 2: ACC: 92.59% Loss: 0.2153 - MAX val_ACC: 83.33% val_Loss: 0.7019
> 3: ACC: 90.74% Loss: 0.3365 - MAX val_ACC: 83.33% val_Loss: 0.4368
> 4: ACC: 81.48% Loss: 0.4346 - MAX val_ACC: 83.33% val_Loss: 0.5165
Running for fold: 5
fold_path:: /demo/ARN-LSTM/runs/UT-1/ARN_inward/fold_5/
> 0: ACC: 78.18% Loss: 0.5339 - MAX val_ACC: 80.00% val_Loss: 0.8359
> 1: ACC: 72.73% Loss: 0.7213 - MAX val_ACC: 80.00% val_Loss: 0.8573
> 2: ACC: 76.36% Loss: 0.8531 - MAX val_ACC: 80.00% val_Loss: 1.0170
> 3: ACC: 69.09% Loss: 0.8236 - MAX val_ACC: 80.00% val_Loss: 0.9800
> 4: ACC: 89.09% Loss: 0.4132 - MAX val_ACC: 80.00% val_Loss: 0.9273
Running for fold: 6
fold_path:: /demo/ARN-LSTM/runs/UT-1/ARN_inward/fold_6/
> 0: ACC: 72.22% Loss: 0.8512 - MAX val_ACC: 66.67% val_Loss: 1.0024
> 1: ACC: 50.00% Loss: 1.4482 - MAX val_ACC: 66.67% val_Loss: 1.4725
> 2: ACC: 75.93% Loss: 0.7109 - MAX val_ACC: 50.00% val_Loss: 1.0007
> 3: ACC: 79.63% Loss: 0.7041 - MAX val_ACC: 66.67% val_Loss: 0.9289
> 4: ACC: 90.74% Loss: 0.2079 - MAX val_ACC: 66.67% val_Loss: 1.0940
Running for fold: 7
fold_path:: /demo/ARN-LSTM/runs/UT-1/ARN_inward/fold_7/
> 0: ACC: 92.45% Loss: 0.2028 - MAX val_ACC: 85.71% val_Loss: 0.6211
> 1: ACC: 81.13% Loss: 0.4358 - MAX val_ACC: 85.71% val_Loss: 0.5473
> 2: ACC: 86.79% Loss: 0.4202 - MAX val_ACC: 85.71% val_Loss: 0.6388
> 3: ACC: 92.45% Loss: 0.3198 - MAX val_ACC: 85.71% val_Loss: 0.5745
> 4: ACC: 88.68% Loss: 0.2781 - MAX val_ACC: 85.71% val_Loss: 0.7546
Running for fold: 8
fold_path:: /demo/ARN-LSTM/runs/UT-1/ARN_inward/fold_8/
> 0: ACC: 59.26% Loss: 1.1120 - MAX val_ACC: 100.00% val_Loss: 1.0432
> 1: ACC: 85.19% Loss: 0.3625 - MAX val_ACC: 66.67% val_Loss: 0.7522
> 2: ACC: 87.04% Loss: 0.3148 - MAX val_ACC: 83.33% val_Loss: 0.3887
> 3: ACC: 90.74% Loss: 0.1981 - MAX val_ACC: 83.33% val_Loss: 0.4010
> 4: ACC: 64.81% Loss: 0.7987 - MAX val_ACC: 83.33% val_Loss: 0.8322
Running for fold: 9
fold_path:: /demo/ARN-LSTM/runs/UT-1/ARN_inward/fold_9/
> 0: ACC: 55.56% Loss: 1.2217 - MAX val_ACC: 83.33% val_Loss: 1.1766
> 1: ACC: 75.93% Loss: 0.6146 - MAX val_ACC: 83.33% val_Loss: 0.9637
> 2: ACC: 70.37% Loss: 0.6983 - MAX val_ACC: 66.67% val_Loss: 0.8765
> 3: ACC: 85.19% Loss: 0.4787 - MAX val_ACC: 83.33% val_Loss: 0.8477
> 4: ACC: 77.78% Loss: 0.7696 - MAX val_ACC: 83.33% val_Loss: 0.8395
+++++ Summarized results:

Summary for Dataset, Folds, Experiment:
> UT | [0 1 2 3 4 5 6 7 8 9] | ARN_inward
     accuracy   loss val_accuracy val_loss epoch
0      88.89% 0.4099      100.00%   0.4585    45
1      64.81% 0.9734       66.67%   1.0680    17
2      90.74% 0.2205      100.00%   0.2127    99
3      85.19% 0.3705      100.00%   0.4926    62
4      90.74% 0.3365       83.33%   0.4368    48
5      78.18% 0.5339       80.00%   0.8359    40
6      79.63% 0.7041       66.67%   0.9289    30
7      81.13% 0.4358       85.71%   0.5473    40
8      59.26% 1.1120      100.00%   1.0432    17
9      77.78% 0.7696       83.33%   0.8395    23
mean   79.64% 0.5866       86.57%   0.6864    42
std    10.57% 0.2931       13.24%   0.2931    25
Val ACC Mean: 86.57% Std: 0.1324

> Finished Run Protocol - Sat Jan 25 08:42:45 2025
> Starting Run Protocol -  Sat Jan 25 08:42:46 2025
Running for dataset: UT-2
Running for folds: [10 11 12 13 14 15 16 17 18 19]
Experiment name: ARN_inward
Experiment folder: /demo/ARN-LSTM/runs/UT-2/ARN_inward
Number of reruns per dataset fold: 5
Resuming run protocol...
***** Experiment parameters *****
Configuration file: configs/UT/set_2/ARN_inward.cfg
	 Skeleton info
	 > selected_joints: None
	 > add_joint_idx: True
	 > add_body_part: True
	 > timesteps: 10
	 > skip_timesteps: None
	 > normalization: None
	 Model info
	 > rel_type: inter
	 > fuse_type: None
	 > compute_distance: True
	 > compute_motion: True
	 > Using Temporal RN: False
	 Training options
	 > drop_rate: 0.1
	 > kernel_init_type: TruncatedNormal
	 > learning_rate: 0.0001
	 > checkpoint_period: 1
	 > kernel_init_param: 0.045
	 > epochs: 150
	 > Batch Size: 64
	 Evaluation options
	 > Pool average from videos sequences: False
Running for fold: 10
fold_path:: /demo/ARN-LSTM/runs/UT-2/ARN_inward/fold_10/
> 0: ACC: 92.59% Loss: 0.2570 - MAX val_ACC: 66.67% val_Loss: 0.8733
> 1: ACC: 87.04% Loss: 0.3686 - MAX val_ACC: 83.33% val_Loss: 0.6746
> 2: ACC: 81.48% Loss: 0.6112 - MAX val_ACC: 66.67% val_Loss: 0.9581
> 3: ACC: 88.89% Loss: 0.4153 - MAX val_ACC: 66.67% val_Loss: 0.9846
> 4: ACC: 88.89% Loss: 0.3439 - MAX val_ACC: 66.67% val_Loss: 0.8857
Running for fold: 11
fold_path:: /demo/ARN-LSTM/runs/UT-2/ARN_inward/fold_11/
> 0: ACC: 81.48% Loss: 0.4498 - MAX val_ACC: 66.67% val_Loss: 1.0170
> 1: ACC: 79.63% Loss: 0.5298 - MAX val_ACC: 66.67% val_Loss: 1.0690
> 2: ACC: 85.19% Loss: 0.4534 - MAX val_ACC: 66.67% val_Loss: 1.1371
> 3: ACC: 81.48% Loss: 0.4310 - MAX val_ACC: 66.67% val_Loss: 1.1536
> 4: ACC: 85.19% Loss: 0.4196 - MAX val_ACC: 66.67% val_Loss: 0.9095
Running for fold: 12
fold_path:: /demo/ARN-LSTM/runs/UT-2/ARN_inward/fold_12/
> 0: ACC: 85.19% Loss: 0.5054 - MAX val_ACC: 83.33% val_Loss: 1.0039
> 1: ACC: 94.44% Loss: 0.2539 - MAX val_ACC: 83.33% val_Loss: 0.9600
> 2: ACC: 96.30% Loss: 0.1996 - MAX val_ACC: 83.33% val_Loss: 0.7547
> 3: ACC: 92.59% Loss: 0.2118 - MAX val_ACC: 83.33% val_Loss: 0.8913
> 4: ACC: 87.04% Loss: 0.3564 - MAX val_ACC: 83.33% val_Loss: 0.7950
Running for fold: 13
fold_path:: /demo/ARN-LSTM/runs/UT-2/ARN_inward/fold_13/
> 0: ACC: 44.44% Loss: 1.3937 - MAX val_ACC: 83.33% val_Loss: 1.1989
> 1: ACC: 98.15% Loss: 0.0792 - MAX val_ACC: 83.33% val_Loss: 0.4090
> 2: ACC: 46.30% Loss: 1.4558 - MAX val_ACC: 83.33% val_Loss: 1.3126
> 3: ACC: 92.59% Loss: 0.2743 - MAX val_ACC: 83.33% val_Loss: 0.4701
> 4: ACC: 88.89% Loss: 0.3614 - MAX val_ACC: 83.33% val_Loss: 0.5437
Running for fold: 14
fold_path:: /demo/ARN-LSTM/runs/UT-2/ARN_inward/fold_14/
> 0: ACC: 88.89% Loss: 0.3676 - MAX val_ACC: 83.33% val_Loss: 0.8496
> 1: ACC: 94.44% Loss: 0.2471 - MAX val_ACC: 66.67% val_Loss: 0.8426
> 2: ACC: 83.33% Loss: 0.4979 - MAX val_ACC: 83.33% val_Loss: 0.9546
> 3: ACC: 46.30% Loss: 1.4011 - MAX val_ACC: 83.33% val_Loss: 1.3496
> 4: ACC: 83.33% Loss: 0.6068 - MAX val_ACC: 83.33% val_Loss: 0.7375
Running for fold: 15
fold_path:: /demo/ARN-LSTM/runs/UT-2/ARN_inward/fold_15/
> 0: ACC: 85.19% Loss: 0.4644 - MAX val_ACC: 66.67% val_Loss: 1.0066
> 1: ACC: 100.00% Loss: 0.1290 - MAX val_ACC: 66.67% val_Loss: 2.4073
> 2: ACC: 66.67% Loss: 0.7871 - MAX val_ACC: 66.67% val_Loss: 1.1999
> 3: ACC: 81.48% Loss: 0.6504 - MAX val_ACC: 66.67% val_Loss: 0.9753
> 4: ACC: 74.07% Loss: 0.7287 - MAX val_ACC: 66.67% val_Loss: 1.0534
Running for fold: 16
fold_path:: /demo/ARN-LSTM/runs/UT-2/ARN_inward/fold_16/
> 0: ACC: 53.70% Loss: 1.2288 - MAX val_ACC: 66.67% val_Loss: 1.3384
> 1: ACC: 77.78% Loss: 0.6730 - MAX val_ACC: 66.67% val_Loss: 1.1664
> 2: ACC: 57.41% Loss: 1.0004 - MAX val_ACC: 66.67% val_Loss: 1.1373
> 3: ACC: 66.67% Loss: 0.8611 - MAX val_ACC: 66.67% val_Loss: 1.1481
> 4: ACC: 77.78% Loss: 0.6378 - MAX val_ACC: 66.67% val_Loss: 1.0342
Running for fold: 17
fold_path:: /demo/ARN-LSTM/runs/UT-2/ARN_inward/fold_17/
> 0: ACC: 55.56% Loss: 1.2937 - MAX val_ACC: 83.33% val_Loss: 1.2113
> 1: ACC: 83.33% Loss: 0.5230 - MAX val_ACC: 66.67% val_Loss: 0.9564
> 2: ACC: 72.22% Loss: 0.7432 - MAX val_ACC: 66.67% val_Loss: 0.9472
> 3: ACC: 66.67% Loss: 0.6313 - MAX val_ACC: 66.67% val_Loss: 0.8339
> 4: ACC: 72.22% Loss: 0.7098 - MAX val_ACC: 66.67% val_Loss: 0.8586
Running for fold: 18
fold_path:: /demo/ARN-LSTM/runs/UT-2/ARN_inward/fold_18/
> 0: ACC: 61.11% Loss: 1.2963 - MAX val_ACC: 66.67% val_Loss: 1.8507
> 1: ACC: 55.56% Loss: 1.1240 - MAX val_ACC: 50.00% val_Loss: 1.9897
> 2: ACC: 40.74% Loss: 1.3685 - MAX val_ACC: 66.67% val_Loss: 1.6451
> 3: ACC: 70.37% Loss: 0.7050 - MAX val_ACC: 66.67% val_Loss: 1.9891
> 4: ACC: 33.33% Loss: 1.6427 - MAX val_ACC: 50.00% val_Loss: 1.7473
Running for fold: 19
fold_path:: /demo/ARN-LSTM/runs/UT-2/ARN_inward/fold_19/
> 0: ACC: 100.00% Loss: 0.0638 - MAX val_ACC: 100.00% val_Loss: 0.3336
> 1: ACC: 92.59% Loss: 0.2100 - MAX val_ACC: 83.33% val_Loss: 0.4675
> 2: ACC: 100.00% Loss: 0.0284 - MAX val_ACC: 83.33% val_Loss: 0.3942
> 3: ACC: 94.44% Loss: 0.1852 - MAX val_ACC: 83.33% val_Loss: 0.4407
> 4: ACC: 100.00% Loss: 0.0375 - MAX val_ACC: 83.33% val_Loss: 0.3695
+++++ Summarized results:

Summary for Dataset, Folds, Experiment:
> UT | [10 11 12 13 14 15 16 17 18 19] | ARN_inward
     accuracy   loss val_accuracy val_loss epoch
0      87.04% 0.3686       83.33%   0.6746    69
1      85.19% 0.4196       66.67%   0.9095    61
2      96.30% 0.1996       83.33%   0.7547    83
3      98.15% 0.0792       83.33%   0.4090   119
4      83.33% 0.6068       83.33%   0.7375    45
5      81.48% 0.6504       66.67%   0.9753    42
6      77.78% 0.6378       66.67%   1.0342    36
7      55.56% 1.2937       83.33%   1.2113    15
8      40.74% 1.3685       66.67%   1.6451    13
9     100.00% 0.0638      100.00%   0.3336   127
mean   80.56% 0.5688       78.33%   0.8685    61
std    18.93% 0.4560       11.25%   0.3839    39
Val ACC Mean: 78.33% Std: 0.1125

> Finished Run Protocol - Sat Jan 25 08:42:46 2025
> Starting Run Protocol -  Sat Jan 25 08:42:47 2025
Running for dataset: UT-1
Running for folds: [0 1 2 3 4 5 6 7 8 9]
Experiment name: ARN_outward
Experiment folder: /demo/ARN-LSTM/runs/UT-1/ARN_outward
Number of reruns per dataset fold: 5
Resuming run protocol...
***** Experiment parameters *****
Configuration file: configs/UT/set_1/ARN_outward.cfg
	 Skeleton info
	 > selected_joints: None
	 > add_joint_idx: True
	 > add_body_part: True
	 > timesteps: 10
	 > skip_timesteps: None
	 > normalization: None
	 Model info
	 > rel_type: indivs
	 > fuse_type: None
	 > compute_distance: True
	 > compute_motion: True
	 > Using Temporal RN: False
	 Training options
	 > drop_rate: 0.1
	 > kernel_init_type: TruncatedNormal
	 > learning_rate: 0.0001
	 > checkpoint_period: 1
	 > kernel_init_param: 0.045
	 > epochs: 150
	 > Batch Size: 64
	 Evaluation options
	 > Pool average from videos sequences: False
Running for fold: 0
fold_path:: /demo/ARN-LSTM/runs/UT-1/ARN_outward/fold_0/
> 0: ACC: 90.74% Loss: 0.2635 - MAX val_ACC: 100.00% val_Loss: 0.3224
> 1: ACC: 83.33% Loss: 0.4996 - MAX val_ACC: 100.00% val_Loss: 0.4050
> 2: ACC: 88.89% Loss: 0.3207 - MAX val_ACC: 100.00% val_Loss: 0.3545
> 3: ACC: 81.48% Loss: 0.5497 - MAX val_ACC: 100.00% val_Loss: 0.4771
> 4: ACC: 88.89% Loss: 0.2273 - MAX val_ACC: 83.33% val_Loss: 0.4290
Running for fold: 1
fold_path:: /demo/ARN-LSTM/runs/UT-1/ARN_outward/fold_1/
> 0: ACC: 77.78% Loss: 0.6103 - MAX val_ACC: 83.33% val_Loss: 0.9107
> 1: ACC: 83.33% Loss: 0.4539 - MAX val_ACC: 66.67% val_Loss: 0.9473
> 2: ACC: 75.93% Loss: 0.7215 - MAX val_ACC: 66.67% val_Loss: 1.0421
> 3: ACC: 94.44% Loss: 0.2604 - MAX val_ACC: 66.67% val_Loss: 1.2166
> 4: ACC: 75.93% Loss: 0.5834 - MAX val_ACC: 66.67% val_Loss: 1.0915
Running for fold: 2
fold_path:: /demo/ARN-LSTM/runs/UT-1/ARN_outward/fold_2/
> 0: ACC: 79.63% Loss: 0.6372 - MAX val_ACC: 100.00% val_Loss: 0.2607
> 1: ACC: 74.07% Loss: 0.6925 - MAX val_ACC: 83.33% val_Loss: 0.6298
> 2: ACC: 83.33% Loss: 0.4829 - MAX val_ACC: 100.00% val_Loss: 0.2234
> 3: ACC: 79.63% Loss: 0.4719 - MAX val_ACC: 100.00% val_Loss: 0.2969
> 4: ACC: 77.78% Loss: 0.6177 - MAX val_ACC: 100.00% val_Loss: 0.3028
Running for fold: 3
fold_path:: /demo/ARN-LSTM/runs/UT-1/ARN_outward/fold_3/
> 0: ACC: 81.48% Loss: 0.4295 - MAX val_ACC: 83.33% val_Loss: 0.5858
> 1: ACC: 79.63% Loss: 0.4581 - MAX val_ACC: 83.33% val_Loss: 0.3691
> 2: ACC: 94.44% Loss: 0.1904 - MAX val_ACC: 83.33% val_Loss: 0.4922
> 3: ACC: 90.74% Loss: 0.3775 - MAX val_ACC: 83.33% val_Loss: 0.6486
> 4: ACC: 90.74% Loss: 0.2392 - MAX val_ACC: 83.33% val_Loss: 0.3480
Running for fold: 4
fold_path:: /demo/ARN-LSTM/runs/UT-1/ARN_outward/fold_4/
> 0: ACC: 87.04% Loss: 0.4024 - MAX val_ACC: 83.33% val_Loss: 0.3633
> 1: ACC: 94.44% Loss: 0.1447 - MAX val_ACC: 100.00% val_Loss: 0.3207
> 2: ACC: 74.07% Loss: 0.5914 - MAX val_ACC: 66.67% val_Loss: 0.8664
> 3: ACC: 83.33% Loss: 0.4291 - MAX val_ACC: 83.33% val_Loss: 0.5202
> 4: ACC: 85.19% Loss: 0.4220 - MAX val_ACC: 83.33% val_Loss: 0.7368
Running for fold: 5
fold_path:: /demo/ARN-LSTM/runs/UT-1/ARN_outward/fold_5/
> 0: ACC: 81.82% Loss: 0.3953 - MAX val_ACC: 80.00% val_Loss: 1.3356
> 1: ACC: 87.27% Loss: 0.4467 - MAX val_ACC: 80.00% val_Loss: 0.8217
> 2: ACC: 78.18% Loss: 0.4717 - MAX val_ACC: 60.00% val_Loss: 1.0923
> 3: ACC: 63.64% Loss: 0.9463 - MAX val_ACC: 80.00% val_Loss: 1.1763
> 4: ACC: 81.82% Loss: 0.4336 - MAX val_ACC: 80.00% val_Loss: 0.9298
Running for fold: 6
fold_path:: /demo/ARN-LSTM/runs/UT-1/ARN_outward/fold_6/
> 0: ACC: 81.48% Loss: 0.5632 - MAX val_ACC: 66.67% val_Loss: 0.9491
> 1: ACC: 72.22% Loss: 0.7217 - MAX val_ACC: 50.00% val_Loss: 1.0362
> 2: ACC: 72.22% Loss: 0.8520 - MAX val_ACC: 66.67% val_Loss: 0.9076
> 3: ACC: 81.48% Loss: 0.5224 - MAX val_ACC: 66.67% val_Loss: 1.0295
> 4: ACC: 85.19% Loss: 0.5625 - MAX val_ACC: 66.67% val_Loss: 0.9909
Running for fold: 7
fold_path:: /demo/ARN-LSTM/runs/UT-1/ARN_outward/fold_7/
> 0: ACC: 92.45% Loss: 0.1890 - MAX val_ACC: 85.71% val_Loss: 0.4983
> 1: ACC: 94.34% Loss: 0.2780 - MAX val_ACC: 85.71% val_Loss: 0.8556
> 2: ACC: 84.91% Loss: 0.3558 - MAX val_ACC: 85.71% val_Loss: 0.4798
> 3: ACC: 92.45% Loss: 0.1914 - MAX val_ACC: 85.71% val_Loss: 0.7841
> 4: ACC: 96.23% Loss: 0.1491 - MAX val_ACC: 85.71% val_Loss: 0.5537
Running for fold: 8
fold_path:: /demo/ARN-LSTM/runs/UT-1/ARN_outward/fold_8/
> 0: ACC: 72.22% Loss: 0.9804 - MAX val_ACC: 83.33% val_Loss: 1.0966
> 1: ACC: 90.74% Loss: 0.3052 - MAX val_ACC: 100.00% val_Loss: 0.3993
> 2: ACC: 94.44% Loss: 0.1800 - MAX val_ACC: 83.33% val_Loss: 0.4393
> 3: ACC: 96.30% Loss: 0.0847 - MAX val_ACC: 83.33% val_Loss: 0.4050
> 4: ACC: 85.19% Loss: 0.4578 - MAX val_ACC: 83.33% val_Loss: 0.6332
Running for fold: 9
fold_path:: /demo/ARN-LSTM/runs/UT-1/ARN_outward/fold_9/
> 0: ACC: 75.93% Loss: 0.8451 - MAX val_ACC: 83.33% val_Loss: 0.9785
> 1: ACC: 64.81% Loss: 0.7697 - MAX val_ACC: 83.33% val_Loss: 0.8197
> 2: ACC: 77.78% Loss: 0.6965 - MAX val_ACC: 66.67% val_Loss: 0.8221
> 3: ACC: 74.07% Loss: 0.6276 - MAX val_ACC: 83.33% val_Loss: 0.8850
> 4: ACC: 74.07% Loss: 0.5134 - MAX val_ACC: 83.33% val_Loss: 1.3155
+++++ Summarized results:

Summary for Dataset, Folds, Experiment:
> UT | [0 1 2 3 4 5 6 7 8 9] | ARN_outward
     accuracy   loss val_accuracy val_loss epoch
0      90.74% 0.2635      100.00%   0.3224    73
1      77.78% 0.6103       83.33%   0.9107    34
2      83.33% 0.4829      100.00%   0.2234    62
3      90.74% 0.2392       83.33%   0.3480   102
4      94.44% 0.1447      100.00%   0.3207   112
5      87.27% 0.4467       80.00%   0.8217    42
6      72.22% 0.8520       66.67%   0.9076    21
7      84.91% 0.3558       85.71%   0.4798    63
8      90.74% 0.3052      100.00%   0.3993    72
9      64.81% 0.7697       83.33%   0.8197    27
mean   83.70% 0.4470       88.24%   0.5553    61
std     9.44% 0.2340       11.38%   0.2756    31
Val ACC Mean: 88.24% Std: 0.1138

> Finished Run Protocol - Sat Jan 25 08:42:47 2025
> Starting Run Protocol -  Sat Jan 25 08:42:48 2025
Running for dataset: UT-2
Running for folds: [10 11 12 13 14 15 16 17 18 19]
Experiment name: ARN_outward
Experiment folder: /demo/ARN-LSTM/runs/UT-2/ARN_outward
Number of reruns per dataset fold: 5
Resuming run protocol...
***** Experiment parameters *****
Configuration file: configs/UT/set_2/ARN_outward.cfg
	 Skeleton info
	 > selected_joints: None
	 > add_joint_idx: True
	 > add_body_part: True
	 > timesteps: 10
	 > skip_timesteps: None
	 > normalization: None
	 Model info
	 > rel_type: indivs
	 > fuse_type: None
	 > compute_distance: True
	 > compute_motion: True
	 > Using Temporal RN: False
	 Training options
	 > drop_rate: 0.1
	 > kernel_init_type: TruncatedNormal
	 > learning_rate: 0.0001
	 > checkpoint_period: 1
	 > kernel_init_param: 0.045
	 > epochs: 150
	 > Batch Size: 64
	 Evaluation options
	 > Pool average from videos sequences: False
Running for fold: 10
fold_path:: /demo/ARN-LSTM/runs/UT-2/ARN_outward/fold_10/
> 0: ACC: 25.93% Loss: 1.7825 - MAX val_ACC: 66.67% val_Loss: 1.5500
> 1: ACC: 81.48% Loss: 0.4846 - MAX val_ACC: 50.00% val_Loss: 1.1025
> 2: ACC: 85.19% Loss: 0.4650 - MAX val_ACC: 66.67% val_Loss: 1.1754
> 3: ACC: 88.89% Loss: 0.3421 - MAX val_ACC: 50.00% val_Loss: 1.1646
> 4: ACC: 79.63% Loss: 0.5584 - MAX val_ACC: 66.67% val_Loss: 1.1753
Running for fold: 11
fold_path:: /demo/ARN-LSTM/runs/UT-2/ARN_outward/fold_11/
> 0: ACC: 92.59% Loss: 0.4172 - MAX val_ACC: 66.67% val_Loss: 1.0800
> 1: ACC: 85.19% Loss: 0.3811 - MAX val_ACC: 66.67% val_Loss: 1.0116
> 2: ACC: 83.33% Loss: 0.3978 - MAX val_ACC: 66.67% val_Loss: 0.9997
> 3: ACC: 74.07% Loss: 0.5701 - MAX val_ACC: 66.67% val_Loss: 0.9508
> 4: ACC: 85.19% Loss: 0.4515 - MAX val_ACC: 66.67% val_Loss: 1.0684
Running for fold: 12
fold_path:: /demo/ARN-LSTM/runs/UT-2/ARN_outward/fold_12/
> 0: ACC: 85.19% Loss: 0.4926 - MAX val_ACC: 83.33% val_Loss: 1.0957
> 1: ACC: 81.48% Loss: 0.4054 - MAX val_ACC: 83.33% val_Loss: 1.0472
> 2: ACC: 87.04% Loss: 0.3035 - MAX val_ACC: 83.33% val_Loss: 1.0761
> 3: ACC: 72.22% Loss: 0.6613 - MAX val_ACC: 83.33% val_Loss: 1.0962
> 4: ACC: 74.07% Loss: 0.5526 - MAX val_ACC: 83.33% val_Loss: 0.9824
Running for fold: 13
fold_path:: /demo/ARN-LSTM/runs/UT-2/ARN_outward/fold_13/
> 0: ACC: 87.04% Loss: 0.2812 - MAX val_ACC: 83.33% val_Loss: 0.3479
> 1: ACC: 98.15% Loss: 0.1301 - MAX val_ACC: 83.33% val_Loss: 0.3142
> 2: ACC: 98.15% Loss: 0.0713 - MAX val_ACC: 83.33% val_Loss: 0.4716
> 3: ACC: 100.00% Loss: 0.0190 - MAX val_ACC: 100.00% val_Loss: 0.2195
> 4: ACC: 92.59% Loss: 0.1818 - MAX val_ACC: 83.33% val_Loss: 0.3614
Running for fold: 14
fold_path:: /demo/ARN-LSTM/runs/UT-2/ARN_outward/fold_14/
> 0: ACC: 87.04% Loss: 0.4164 - MAX val_ACC: 66.67% val_Loss: 1.1351
> 1: ACC: 81.48% Loss: 0.3742 - MAX val_ACC: 66.67% val_Loss: 1.5316
> 2: ACC: 77.78% Loss: 0.5896 - MAX val_ACC: 66.67% val_Loss: 1.1443
> 3: ACC: 92.59% Loss: 0.2253 - MAX val_ACC: 66.67% val_Loss: 0.8882
> 4: ACC: 98.15% Loss: 0.0511 - MAX val_ACC: 83.33% val_Loss: 1.1821
Running for fold: 15
fold_path:: /demo/ARN-LSTM/runs/UT-2/ARN_outward/fold_15/
> 0: ACC: 70.37% Loss: 0.6993 - MAX val_ACC: 50.00% val_Loss: 1.1164
> 1: ACC: 50.00% Loss: 1.2671 - MAX val_ACC: 66.67% val_Loss: 1.2402
> 2: ACC: 59.26% Loss: 1.0071 - MAX val_ACC: 50.00% val_Loss: 1.3472
> 3: ACC: 55.56% Loss: 1.0260 - MAX val_ACC: 66.67% val_Loss: 1.1576
> 4: ACC: 61.11% Loss: 0.7972 - MAX val_ACC: 66.67% val_Loss: 1.0237
Running for fold: 16
fold_path:: /demo/ARN-LSTM/runs/UT-2/ARN_outward/fold_16/
> 0: ACC: 33.33% Loss: 1.5693 - MAX val_ACC: 66.67% val_Loss: 1.3704
> 1: ACC: 81.48% Loss: 0.6923 - MAX val_ACC: 50.00% val_Loss: 1.0960
> 2: ACC: 79.63% Loss: 0.5571 - MAX val_ACC: 66.67% val_Loss: 1.1483
> 3: ACC: 62.96% Loss: 1.0761 - MAX val_ACC: 66.67% val_Loss: 1.1066
> 4: ACC: 92.59% Loss: 0.3434 - MAX val_ACC: 66.67% val_Loss: 1.1013
Running for fold: 17
fold_path:: /demo/ARN-LSTM/runs/UT-2/ARN_outward/fold_17/
> 0: ACC: 90.74% Loss: 0.4768 - MAX val_ACC: 66.67% val_Loss: 1.0152
> 1: ACC: 74.07% Loss: 0.6466 - MAX val_ACC: 83.33% val_Loss: 0.6566
> 2: ACC: 68.52% Loss: 0.9280 - MAX val_ACC: 83.33% val_Loss: 0.7974
> 3: ACC: 64.81% Loss: 0.8141 - MAX val_ACC: 66.67% val_Loss: 0.8910
> 4: ACC: 77.78% Loss: 0.6155 - MAX val_ACC: 83.33% val_Loss: 1.0533
Running for fold: 18
fold_path:: /demo/ARN-LSTM/runs/UT-2/ARN_outward/fold_18/
> 0: ACC: 75.93% Loss: 0.6370 - MAX val_ACC: 83.33% val_Loss: 1.3997
> 1: ACC: 98.15% Loss: 0.1174 - MAX val_ACC: 83.33% val_Loss: 1.5176
> 2: ACC: 98.15% Loss: 0.1111 - MAX val_ACC: 66.67% val_Loss: 1.0845
> 3: ACC: 81.48% Loss: 0.5508 - MAX val_ACC: 83.33% val_Loss: 1.0968
> 4: ACC: 59.26% Loss: 0.9338 - MAX val_ACC: 66.67% val_Loss: 1.0457
Running for fold: 19
fold_path:: /demo/ARN-LSTM/runs/UT-2/ARN_outward/fold_19/
> 0: ACC: 100.00% Loss: 0.1656 - MAX val_ACC: 83.33% val_Loss: 0.5120
> 1: ACC: 100.00% Loss: 0.0877 - MAX val_ACC: 83.33% val_Loss: 0.6109
> 2: ACC: 100.00% Loss: 0.0421 - MAX val_ACC: 100.00% val_Loss: 0.3925
> 3: ACC: 77.78% Loss: 0.6711 - MAX val_ACC: 100.00% val_Loss: 0.7365
> 4: ACC: 96.30% Loss: 0.1549 - MAX val_ACC: 100.00% val_Loss: 0.4072
+++++ Summarized results:

Summary for Dataset, Folds, Experiment:
> UT | [10 11 12 13 14 15 16 17 18 19] | ARN_outward
     accuracy   loss val_accuracy val_loss epoch
0      79.63% 0.5584       66.67%   1.1753    52
1      74.07% 0.5701       66.67%   0.9508    49
2      74.07% 0.5526       83.33%   0.9824    43
3     100.00% 0.0190      100.00%   0.2195   149
4      98.15% 0.0511       83.33%   1.1821   136
5      61.11% 0.7972       66.67%   1.0237    28
6      92.59% 0.3434       66.67%   1.1013    60
7      74.07% 0.6466       83.33%   0.6566    38
8      81.48% 0.5508       83.33%   1.0968    48
9     100.00% 0.0421      100.00%   0.3925   114
mean   83.52% 0.4131       80.00%   0.8781    72
std    13.45% 0.2819       13.15%   0.3390    44
Val ACC Mean: 80.00% Std: 0.1315

> Finished Run Protocol - Sat Jan 25 08:42:48 2025
> Starting Run Protocol -  Sat Jan 25 08:42:49 2025
Running for dataset: UT-1
Running for folds: [0 1 2 3 4 5 6 7 8 9]
Experiment name: ARN_inward+outward
Experiment folder: /demo/ARN-LSTM/runs/UT-1/ARN_inward+outward
Number of reruns per dataset fold: 5
Resuming run protocol...
***** Experiment parameters *****
Configuration file: configs/UT/set_1/ARN_inward+outward.cfg
	 Skeleton info
	 > selected_joints: None
	 > add_joint_idx: True
	 > add_body_part: True
	 > timesteps: 10
	 > skip_timesteps: None
	 > normalization: None
	 Fusion info
	 > fusion mode: middle
	 > config_filepaths: ['configs/UT/set_1/ARN_inward.cfg', 'configs/UT/set_1/ARN_outward.cfg']
	 > freeze_g_theta: False
	 > fuse_at_fc1: False
	 > Criteria for weights: val_loss
	 > Using Temporal RN: False
	 Training options
	 > drop_rate: 0.1
	 > epochs: 200
	 > learning_rate: 0.0001
	 > checkpoint_period: 1
	 > Batch Size: 64
	 Evaluation options
	 > Pool average from videos sequences: False
Running for fold: 0
fold_path:: /demo/ARN-LSTM/runs/UT-1/ARN_inward+outward/fold_0/
> fold weights filepaths: ['runs/UT-1/ARN_inward/fold_0/rerun_0/relnet_weights.hdf5', 'runs/UT-1/ARN_outward/fold_0/rerun_0/relnet_weights.hdf5']
> 0: ACC: 92.59% Loss: 0.2748 - MAX val_ACC: 83.33% val_Loss: 0.5376
> 1: ACC: 87.04% Loss: 0.2586 - MAX val_ACC: 83.33% val_Loss: 0.3812
> 2: ACC: 94.44% Loss: 0.1911 - MAX val_ACC: 83.33% val_Loss: 0.3615
> 3: ACC: 87.04% Loss: 0.4749 - MAX val_ACC: 100.00% val_Loss: 0.5381
> 4: ACC: 90.74% Loss: 0.3958 - MAX val_ACC: 83.33% val_Loss: 0.5123
Running for fold: 1
fold_path:: /demo/ARN-LSTM/runs/UT-1/ARN_inward+outward/fold_1/
> fold weights filepaths: ['runs/UT-1/ARN_inward/fold_1/rerun_2/relnet_weights.hdf5', 'runs/UT-1/ARN_outward/fold_1/rerun_0/relnet_weights.hdf5']
> 0: ACC: 72.22% Loss: 0.8537 - MAX val_ACC: 66.67% val_Loss: 1.1707
> 1: ACC: 94.44% Loss: 0.3485 - MAX val_ACC: 66.67% val_Loss: 1.1195
> 2: ACC: 77.78% Loss: 0.5885 - MAX val_ACC: 66.67% val_Loss: 0.9883
> 3: ACC: 81.48% Loss: 0.6041 - MAX val_ACC: 66.67% val_Loss: 1.0262
> 4: ACC: 87.04% Loss: 0.4620 - MAX val_ACC: 66.67% val_Loss: 0.9717
Running for fold: 2
fold_path:: /demo/ARN-LSTM/runs/UT-1/ARN_inward+outward/fold_2/
> fold weights filepaths: ['runs/UT-1/ARN_inward/fold_2/rerun_4/relnet_weights.hdf5', 'runs/UT-1/ARN_outward/fold_2/rerun_2/relnet_weights.hdf5']
> 0: ACC: 92.59% Loss: 0.2860 - MAX val_ACC: 100.00% val_Loss: 0.3448
> 1: ACC: 87.04% Loss: 0.4285 - MAX val_ACC: 100.00% val_Loss: 0.3846
> 2: ACC: 92.59% Loss: 0.2057 - MAX val_ACC: 100.00% val_Loss: 0.2246
> 3: ACC: 92.59% Loss: 0.3469 - MAX val_ACC: 100.00% val_Loss: 0.2768
> 4: ACC: 88.89% Loss: 0.1898 - MAX val_ACC: 100.00% val_Loss: 0.2423
Running for fold: 3
fold_path:: /demo/ARN-LSTM/runs/UT-1/ARN_inward+outward/fold_3/
> fold weights filepaths: ['runs/UT-1/ARN_inward/fold_3/rerun_0/relnet_weights.hdf5', 'runs/UT-1/ARN_outward/fold_3/rerun_4/relnet_weights.hdf5']
> 0: ACC: 88.89% Loss: 0.4011 - MAX val_ACC: 83.33% val_Loss: 0.5649
> 1: ACC: 92.59% Loss: 0.2900 - MAX val_ACC: 83.33% val_Loss: 0.4670
> 2: ACC: 88.89% Loss: 0.4153 - MAX val_ACC: 83.33% val_Loss: 0.6573
> 3: ACC: 83.33% Loss: 0.4726 - MAX val_ACC: 83.33% val_Loss: 0.6531
> 4: ACC: 92.59% Loss: 0.3077 - MAX val_ACC: 83.33% val_Loss: 0.6430
Running for fold: 4
fold_path:: /demo/ARN-LSTM/runs/UT-1/ARN_inward+outward/fold_4/
> fold weights filepaths: ['runs/UT-1/ARN_inward/fold_4/rerun_2/relnet_weights.hdf5', 'runs/UT-1/ARN_outward/fold_4/rerun_1/relnet_weights.hdf5']
> 0: ACC: 96.30% Loss: 0.1372 - MAX val_ACC: 83.33% val_Loss: 0.6874
> 1: ACC: 90.74% Loss: 0.3258 - MAX val_ACC: 66.67% val_Loss: 0.7537
> 2: ACC: 96.30% Loss: 0.1670 - MAX val_ACC: 83.33% val_Loss: 0.4626
> 3: ACC: 92.59% Loss: 0.2669 - MAX val_ACC: 66.67% val_Loss: 0.7688
> 4: ACC: 83.33% Loss: 0.6348 - MAX val_ACC: 66.67% val_Loss: 0.7903
Running for fold: 5
fold_path:: /demo/ARN-LSTM/runs/UT-1/ARN_inward+outward/fold_5/
> fold weights filepaths: ['runs/UT-1/ARN_inward/fold_5/rerun_4/relnet_weights.hdf5', 'runs/UT-1/ARN_outward/fold_5/rerun_1/relnet_weights.hdf5']
> 0: ACC: 43.64% Loss: 1.7013 - MAX val_ACC: 80.00% val_Loss: 1.1813
> 1: ACC: 70.91% Loss: 0.9420 - MAX val_ACC: 60.00% val_Loss: 1.1736
> 2: ACC: 72.73% Loss: 0.6864 - MAX val_ACC: 80.00% val_Loss: 1.0317
> 3: ACC: 89.09% Loss: 0.3897 - MAX val_ACC: 60.00% val_Loss: 1.2741
> 4: ACC: 69.09% Loss: 0.8781 - MAX val_ACC: 80.00% val_Loss: 1.0001
Running for fold: 6
fold_path:: /demo/ARN-LSTM/runs/UT-1/ARN_inward+outward/fold_6/
> fold weights filepaths: ['runs/UT-1/ARN_inward/fold_6/rerun_3/relnet_weights.hdf5', 'runs/UT-1/ARN_outward/fold_6/rerun_2/relnet_weights.hdf5']
> 0: ACC: 85.19% Loss: 0.5096 - MAX val_ACC: 66.67% val_Loss: 0.9677
> 1: ACC: 77.78% Loss: 0.7220 - MAX val_ACC: 50.00% val_Loss: 1.0334
> 2: ACC: 88.89% Loss: 0.4991 - MAX val_ACC: 50.00% val_Loss: 1.0033
> 3: ACC: 85.19% Loss: 0.3945 - MAX val_ACC: 66.67% val_Loss: 0.8557
> 4: ACC: 81.48% Loss: 0.6245 - MAX val_ACC: 50.00% val_Loss: 0.9682
Running for fold: 7
fold_path:: /demo/ARN-LSTM/runs/UT-1/ARN_inward+outward/fold_7/
> fold weights filepaths: ['runs/UT-1/ARN_inward/fold_7/rerun_1/relnet_weights.hdf5', 'runs/UT-1/ARN_outward/fold_7/rerun_2/relnet_weights.hdf5']
> 0: ACC: 92.45% Loss: 0.2931 - MAX val_ACC: 85.71% val_Loss: 0.6059
> 1: ACC: 94.34% Loss: 0.2410 - MAX val_ACC: 85.71% val_Loss: 0.4539
> 2: ACC: 96.23% Loss: 0.1878 - MAX val_ACC: 85.71% val_Loss: 0.5689
> 3: ACC: 88.68% Loss: 0.3264 - MAX val_ACC: 85.71% val_Loss: 0.5544
> 4: ACC: 90.57% Loss: 0.2884 - MAX val_ACC: 85.71% val_Loss: 0.5781
Running for fold: 8
fold_path:: /demo/ARN-LSTM/runs/UT-1/ARN_inward+outward/fold_8/
> fold weights filepaths: ['runs/UT-1/ARN_inward/fold_8/rerun_2/relnet_weights.hdf5', 'runs/UT-1/ARN_outward/fold_8/rerun_1/relnet_weights.hdf5']
> 0: ACC: 92.59% Loss: 0.2365 - MAX val_ACC: 83.33% val_Loss: 0.4933
> 1: ACC: 98.15% Loss: 0.0963 - MAX val_ACC: 83.33% val_Loss: 0.7315
> 2: ACC: 75.93% Loss: 0.5767 - MAX val_ACC: 83.33% val_Loss: 0.6550
> 3: ACC: 96.30% Loss: 0.1279 - MAX val_ACC: 66.67% val_Loss: 0.5501
> 4: ACC: 92.59% Loss: 0.2653 - MAX val_ACC: 83.33% val_Loss: 0.5556
Running for fold: 9
fold_path:: /demo/ARN-LSTM/runs/UT-1/ARN_inward+outward/fold_9/
> fold weights filepaths: ['runs/UT-1/ARN_inward/fold_9/rerun_3/relnet_weights.hdf5', 'runs/UT-1/ARN_outward/fold_9/rerun_1/relnet_weights.hdf5']
> 0: ACC: 75.93% Loss: 0.7211 - MAX val_ACC: 66.67% val_Loss: 0.9275
> 1: ACC: 85.19% Loss: 0.5795 - MAX val_ACC: 83.33% val_Loss: 0.9301
> 2: ACC: 72.22% Loss: 0.5331 - MAX val_ACC: 83.33% val_Loss: 0.6901
> 3: ACC: 94.44% Loss: 0.2453 - MAX val_ACC: 66.67% val_Loss: 1.1060
> 4: ACC: 83.33% Loss: 0.5809 - MAX val_ACC: 66.67% val_Loss: 0.9142
+++++ Summarized results:

Summary for Dataset, Folds, Experiment:
> UT | [0 1 2 3 4 5 6 7 8 9] | ARN_inward+outward
     accuracy   loss val_accuracy val_loss epoch
0      87.04% 0.4749      100.00%   0.5381    22
1      87.04% 0.4620       66.67%   0.9717    23
2      92.59% 0.2057      100.00%   0.2246    62
3      92.59% 0.2900       83.33%   0.4670    27
4      96.30% 0.1670       83.33%   0.4626    37
5      69.09% 0.8781       80.00%   1.0001    11
6      85.19% 0.3945       66.67%   0.8557    28
7      94.34% 0.2410       85.71%   0.4539    35
8      92.59% 0.2365       83.33%   0.4933    48
9      72.22% 0.5331       83.33%   0.6901    27
mean   86.90% 0.3883       83.24%   0.6157    32
std     9.29% 0.2136       11.19%   0.2546    14
Val ACC Mean: 83.24% Std: 0.1119

> Finished Run Protocol - Sat Jan 25 08:42:50 2025
> Starting Run Protocol -  Sat Jan 25 08:42:51 2025
Running for dataset: UT-2
Running for folds: [10 11 12 13 14 15 16 17 18 19]
Experiment name: ARN_inward+outward
Experiment folder: /demo/ARN-LSTM/runs/UT-2/ARN_inward+outward
Number of reruns per dataset fold: 5
Resuming run protocol...
***** Experiment parameters *****
Configuration file: configs/UT/set_2/ARN_inward+outward.cfg
	 Skeleton info
	 > selected_joints: None
	 > add_joint_idx: True
	 > add_body_part: True
	 > timesteps: 10
	 > skip_timesteps: None
	 > normalization: None
	 Fusion info
	 > fusion mode: middle
	 > config_filepaths: ['configs/UT/set_2/ARN_inward.cfg', 'configs/UT/set_2/ARN_outward.cfg']
	 > freeze_g_theta: False
	 > fuse_at_fc1: False
	 > Criteria for weights: val_loss
	 > Using Temporal RN: False
	 Training options
	 > drop_rate: 0.1
	 > epochs: 90
	 > learning_rate: 0.0001
	 > checkpoint_period: 1
	 > Batch Size: 64
	 Evaluation options
	 > Pool average from videos sequences: False
Running for fold: 10
fold_path:: /demo/ARN-LSTM/runs/UT-2/ARN_inward+outward/fold_10/
> fold weights filepaths: ['runs/UT-2/ARN_inward/fold_10/rerun_1/relnet_weights.hdf5', 'runs/UT-2/ARN_outward/fold_10/rerun_2/relnet_weights.hdf5']
> 0: ACC: 94.44% Loss: 0.2828 - MAX val_ACC: 50.00% val_Loss: 1.1242
> 1: ACC: 79.63% Loss: 0.7241 - MAX val_ACC: 66.67% val_Loss: 0.9564
> 2: ACC: 44.44% Loss: 1.2518 - MAX val_ACC: 66.67% val_Loss: 1.1196
> 3: ACC: 81.48% Loss: 0.4733 - MAX val_ACC: 66.67% val_Loss: 1.1613
> 4: ACC: 81.48% Loss: 0.6747 - MAX val_ACC: 66.67% val_Loss: 0.8054
Running for fold: 11
fold_path:: /demo/ARN-LSTM/runs/UT-2/ARN_inward+outward/fold_11/
> fold weights filepaths: ['runs/UT-2/ARN_inward/fold_11/rerun_4/relnet_weights.hdf5', 'runs/UT-2/ARN_outward/fold_11/rerun_3/relnet_weights.hdf5']
> 0: ACC: 77.78% Loss: 0.7105 - MAX val_ACC: 66.67% val_Loss: 1.1146
> 1: ACC: 90.74% Loss: 0.2900 - MAX val_ACC: 66.67% val_Loss: 1.0609
> 2: ACC: 90.74% Loss: 0.3226 - MAX val_ACC: 66.67% val_Loss: 1.3607
> 3: ACC: 94.44% Loss: 0.3587 - MAX val_ACC: 66.67% val_Loss: 1.1019
> 4: ACC: 61.11% Loss: 0.9859 - MAX val_ACC: 83.33% val_Loss: 1.1880
Running for fold: 12
fold_path:: /demo/ARN-LSTM/runs/UT-2/ARN_inward+outward/fold_12/
> fold weights filepaths: ['runs/UT-2/ARN_inward/fold_12/rerun_4/relnet_weights.hdf5', 'runs/UT-2/ARN_outward/fold_12/rerun_4/relnet_weights.hdf5']
> 0: ACC: 81.48% Loss: 0.6716 - MAX val_ACC: 83.33% val_Loss: 0.9586
> 1: ACC: 94.44% Loss: 0.3205 - MAX val_ACC: 83.33% val_Loss: 0.8093
> 2: ACC: 87.04% Loss: 0.5069 - MAX val_ACC: 83.33% val_Loss: 0.9296
> 3: ACC: 83.33% Loss: 0.4873 - MAX val_ACC: 83.33% val_Loss: 0.8951
> 4: ACC: 77.78% Loss: 0.6825 - MAX val_ACC: 83.33% val_Loss: 0.9978
Running for fold: 13
fold_path:: /demo/ARN-LSTM/runs/UT-2/ARN_inward+outward/fold_13/
> fold weights filepaths: ['runs/UT-2/ARN_inward/fold_13/rerun_1/relnet_weights.hdf5', 'runs/UT-2/ARN_outward/fold_13/rerun_3/relnet_weights.hdf5']
> 0: ACC: 100.00% Loss: 0.0845 - MAX val_ACC: 83.33% val_Loss: 0.3454
> 1: ACC: 98.15% Loss: 0.2722 - MAX val_ACC: 100.00% val_Loss: 0.2746
> 2: ACC: 100.00% Loss: 0.0112 - MAX val_ACC: 83.33% val_Loss: 0.4637
> 3: ACC: 88.89% Loss: 0.4194 - MAX val_ACC: 83.33% val_Loss: 0.6063
> 4: ACC: 100.00% Loss: 0.0197 - MAX val_ACC: 83.33% val_Loss: 0.3661
Running for fold: 14
fold_path:: /demo/ARN-LSTM/runs/UT-2/ARN_inward+outward/fold_14/
> fold weights filepaths: ['runs/UT-2/ARN_inward/fold_14/rerun_4/relnet_weights.hdf5', 'runs/UT-2/ARN_outward/fold_14/rerun_4/relnet_weights.hdf5']
> 0: ACC: 85.19% Loss: 0.5264 - MAX val_ACC: 66.67% val_Loss: 0.9430
> 1: ACC: 100.00% Loss: 0.1360 - MAX val_ACC: 66.67% val_Loss: 0.7854
> 2: ACC: 87.04% Loss: 0.4995 - MAX val_ACC: 66.67% val_Loss: 0.8869
> 3: ACC: 98.15% Loss: 0.2346 - MAX val_ACC: 66.67% val_Loss: 0.7771
> 4: ACC: 92.59% Loss: 0.3763 - MAX val_ACC: 66.67% val_Loss: 0.8926
Running for fold: 15
fold_path:: /demo/ARN-LSTM/runs/UT-2/ARN_inward+outward/fold_15/
> fold weights filepaths: ['runs/UT-2/ARN_inward/fold_15/rerun_0/relnet_weights.hdf5', 'runs/UT-2/ARN_outward/fold_15/rerun_1/relnet_weights.hdf5']
> 0: ACC: 81.48% Loss: 0.7361 - MAX val_ACC: 50.00% val_Loss: 1.1176
> 1: ACC: 68.52% Loss: 0.9081 - MAX val_ACC: 66.67% val_Loss: 1.2597
> 2: ACC: 75.93% Loss: 1.0786 - MAX val_ACC: 66.67% val_Loss: 1.2324
> 3: ACC: 42.59% Loss: 1.4710 - MAX val_ACC: 66.67% val_Loss: 1.1926
> 4: ACC: 37.04% Loss: 1.7260 - MAX val_ACC: 66.67% val_Loss: 1.3950
Running for fold: 16
fold_path:: /demo/ARN-LSTM/runs/UT-2/ARN_inward+outward/fold_16/
> fold weights filepaths: ['runs/UT-2/ARN_inward/fold_16/rerun_4/relnet_weights.hdf5', 'runs/UT-2/ARN_outward/fold_16/rerun_3/relnet_weights.hdf5']
> 0: ACC: 77.78% Loss: 0.6473 - MAX val_ACC: 66.67% val_Loss: 1.1238
> 1: ACC: 70.37% Loss: 0.9132 - MAX val_ACC: 66.67% val_Loss: 1.2536
> 2: ACC: 46.30% Loss: 1.5801 - MAX val_ACC: 66.67% val_Loss: 1.5221
> 3: ACC: 79.63% Loss: 0.6167 - MAX val_ACC: 50.00% val_Loss: 1.2569
> 4: ACC: 88.89% Loss: 0.5465 - MAX val_ACC: 66.67% val_Loss: 0.9747
Running for fold: 17
fold_path:: /demo/ARN-LSTM/runs/UT-2/ARN_inward+outward/fold_17/
> fold weights filepaths: ['runs/UT-2/ARN_inward/fold_17/rerun_3/relnet_weights.hdf5', 'runs/UT-2/ARN_outward/fold_17/rerun_1/relnet_weights.hdf5']
> 0: ACC: 87.04% Loss: 0.5301 - MAX val_ACC: 66.67% val_Loss: 0.9156
> 1: ACC: 77.78% Loss: 0.6601 - MAX val_ACC: 66.67% val_Loss: 0.8622
> 2: ACC: 68.52% Loss: 0.8201 - MAX val_ACC: 66.67% val_Loss: 0.9328
> 3: ACC: 83.33% Loss: 0.6486 - MAX val_ACC: 83.33% val_Loss: 0.8454
> 4: ACC: 81.48% Loss: 0.6109 - MAX val_ACC: 66.67% val_Loss: 0.8837
Running for fold: 18
fold_path:: /demo/ARN-LSTM/runs/UT-2/ARN_inward+outward/fold_18/
> fold weights filepaths: ['runs/UT-2/ARN_inward/fold_18/rerun_3/relnet_weights.hdf5', 'runs/UT-2/ARN_outward/fold_18/rerun_2/relnet_weights.hdf5']
> 0: ACC: 74.07% Loss: 0.8468 - MAX val_ACC: 66.67% val_Loss: 1.2160
> 1: ACC: 70.37% Loss: 0.8942 - MAX val_ACC: 50.00% val_Loss: 1.6096
> 2: ACC: 98.15% Loss: 0.2859 - MAX val_ACC: 50.00% val_Loss: 1.9304
> 3: ACC: 70.37% Loss: 0.9609 - MAX val_ACC: 50.00% val_Loss: 1.4165
> 4: ACC: 72.22% Loss: 0.7719 - MAX val_ACC: 66.67% val_Loss: 1.2854
Running for fold: 19
fold_path:: /demo/ARN-LSTM/runs/UT-2/ARN_inward+outward/fold_19/
> fold weights filepaths: ['runs/UT-2/ARN_inward/fold_19/rerun_0/relnet_weights.hdf5', 'runs/UT-2/ARN_outward/fold_19/rerun_2/relnet_weights.hdf5']
> 0: ACC: 100.00% Loss: 0.0796 - MAX val_ACC: 83.33% val_Loss: 0.5544
> 1: ACC: 98.15% Loss: 0.2176 - MAX val_ACC: 83.33% val_Loss: 0.5610
> 2: ACC: 100.00% Loss: 0.0127 - MAX val_ACC: 100.00% val_Loss: 0.4345
> 3: ACC: 100.00% Loss: 0.1215 - MAX val_ACC: 83.33% val_Loss: 0.6951
> 4: ACC: 100.00% Loss: 0.0143 - MAX val_ACC: 83.33% val_Loss: 0.5152
+++++ Summarized results:

Summary for Dataset, Folds, Experiment:
> UT | [10 11 12 13 14 15 16 17 18 19] | ARN_inward+outward
     accuracy   loss val_accuracy val_loss epoch
0      81.48% 0.6747       66.67%   0.8054    21
1      61.11% 0.9859       83.33%   1.1880     9
2      94.44% 0.3205       83.33%   0.8093    35
3      98.15% 0.2722      100.00%   0.2746    25
4      98.15% 0.2346       66.67%   0.7771    32
5      42.59% 1.4710       66.67%   1.1926     5
6      88.89% 0.5465       66.67%   0.9747    25
7      83.33% 0.6486       83.33%   0.8454    23
8      74.07% 0.8468       66.67%   1.2160    10
9     100.00% 0.0127      100.00%   0.4345    74
mean   82.22% 0.6013       78.33%   0.8518    26
std    18.56% 0.4273       13.72%   0.3151    20
Val ACC Mean: 78.33% Std: 0.1372

> Finished Run Protocol - Sat Jan 25 08:42:51 2025
> Starting Run Protocol -  Sat Jan 25 08:42:52 2025
Running for dataset: UT-1
Running for folds: [0 1 2 3 4 5 6 7 8 9]
Experiment name: ARN-fc1_inward+outward
Experiment folder: /demo/ARN-LSTM/runs/UT-1/ARN-fc1_inward+outward
Number of reruns per dataset fold: 5
Resuming run protocol...
***** Experiment parameters *****
Configuration file: configs/UT/set_1/ARN-fc1_inward+outward.cfg
	 Skeleton info
	 > selected_joints: None
	 > add_joint_idx: True
	 > add_body_part: True
	 > timesteps: 10
	 > skip_timesteps: None
	 > normalization: None
	 Fusion info
	 > fusion mode: middle
	 > config_filepaths: ['configs/UT/set_1/ARN_inward.cfg', 'configs/UT/set_1/ARN_outward.cfg']
	 > freeze_g_theta: False
	 > fuse_at_fc1: True
	 > Criteria for weights: val_loss
	 > Using Temporal RN: False
	 Training options
	 > drop_rate: 0.1
	 > epochs: 90
	 > learning_rate: 0.0001
	 > checkpoint_period: 1
	 > Batch Size: 64
	 Evaluation options
	 > Pool average from videos sequences: False
Running for fold: 0
fold_path:: /demo/ARN-LSTM/runs/UT-1/ARN-fc1_inward+outward/fold_0/
> fold weights filepaths: ['runs/UT-1/ARN_inward/fold_0/rerun_0/relnet_weights.hdf5', 'runs/UT-1/ARN_outward/fold_0/rerun_0/relnet_weights.hdf5']
> 0: ACC: 92.59% Loss: 0.2607 - MAX val_ACC: 83.33% val_Loss: 0.4444
> 1: ACC: 92.59% Loss: 0.2603 - MAX val_ACC: 100.00% val_Loss: 0.2894
> 2: ACC: 87.04% Loss: 0.3502 - MAX val_ACC: 100.00% val_Loss: 0.3926
> 3: ACC: 94.44% Loss: 0.1490 - MAX val_ACC: 83.33% val_Loss: 0.2942
> 4: ACC: 92.59% Loss: 0.2525 - MAX val_ACC: 83.33% val_Loss: 0.4711
Running for fold: 1
fold_path:: /demo/ARN-LSTM/runs/UT-1/ARN-fc1_inward+outward/fold_1/
> fold weights filepaths: ['runs/UT-1/ARN_inward/fold_1/rerun_2/relnet_weights.hdf5', 'runs/UT-1/ARN_outward/fold_1/rerun_0/relnet_weights.hdf5']
> 0: ACC: 96.30% Loss: 0.1278 - MAX val_ACC: 66.67% val_Loss: 2.0211
> 1: ACC: 70.37% Loss: 0.9581 - MAX val_ACC: 66.67% val_Loss: 1.2061
> 2: ACC: 75.93% Loss: 0.7769 - MAX val_ACC: 66.67% val_Loss: 1.0034
> 3: ACC: 74.07% Loss: 0.7809 - MAX val_ACC: 66.67% val_Loss: 1.1176
> 4: ACC: 66.67% Loss: 0.8957 - MAX val_ACC: 66.67% val_Loss: 0.8828
Running for fold: 2
fold_path:: /demo/ARN-LSTM/runs/UT-1/ARN-fc1_inward+outward/fold_2/
> fold weights filepaths: ['runs/UT-1/ARN_inward/fold_2/rerun_4/relnet_weights.hdf5', 'runs/UT-1/ARN_outward/fold_2/rerun_2/relnet_weights.hdf5']
> 0: ACC: 88.89% Loss: 0.3418 - MAX val_ACC: 100.00% val_Loss: 0.3085
> 1: ACC: 90.74% Loss: 0.2681 - MAX val_ACC: 100.00% val_Loss: 0.1941
> 2: ACC: 92.59% Loss: 0.2352 - MAX val_ACC: 100.00% val_Loss: 0.2721
> 3: ACC: 85.19% Loss: 0.4018 - MAX val_ACC: 100.00% val_Loss: 0.3783
> 4: ACC: 90.74% Loss: 0.2979 - MAX val_ACC: 83.33% val_Loss: 0.3802
Running for fold: 3
fold_path:: /demo/ARN-LSTM/runs/UT-1/ARN-fc1_inward+outward/fold_3/
> fold weights filepaths: ['runs/UT-1/ARN_inward/fold_3/rerun_0/relnet_weights.hdf5', 'runs/UT-1/ARN_outward/fold_3/rerun_4/relnet_weights.hdf5']
> 0: ACC: 87.04% Loss: 0.3962 - MAX val_ACC: 83.33% val_Loss: 0.7053
> 1: ACC: 92.59% Loss: 0.2739 - MAX val_ACC: 83.33% val_Loss: 0.6974
> 2: ACC: 92.59% Loss: 0.4554 - MAX val_ACC: 83.33% val_Loss: 0.6720
> 3: ACC: 90.74% Loss: 0.2779 - MAX val_ACC: 83.33% val_Loss: 0.6686
> 4: ACC: 88.89% Loss: 0.3720 - MAX val_ACC: 83.33% val_Loss: 0.7163
Running for fold: 4
fold_path:: /demo/ARN-LSTM/runs/UT-1/ARN-fc1_inward+outward/fold_4/
> fold weights filepaths: ['runs/UT-1/ARN_inward/fold_4/rerun_2/relnet_weights.hdf5', 'runs/UT-1/ARN_outward/fold_4/rerun_1/relnet_weights.hdf5']
> 0: ACC: 92.59% Loss: 0.5016 - MAX val_ACC: 66.67% val_Loss: 0.7046
> 1: ACC: 98.15% Loss: 0.0694 - MAX val_ACC: 66.67% val_Loss: 0.8442
> 2: ACC: 96.30% Loss: 0.1324 - MAX val_ACC: 66.67% val_Loss: 0.6682
> 3: ACC: 75.93% Loss: 0.9266 - MAX val_ACC: 66.67% val_Loss: 0.9564
> 4: ACC: 72.22% Loss: 0.6951 - MAX val_ACC: 66.67% val_Loss: 0.7748
Running for fold: 5
fold_path:: /demo/ARN-LSTM/runs/UT-1/ARN-fc1_inward+outward/fold_5/
> fold weights filepaths: ['runs/UT-1/ARN_inward/fold_5/rerun_4/relnet_weights.hdf5', 'runs/UT-1/ARN_outward/fold_5/rerun_1/relnet_weights.hdf5']
> 0: ACC: 74.55% Loss: 0.8171 - MAX val_ACC: 80.00% val_Loss: 1.3285
> 1: ACC: 76.36% Loss: 0.8003 - MAX val_ACC: 80.00% val_Loss: 1.0008
> 2: ACC: 85.45% Loss: 0.6489 - MAX val_ACC: 80.00% val_Loss: 0.9772
> 3: ACC: 89.09% Loss: 0.6038 - MAX val_ACC: 80.00% val_Loss: 1.0723
> 4: ACC: 85.45% Loss: 0.4176 - MAX val_ACC: 80.00% val_Loss: 0.8606
Running for fold: 6
fold_path:: /demo/ARN-LSTM/runs/UT-1/ARN-fc1_inward+outward/fold_6/
> fold weights filepaths: ['runs/UT-1/ARN_inward/fold_6/rerun_3/relnet_weights.hdf5', 'runs/UT-1/ARN_outward/fold_6/rerun_2/relnet_weights.hdf5']
> 0: ACC: 77.78% Loss: 0.7035 - MAX val_ACC: 50.00% val_Loss: 1.0496
> 1: ACC: 75.93% Loss: 0.7511 - MAX val_ACC: 66.67% val_Loss: 1.0310
> 2: ACC: 68.52% Loss: 0.9087 - MAX val_ACC: 66.67% val_Loss: 1.1305
> 3: ACC: 74.07% Loss: 0.7380 - MAX val_ACC: 50.00% val_Loss: 1.0057
> 4: ACC: 70.37% Loss: 0.6462 - MAX val_ACC: 66.67% val_Loss: 0.9737
Running for fold: 7
fold_path:: /demo/ARN-LSTM/runs/UT-1/ARN-fc1_inward+outward/fold_7/
> fold weights filepaths: ['runs/UT-1/ARN_inward/fold_7/rerun_1/relnet_weights.hdf5', 'runs/UT-1/ARN_outward/fold_7/rerun_2/relnet_weights.hdf5']
> 0: ACC: 96.23% Loss: 0.1645 - MAX val_ACC: 85.71% val_Loss: 0.6491
> 1: ACC: 94.34% Loss: 0.3329 - MAX val_ACC: 85.71% val_Loss: 0.5818
> 2: ACC: 96.23% Loss: 0.2104 - MAX val_ACC: 85.71% val_Loss: 0.5595
> 3: ACC: 86.79% Loss: 0.2657 - MAX val_ACC: 85.71% val_Loss: 0.5051
> 4: ACC: 96.23% Loss: 0.1416 - MAX val_ACC: 85.71% val_Loss: 0.7712
Running for fold: 8
fold_path:: /demo/ARN-LSTM/runs/UT-1/ARN-fc1_inward+outward/fold_8/
> fold weights filepaths: ['runs/UT-1/ARN_inward/fold_8/rerun_2/relnet_weights.hdf5', 'runs/UT-1/ARN_outward/fold_8/rerun_1/relnet_weights.hdf5']
> 0: ACC: 94.44% Loss: 0.1478 - MAX val_ACC: 83.33% val_Loss: 0.5824
> 1: ACC: 88.89% Loss: 0.4824 - MAX val_ACC: 83.33% val_Loss: 0.7578
> 2: ACC: 100.00% Loss: 0.0469 - MAX val_ACC: 83.33% val_Loss: 0.5423
> 3: ACC: 94.44% Loss: 0.1268 - MAX val_ACC: 66.67% val_Loss: 0.6305
> 4: ACC: 88.89% Loss: 0.5324 - MAX val_ACC: 83.33% val_Loss: 0.6063
Running for fold: 9
fold_path:: /demo/ARN-LSTM/runs/UT-1/ARN-fc1_inward+outward/fold_9/
> fold weights filepaths: ['runs/UT-1/ARN_inward/fold_9/rerun_3/relnet_weights.hdf5', 'runs/UT-1/ARN_outward/fold_9/rerun_1/relnet_weights.hdf5']
> 0: ACC: 79.63% Loss: 0.6256 - MAX val_ACC: 83.33% val_Loss: 0.8735
> 1: ACC: 77.78% Loss: 0.6813 - MAX val_ACC: 83.33% val_Loss: 0.8456
> 2: ACC: 77.78% Loss: 0.7476 - MAX val_ACC: 66.67% val_Loss: 1.0101
> 3: ACC: 70.37% Loss: 0.8209 - MAX val_ACC: 83.33% val_Loss: 0.9453
> 4: ACC: 72.22% Loss: 0.8171 - MAX val_ACC: 66.67% val_Loss: 0.8644
+++++ Summarized results:

Summary for Dataset, Folds, Experiment:
> UT | [0 1 2 3 4 5 6 7 8 9] | ARN-fc1_inward+outward
     accuracy   loss val_accuracy val_loss epoch
0      92.59% 0.2603      100.00%   0.2894    36
1      66.67% 0.8957       66.67%   0.8828    12
2      90.74% 0.2681      100.00%   0.1941    32
3      90.74% 0.2779       83.33%   0.6686    26
4      96.30% 0.1324       66.67%   0.6682    35
5      85.45% 0.4176       80.00%   0.8606    25
6      70.37% 0.6462       66.67%   0.9737    16
7      86.79% 0.2657       85.71%   0.5051    38
8     100.00% 0.0469       83.33%   0.5423    84
9      77.78% 0.6813       83.33%   0.8456    14
mean   85.74% 0.3892       81.57%   0.6431    32
std    10.94% 0.2689       12.36%   0.2608    21
Val ACC Mean: 81.57% Std: 0.1236

> Finished Run Protocol - Sat Jan 25 08:42:52 2025
> Starting Run Protocol -  Sat Jan 25 08:42:53 2025
Running for dataset: UT-2
Running for folds: [10 11 12 13 14 15 16 17 18 19]
Experiment name: ARN-fc1_inward+outward
Experiment folder: /demo/ARN-LSTM/runs/UT-2/ARN-fc1_inward+outward
Number of reruns per dataset fold: 5
Resuming run protocol...
***** Experiment parameters *****
Configuration file: configs/UT/set_2/ARN-fc1_inward+outward.cfg
	 Skeleton info
	 > selected_joints: None
	 > add_joint_idx: True
	 > add_body_part: True
	 > timesteps: 10
	 > skip_timesteps: None
	 > normalization: None
	 Fusion info
	 > fusion mode: middle
	 > config_filepaths: ['configs/UT/set_2/ARN_inward.cfg', 'configs/UT/set_2/ARN_outward.cfg']
	 > freeze_g_theta: False
	 > fuse_at_fc1: True
	 > Criteria for weights: val_loss
	 > Using Temporal RN: False
	 Training options
	 > drop_rate: 0.1
	 > epochs: 90
	 > learning_rate: 0.0001
	 > checkpoint_period: 1
	 > Batch Size: 64
	 Evaluation options
	 > Pool average from videos sequences: False
Running for fold: 10
fold_path:: /demo/ARN-LSTM/runs/UT-2/ARN-fc1_inward+outward/fold_10/
> fold weights filepaths: ['runs/UT-2/ARN_inward/fold_10/rerun_1/relnet_weights.hdf5', 'runs/UT-2/ARN_outward/fold_10/rerun_2/relnet_weights.hdf5']
> 0: ACC: 88.89% Loss: 0.4091 - MAX val_ACC: 66.67% val_Loss: 0.9194
> 1: ACC: 81.48% Loss: 0.5906 - MAX val_ACC: 66.67% val_Loss: 1.0316
> 2: ACC: 90.74% Loss: 0.2701 - MAX val_ACC: 66.67% val_Loss: 0.8024
> 3: ACC: 100.00% Loss: 0.1792 - MAX val_ACC: 66.67% val_Loss: 0.8200
> 4: ACC: 96.30% Loss: 0.2856 - MAX val_ACC: 50.00% val_Loss: 1.1385
Running for fold: 11
fold_path:: /demo/ARN-LSTM/runs/UT-2/ARN-fc1_inward+outward/fold_11/
> fold weights filepaths: ['runs/UT-2/ARN_inward/fold_11/rerun_4/relnet_weights.hdf5', 'runs/UT-2/ARN_outward/fold_11/rerun_3/relnet_weights.hdf5']
> 0: ACC: 79.63% Loss: 0.6427 - MAX val_ACC: 66.67% val_Loss: 1.0166
> 1: ACC: 92.59% Loss: 0.2588 - MAX val_ACC: 66.67% val_Loss: 0.9749
> 2: ACC: 98.15% Loss: 0.2611 - MAX val_ACC: 66.67% val_Loss: 0.9838
> 3: ACC: 79.63% Loss: 0.5538 - MAX val_ACC: 66.67% val_Loss: 1.1294
> 4: ACC: 85.19% Loss: 0.4512 - MAX val_ACC: 66.67% val_Loss: 1.1305
Running for fold: 12
fold_path:: /demo/ARN-LSTM/runs/UT-2/ARN-fc1_inward+outward/fold_12/
> fold weights filepaths: ['runs/UT-2/ARN_inward/fold_12/rerun_4/relnet_weights.hdf5', 'runs/UT-2/ARN_outward/fold_12/rerun_4/relnet_weights.hdf5']
> 0: ACC: 96.30% Loss: 0.2726 - MAX val_ACC: 83.33% val_Loss: 1.1813
> 1: ACC: 100.00% Loss: 0.2629 - MAX val_ACC: 83.33% val_Loss: 0.9805
> 2: ACC: 74.07% Loss: 0.7162 - MAX val_ACC: 83.33% val_Loss: 1.0337
> 3: ACC: 98.15% Loss: 0.2383 - MAX val_ACC: 83.33% val_Loss: 1.0118
> 4: ACC: 98.15% Loss: 0.1176 - MAX val_ACC: 83.33% val_Loss: 0.6672
Running for fold: 13
fold_path:: /demo/ARN-LSTM/runs/UT-2/ARN-fc1_inward+outward/fold_13/
> fold weights filepaths: ['runs/UT-2/ARN_inward/fold_13/rerun_1/relnet_weights.hdf5', 'runs/UT-2/ARN_outward/fold_13/rerun_3/relnet_weights.hdf5']
> 0: ACC: 100.00% Loss: 0.2720 - MAX val_ACC: 83.33% val_Loss: 0.4936
> 1: ACC: 100.00% Loss: 0.0426 - MAX val_ACC: 100.00% val_Loss: 0.2980
> 2: ACC: 100.00% Loss: 0.0119 - MAX val_ACC: 100.00% val_Loss: 0.2408
> 3: ACC: 100.00% Loss: 0.0146 - MAX val_ACC: 100.00% val_Loss: 0.2336
> 4: ACC: 100.00% Loss: 0.0587 - MAX val_ACC: 83.33% val_Loss: 0.3660
Running for fold: 14
fold_path:: /demo/ARN-LSTM/runs/UT-2/ARN-fc1_inward+outward/fold_14/
> fold weights filepaths: ['runs/UT-2/ARN_inward/fold_14/rerun_4/relnet_weights.hdf5', 'runs/UT-2/ARN_outward/fold_14/rerun_4/relnet_weights.hdf5']
> 0: ACC: 100.00% Loss: 0.1119 - MAX val_ACC: 66.67% val_Loss: 0.6776
> 1: ACC: 98.15% Loss: 0.2163 - MAX val_ACC: 83.33% val_Loss: 0.8540
> 2: ACC: 88.89% Loss: 0.3845 - MAX val_ACC: 66.67% val_Loss: 0.8304
> 3: ACC: 77.78% Loss: 0.6886 - MAX val_ACC: 83.33% val_Loss: 0.8092
> 4: ACC: 98.15% Loss: 0.3332 - MAX val_ACC: 66.67% val_Loss: 0.9748
Running for fold: 15
fold_path:: /demo/ARN-LSTM/runs/UT-2/ARN-fc1_inward+outward/fold_15/
> fold weights filepaths: ['runs/UT-2/ARN_inward/fold_15/rerun_0/relnet_weights.hdf5', 'runs/UT-2/ARN_outward/fold_15/rerun_1/relnet_weights.hdf5']
> 0: ACC: 59.26% Loss: 1.3104 - MAX val_ACC: 66.67% val_Loss: 1.3731
> 1: ACC: 57.41% Loss: 1.0919 - MAX val_ACC: 66.67% val_Loss: 1.1798
> 2: ACC: 66.67% Loss: 0.9231 - MAX val_ACC: 66.67% val_Loss: 1.0414
> 3: ACC: 90.74% Loss: 0.3671 - MAX val_ACC: 66.67% val_Loss: 1.4565
> 4: ACC: 50.00% Loss: 1.1903 - MAX val_ACC: 66.67% val_Loss: 1.1844
Running for fold: 16
fold_path:: /demo/ARN-LSTM/runs/UT-2/ARN-fc1_inward+outward/fold_16/
> fold weights filepaths: ['runs/UT-2/ARN_inward/fold_16/rerun_4/relnet_weights.hdf5', 'runs/UT-2/ARN_outward/fold_16/rerun_3/relnet_weights.hdf5']
> 0: ACC: 94.44% Loss: 0.3974 - MAX val_ACC: 66.67% val_Loss: 1.4621
> 1: ACC: 87.04% Loss: 0.4742 - MAX val_ACC: 66.67% val_Loss: 1.0933
> 2: ACC: 77.78% Loss: 0.7172 - MAX val_ACC: 50.00% val_Loss: 1.3162
> 3: ACC: 64.81% Loss: 1.0464 - MAX val_ACC: 66.67% val_Loss: 1.2193
> 4: ACC: 70.37% Loss: 0.8085 - MAX val_ACC: 66.67% val_Loss: 1.4610
Running for fold: 17
fold_path:: /demo/ARN-LSTM/runs/UT-2/ARN-fc1_inward+outward/fold_17/
> fold weights filepaths: ['runs/UT-2/ARN_inward/fold_17/rerun_3/relnet_weights.hdf5', 'runs/UT-2/ARN_outward/fold_17/rerun_1/relnet_weights.hdf5']
> 0: ACC: 92.59% Loss: 0.4227 - MAX val_ACC: 66.67% val_Loss: 0.8113
> 1: ACC: 87.04% Loss: 0.3796 - MAX val_ACC: 66.67% val_Loss: 0.9544
> 2: ACC: 85.19% Loss: 0.5631 - MAX val_ACC: 66.67% val_Loss: 0.8284
> 3: ACC: 79.63% Loss: 0.6385 - MAX val_ACC: 66.67% val_Loss: 0.8493
> 4: ACC: 88.89% Loss: 0.4990 - MAX val_ACC: 66.67% val_Loss: 0.8076
Running for fold: 18
fold_path:: /demo/ARN-LSTM/runs/UT-2/ARN-fc1_inward+outward/fold_18/
> fold weights filepaths: ['runs/UT-2/ARN_inward/fold_18/rerun_3/relnet_weights.hdf5', 'runs/UT-2/ARN_outward/fold_18/rerun_2/relnet_weights.hdf5']
> 0: ACC: 94.44% Loss: 0.2476 - MAX val_ACC: 83.33% val_Loss: 1.8229
> 1: ACC: 74.07% Loss: 0.7498 - MAX val_ACC: 66.67% val_Loss: 1.3554
> 2: ACC: 88.89% Loss: 0.5196 - MAX val_ACC: 66.67% val_Loss: 1.3165
> 3: ACC: 87.04% Loss: 0.5685 - MAX val_ACC: 50.00% val_Loss: 1.3933
> 4: ACC: 59.26% Loss: 1.2318 - MAX val_ACC: 50.00% val_Loss: 1.5249
Running for fold: 19
fold_path:: /demo/ARN-LSTM/runs/UT-2/ARN-fc1_inward+outward/fold_19/
> fold weights filepaths: ['runs/UT-2/ARN_inward/fold_19/rerun_0/relnet_weights.hdf5', 'runs/UT-2/ARN_outward/fold_19/rerun_2/relnet_weights.hdf5']
> 0: ACC: 100.00% Loss: 0.0075 - MAX val_ACC: 83.33% val_Loss: 0.5625
> 1: ACC: 100.00% Loss: 0.0583 - MAX val_ACC: 83.33% val_Loss: 0.5311
> 2: ACC: 100.00% Loss: 0.1098 - MAX val_ACC: 100.00% val_Loss: 0.4861
> 3: ACC: 100.00% Loss: 0.0375 - MAX val_ACC: 83.33% val_Loss: 0.4500
> 4: ACC: 100.00% Loss: 0.0215 - MAX val_ACC: 83.33% val_Loss: 0.4312
+++++ Summarized results:

Summary for Dataset, Folds, Experiment:
> UT | [10 11 12 13 14 15 16 17 18 19] | ARN-fc1_inward+outward
     accuracy   loss val_accuracy val_loss epoch
0      90.74% 0.2701       66.67%   0.8024    31
1      92.59% 0.2588       66.67%   0.9749    36
2      98.15% 0.1176       83.33%   0.6672    45
3     100.00% 0.0146      100.00%   0.2336    63
4      77.78% 0.6886       83.33%   0.8092    16
5      66.67% 0.9231       66.67%   1.0414    15
6      87.04% 0.4742       66.67%   1.0933    25
7      88.89% 0.4990       66.67%   0.8076    27
8      94.44% 0.2476       83.33%   1.8229    32
9     100.00% 0.1098      100.00%   0.4861    27
mean   89.63% 0.3603       78.33%   0.8739    32
std    10.52% 0.2846       13.72%   0.4221    14
Val ACC Mean: 78.33% Std: 0.1372

> Finished Run Protocol - Sat Jan 25 08:42:53 2025
> Starting Run Protocol -  Sat Jan 25 08:42:54 2025
Running for dataset: NTU
Running for folds: ['cross_subject', 'cross_view']
Experiment name: ARN_inward_no_motion
Experiment folder: /demo/ARN-LSTM/runs/NTU/ARN_inward_no_motion
Number of reruns per dataset fold: 5
Resuming run protocol...
***** Experiment parameters *****
Configuration file: configs/NTU-V1/ARN_inward_no_motion.cfg
	 Skeleton info
	 > selected_joints: None
	 > add_joint_idx: True
	 > add_body_part: True
	 > timesteps: 10
	 > skip_timesteps: None
	 > normalization: NTU
	 > seq_step: 16
	 Model info
	 > rel_type: inter
	 > fuse_type: None
	 > compute_distance: False
	 > compute_motion: False
	 > Using Temporal RN: False
	 Training options
	 > drop_rate: 0.1
	 > kernel_init_type: TruncatedNormal
	 > learning_rate: 0.0001
	 > checkpoint_period: 1
	 > kernel_init_param: 0.045
	 > epochs: 150
	 > Batch Size: 64
	 Evaluation options
	 > Pool average from videos sequences: False
Running for fold: cross_subject
fold_path:: /demo/ARN-LSTM/runs/NTU/ARN_inward_no_motion/fold_cross_subject/
> 0: ACC: 77.74% Loss: 0.5880 - MAX val_ACC: 73.48% val_Loss: 0.8014
> 1: ACC: 80.46% Loss: 0.5307 - MAX val_ACC: 75.03% val_Loss: 0.7744
> 2: ACC: 78.67% Loss: 0.5683 - MAX val_ACC: 74.37% val_Loss: 0.7747
> 3: ACC: 77.82% Loss: 0.5927 - MAX val_ACC: 74.34% val_Loss: 0.7812
> 4: ACC: 79.78% Loss: 0.5412 - MAX val_ACC: 73.65% val_Loss: 0.8070
Running for fold: cross_view
fold_path:: /demo/ARN-LSTM/runs/NTU/ARN_inward_no_motion/fold_cross_view/
> 0: ACC: 77.67% Loss: 0.6049 - MAX val_ACC: 76.29% val_Loss: 0.7488
> 1: ACC: 77.49% Loss: 0.6037 - MAX val_ACC: 76.49% val_Loss: 0.7293
> 2: ACC: 78.82% Loss: 0.5714 - MAX val_ACC: 76.87% val_Loss: 0.7399
> 3: ACC: 78.91% Loss: 0.5711 - MAX val_ACC: 76.63% val_Loss: 0.7058
> 4: ACC: 77.95% Loss: 0.5896 - MAX val_ACC: 76.32% val_Loss: 0.7379
+++++ Summarized results:

Summary for Dataset, Folds, Experiment:
> NTU | ['cross_subject', 'cross_view'] | ARN_inward_no_motion
     accuracy   loss val_accuracy val_loss epoch
0      80.46% 0.5307       75.03%   0.7744   141
1      78.82% 0.5714       76.87%   0.7399   150
mean   79.64% 0.5511       75.95%   0.7571   146
std     1.16% 0.0288        1.30%   0.0244     6
Val ACC Mean: 75.95% Std: 0.0130

> Finished Run Protocol - Sat Jan 25 08:42:54 2025
> Starting Run Protocol -  Sat Jan 25 08:42:55 2025
Running for dataset: NTU-V2
Running for folds: ['cross_subject', 'cross_setup']
Experiment name: ARN_inward_no_motion
Experiment folder: /demo/ARN-LSTM/runs/NTU-V2/ARN_inward_no_motion
Number of reruns per dataset fold: 5
Resuming run protocol...
***** Experiment parameters *****
Configuration file: configs/NTU-V2/ARN_inward_no_motion.cfg
	 Skeleton info
	 > selected_joints: None
	 > add_joint_idx: True
	 > add_body_part: True
	 > timesteps: 10
	 > skip_timesteps: None
	 > normalization: NTU
	 > seq_step: 16
	 Model info
	 > rel_type: inter
	 > fuse_type: None
	 > compute_distance: False
	 > compute_motion: False
	 > Using Temporal RN: False
	 Training options
	 > drop_rate: 0.1
	 > kernel_init_type: TruncatedNormal
	 > learning_rate: 0.0001
	 > checkpoint_period: 1
	 > kernel_init_param: 0.045
	 > epochs: 150
	 > Batch Size: 64
	 Evaluation options
	 > Pool average from videos sequences: False
Running for fold: cross_subject
fold_path:: /demo/ARN-LSTM/runs/NTU-V2/ARN_inward_no_motion/fold_cross_subject/
> 0: ACC: 71.84% Loss: 0.8299 - MAX val_ACC: 59.93% val_Loss: 1.4216
> 1: ACC: 71.51% Loss: 0.8412 - MAX val_ACC: 59.29% val_Loss: 1.4207
> 2: ACC: 69.68% Loss: 0.8786 - MAX val_ACC: 58.59% val_Loss: 1.4358
> 3: ACC: 68.39% Loss: 0.9362 - MAX val_ACC: 57.23% val_Loss: 1.4292
> 4: ACC: 70.66% Loss: 0.8614 - MAX val_ACC: 58.28% val_Loss: 1.4636
Running for fold: cross_setup
fold_path:: /demo/ARN-LSTM/runs/NTU-V2/ARN_inward_no_motion/fold_cross_setup/
> 0: ACC: 68.86% Loss: 0.9110 - MAX val_ACC: 58.66% val_Loss: 1.4688
> 1: ACC: 69.94% Loss: 0.8908 - MAX val_ACC: 59.54% val_Loss: 1.4435
> 2: ACC: 70.57% Loss: 0.8672 - MAX val_ACC: 59.75% val_Loss: 1.4497
> 3: ACC: 70.83% Loss: 0.8756 - MAX val_ACC: 59.98% val_Loss: 1.4427
> 4: ACC: 67.46% Loss: 0.9656 - MAX val_ACC: 59.22% val_Loss: 1.4237
+++++ Summarized results:

Summary for Dataset, Folds, Experiment:
> NTU-V2 | ['cross_subject', 'cross_setup'] | ARN_inward_no_motion
     accuracy   loss val_accuracy val_loss epoch
0      71.84% 0.8299       59.93%   1.4216   149
1      70.83% 0.8756       59.98%   1.4427   148
mean   71.33% 0.8527       59.95%   1.4321   148
std     0.72% 0.0323        0.03%   0.0149     1
Val ACC Mean: 59.95% Std: 0.0003

> Finished Run Protocol - Sat Jan 25 08:42:55 2025
> Starting Run Protocol -  Sat Jan 25 08:42:56 2025
Running for dataset: NTU
Running for folds: ['cross_subject', 'cross_view']
Experiment name: ARN_outward_no_motion
Experiment folder: /demo/ARN-LSTM/runs/NTU/ARN_outward_no_motion
Number of reruns per dataset fold: 5
Resuming run protocol...
***** Experiment parameters *****
Configuration file: configs/NTU-V1/ARN_outward_no_motion.cfg
	 Skeleton info
	 > selected_joints: None
	 > add_joint_idx: True
	 > add_body_part: True
	 > timesteps: 10
	 > skip_timesteps: None
	 > normalization: NTU
	 > seq_step: 16
	 Model info
	 > rel_type: indivs
	 > fuse_type: None
	 > compute_distance: False
	 > compute_motion: False
	 > Using Temporal RN: False
	 Training options
	 > drop_rate: 0.1
	 > kernel_init_type: TruncatedNormal
	 > learning_rate: 0.0001
	 > checkpoint_period: 1
	 > kernel_init_param: 0.045
	 > epochs: 150
	 > Batch Size: 64
	 Evaluation options
	 > Pool average from videos sequences: False
Running for fold: cross_subject
fold_path:: /demo/ARN-LSTM/runs/NTU/ARN_outward_no_motion/fold_cross_subject/
> 0: ACC: 83.07% Loss: 0.4488 - MAX val_ACC: 76.65% val_Loss: 0.8031
> 1: ACC: 82.16% Loss: 0.4766 - MAX val_ACC: 77.21% val_Loss: 0.7593
> 2: ACC: 81.61% Loss: 0.4949 - MAX val_ACC: 76.16% val_Loss: 0.7505
> 3: ACC: 80.60% Loss: 0.5119 - MAX val_ACC: 76.16% val_Loss: 0.7608
> 4: ACC: 82.85% Loss: 0.4631 - MAX val_ACC: 76.85% val_Loss: 0.8022
Running for fold: cross_view
fold_path:: /demo/ARN-LSTM/runs/NTU/ARN_outward_no_motion/fold_cross_view/
> 0: ACC: 79.24% Loss: 0.5418 - MAX val_ACC: 77.88% val_Loss: 0.7251
> 1: ACC: 81.48% Loss: 0.4920 - MAX val_ACC: 78.60% val_Loss: 0.7326
> 2: ACC: 79.78% Loss: 0.5348 - MAX val_ACC: 77.21% val_Loss: 0.7868
> 3: ACC: 78.72% Loss: 0.5702 - MAX val_ACC: 76.40% val_Loss: 0.7831
> 4: ACC: 79.20% Loss: 0.5435 - MAX val_ACC: 77.18% val_Loss: 0.7658
+++++ Summarized results:

Summary for Dataset, Folds, Experiment:
> NTU | ['cross_subject', 'cross_view'] | ARN_outward_no_motion
     accuracy   loss val_accuracy val_loss epoch
0      82.16% 0.4766       77.21%   0.7593   142
1      81.48% 0.4920       78.60%   0.7326   147
mean   81.82% 0.4843       77.91%   0.7459   144
std     0.48% 0.0108        0.98%   0.0188     4
Val ACC Mean: 77.91% Std: 0.0098

> Finished Run Protocol - Sat Jan 25 08:42:56 2025
> Starting Run Protocol -  Sat Jan 25 08:42:57 2025
Running for dataset: NTU-V2
Running for folds: ['cross_subject', 'cross_setup']
Experiment name: ARN_outward_no_motion
Experiment folder: /demo/ARN-LSTM/runs/NTU-V2/ARN_outward_no_motion
Number of reruns per dataset fold: 5
Resuming run protocol...
***** Experiment parameters *****
Configuration file: configs/NTU-V2/ARN_outward_no_motion.cfg
	 Skeleton info
	 > selected_joints: None
	 > add_joint_idx: True
	 > add_body_part: True
	 > timesteps: 10
	 > skip_timesteps: None
	 > normalization: NTU
	 > seq_step: 16
	 Model info
	 > rel_type: indivs
	 > fuse_type: None
	 > compute_distance: False
	 > compute_motion: False
	 > Using Temporal RN: False
	 Training options
	 > drop_rate: 0.1
	 > kernel_init_type: TruncatedNormal
	 > learning_rate: 0.0001
	 > checkpoint_period: 1
	 > kernel_init_param: 0.045
	 > epochs: 150
	 > Batch Size: 64
	 Evaluation options
	 > Pool average from videos sequences: False
Running for fold: cross_subject
fold_path:: /demo/ARN-LSTM/runs/NTU-V2/ARN_outward_no_motion/fold_cross_subject/
> 0: ACC: 74.60% Loss: 0.7480 - MAX val_ACC: 61.12% val_Loss: 1.4011
> 1: ACC: 72.80% Loss: 0.7898 - MAX val_ACC: 60.23% val_Loss: 1.4336
> 2: ACC: 75.37% Loss: 0.7232 - MAX val_ACC: 61.57% val_Loss: 1.3994
> 3: ACC: 73.48% Loss: 0.7575 - MAX val_ACC: 61.90% val_Loss: 1.3504
> 4: ACC: 75.72% Loss: 0.6936 - MAX val_ACC: 61.27% val_Loss: 1.4441
Running for fold: cross_setup
fold_path:: /demo/ARN-LSTM/runs/NTU-V2/ARN_outward_no_motion/fold_cross_setup/
> 0: ACC: 73.98% Loss: 0.7602 - MAX val_ACC: 61.61% val_Loss: 1.4248
> 1: ACC: 73.85% Loss: 0.7799 - MAX val_ACC: 61.10% val_Loss: 1.4338
> 2: ACC: 72.21% Loss: 0.8255 - MAX val_ACC: 60.04% val_Loss: 1.4185
> 3: ACC: 73.55% Loss: 0.7828 - MAX val_ACC: 61.30% val_Loss: 1.4028
> 4: ACC: 73.82% Loss: 0.7670 - MAX val_ACC: 61.11% val_Loss: 1.4104
+++++ Summarized results:

Summary for Dataset, Folds, Experiment:
> NTU-V2 | ['cross_subject', 'cross_setup'] | ARN_outward_no_motion
     accuracy   loss val_accuracy val_loss epoch
0      73.48% 0.7575       61.90%   1.3504   139
1      73.98% 0.7602       61.61%   1.4248   146
mean   73.73% 0.7588       61.75%   1.3876   142
std     0.36% 0.0019        0.20%   0.0526     5
Val ACC Mean: 61.75% Std: 0.0020

> Finished Run Protocol - Sat Jan 25 08:42:57 2025
> Starting Run Protocol -  Sat Jan 25 08:42:58 2025
Running for dataset: NTU
Running for folds: ['cross_subject', 'cross_view']
Experiment name: ARN_inward+outward_no_motion
Experiment folder: /demo/ARN-LSTM/runs/NTU/ARN_inward+outward_no_motion
Number of reruns per dataset fold: 5
Resuming run protocol...
***** Experiment parameters *****
Configuration file: configs/NTU-V1/ARN_inward+outward_no_motion.cfg
	 Skeleton info
	 > selected_joints: None
	 > add_joint_idx: True
	 > add_body_part: True
	 > timesteps: 10
	 > skip_timesteps: None
	 > normalization: NTU
	 > seq_step: 16
	 Fusion info
	 > fusion mode: middle
	 > config_filepaths: ['configs/NTU-V1/ARN_inward_no_motion.cfg', 'configs/NTU-V1/ARN_outward_no_motion.cfg']
	 > freeze_g_theta: False
	 > fuse_at_fc1: False
	 > Criteria for weights: val_loss
	 > Using Temporal RN: False
	 Training options
	 > drop_rate: 0.1
	 > epochs: 150
	 > learning_rate: 0.0001
	 > checkpoint_period: 1
	 > Batch Size: 64
	 Evaluation options
	 > Pool average from videos sequences: False
Running for fold: cross_subject
fold_path:: /demo/ARN-LSTM/runs/NTU/ARN_inward+outward_no_motion/fold_cross_subject/
> fold weights filepaths: ['runs/NTU/ARN_inward_no_motion/fold_cross_subject/rerun_1/relnet_weights.hdf5', 'runs/NTU/ARN_outward_no_motion/fold_cross_subject/rerun_1/relnet_weights.hdf5']
> 0: ACC: 87.25% Loss: 0.3484 - MAX val_ACC: 78.80% val_Loss: 0.7857
> 1: ACC: 84.78% Loss: 0.4102 - MAX val_ACC: 79.16% val_Loss: 0.7075
> 2: ACC: 86.13% Loss: 0.3734 - MAX val_ACC: 78.96% val_Loss: 0.7775
> 3: ACC: 86.57% Loss: 0.3503 - MAX val_ACC: 79.00% val_Loss: 0.7923
> 4: ACC: 91.79% Loss: 0.2213 - MAX val_ACC: 79.43% val_Loss: 0.9509
Running for fold: cross_view
fold_path:: /demo/ARN-LSTM/runs/NTU/ARN_inward+outward_no_motion/fold_cross_view/
> fold weights filepaths: ['runs/NTU/ARN_inward_no_motion/fold_cross_view/rerun_2/relnet_weights.hdf5', 'runs/NTU/ARN_outward_no_motion/fold_cross_view/rerun_0/relnet_weights.hdf5']
> 0: ACC: 89.52% Loss: 0.2825 - MAX val_ACC: 82.30% val_Loss: 0.7358
> 1: ACC: 91.94% Loss: 0.2245 - MAX val_ACC: 81.84% val_Loss: 0.8502
> 2: ACC: 90.68% Loss: 0.2598 - MAX val_ACC: 81.58% val_Loss: 0.8182
> 3: ACC: 91.46% Loss: 0.2325 - MAX val_ACC: 81.75% val_Loss: 0.8448
> 4: ACC: 92.70% Loss: 0.2029 - MAX val_ACC: 81.87% val_Loss: 0.8899
+++++ Summarized results:

Summary for Dataset, Folds, Experiment:
> NTU | ['cross_subject', 'cross_view'] | ARN_inward+outward_no_motion
     accuracy   loss val_accuracy val_loss epoch
0      91.79% 0.2213       79.43%   0.9509   124
1      89.52% 0.2825       82.30%   0.7358   101
mean   90.65% 0.2519       80.86%   0.8434   112
std     1.60% 0.0432        2.03%   0.1521    16
Val ACC Mean: 80.86% Std: 0.0203

> Finished Run Protocol - Sat Jan 25 08:42:58 2025
> Starting Run Protocol -  Sat Jan 25 08:42:59 2025
Running for dataset: NTU-V2
Running for folds: ['cross_subject', 'cross_setup']
Experiment name: ARN_inward+outward_no_motion
Experiment folder: /demo/ARN-LSTM/runs/NTU-V2/ARN_inward+outward_no_motion
Number of reruns per dataset fold: 5
Resuming run protocol...
***** Experiment parameters *****
Configuration file: configs/NTU-V2/ARN_inward+outward_no_motion.cfg
	 Skeleton info
	 > selected_joints: None
	 > add_joint_idx: True
	 > add_body_part: True
	 > timesteps: 10
	 > skip_timesteps: None
	 > normalization: NTU
	 > seq_step: 16
	 Fusion info
	 > fusion mode: middle
	 > config_filepaths: ['configs/NTU-V2/ARN_inward_no_motion.cfg', 'configs/NTU-V2/ARN_outward_no_motion.cfg']
	 > freeze_g_theta: False
	 > fuse_at_fc1: False
	 > Criteria for weights: val_loss
	 > Using Temporal RN: False
	 Training options
	 > drop_rate: 0.1
	 > epochs: 150
	 > learning_rate: 0.0001
	 > checkpoint_period: 1
	 > Batch Size: 64
	 Evaluation options
	 > Pool average from videos sequences: False
Running for fold: cross_subject
fold_path:: /demo/ARN-LSTM/runs/NTU-V2/ARN_inward+outward_no_motion/fold_cross_subject/
> fold weights filepaths: ['runs/NTU-V2/ARN_inward_no_motion/fold_cross_subject/rerun_1/relnet_weights.hdf5', 'runs/NTU-V2/ARN_outward_no_motion/fold_cross_subject/rerun_3/relnet_weights.hdf5']
> 0: ACC: 89.26% Loss: 0.3167 - MAX val_ACC: 66.09% val_Loss: 1.6363
> 1: ACC: 84.87% Loss: 0.4322 - MAX val_ACC: 66.51% val_Loss: 1.4286
> 2: ACC: 85.64% Loss: 0.4041 - MAX val_ACC: 66.61% val_Loss: 1.4221
> 3: ACC: 89.34% Loss: 0.3090 - MAX val_ACC: 66.40% val_Loss: 1.6717
> 4: ACC: 90.15% Loss: 0.2792 - MAX val_ACC: 66.54% val_Loss: 1.7400
Running for fold: cross_setup
fold_path:: /demo/ARN-LSTM/runs/NTU-V2/ARN_inward+outward_no_motion/fold_cross_setup/
> fold weights filepaths: ['runs/NTU-V2/ARN_inward_no_motion/fold_cross_setup/rerun_2/relnet_weights.hdf5', 'runs/NTU-V2/ARN_outward_no_motion/fold_cross_setup/rerun_3/relnet_weights.hdf5']
> 0: ACC: 88.42% Loss: 0.3279 - MAX val_ACC: 66.58% val_Loss: 1.7215
> 1: ACC: 87.85% Loss: 0.3406 - MAX val_ACC: 66.67% val_Loss: 1.6739
> 2: ACC: 92.12% Loss: 0.2286 - MAX val_ACC: 66.44% val_Loss: 2.0589
> 3: ACC: 89.91% Loss: 0.2907 - MAX val_ACC: 66.85% val_Loss: 1.7545
> 4: ACC: 89.25% Loss: 0.3009 - MAX val_ACC: 66.36% val_Loss: 1.8093
+++++ Summarized results:

Summary for Dataset, Folds, Experiment:
> NTU-V2 | ['cross_subject', 'cross_setup'] | ARN_inward+outward_no_motion
     accuracy   loss val_accuracy val_loss epoch
0      85.64% 0.4041       66.61%   1.4221    79
1      89.91% 0.2907       66.85%   1.7545   120
mean   87.78% 0.3474       66.73%   1.5883   100
std     3.02% 0.0802        0.17%   0.2350    29
Val ACC Mean: 66.73% Std: 0.0017

> Finished Run Protocol - Sat Jan 25 08:42:59 2025
> Starting Run Protocol -  Sat Jan 25 08:43:00 2025
Running for dataset: NTU
Running for folds: ['cross_subject', 'cross_view']
Experiment name: ARN_inward
Experiment folder: /demo/ARN-LSTM/runs/NTU/ARN_inward
Number of reruns per dataset fold: 5
Resuming run protocol...
***** Experiment parameters *****
Configuration file: configs/NTU-V1/ARN_inward.cfg
	 Skeleton info
	 > selected_joints: None
	 > add_joint_idx: True
	 > add_body_part: True
	 > timesteps: 10
	 > skip_timesteps: None
	 > normalization: NTU
	 > seq_step: 16
	 Model info
	 > rel_type: inter
	 > fuse_type: None
	 > compute_distance: True
	 > compute_motion: True
	 > Using Temporal RN: False
	 Training options
	 > drop_rate: 0.1
	 > kernel_init_type: TruncatedNormal
	 > learning_rate: 0.0001
	 > checkpoint_period: 1
	 > kernel_init_param: 0.045
	 > epochs: 150
	 > Batch Size: 64
	 Evaluation options
	 > Pool average from videos sequences: False
Running for fold: cross_subject
fold_path:: /demo/ARN-LSTM/runs/NTU/ARN_inward/fold_cross_subject/
> 0: ACC: 82.10% Loss: 0.4809 - MAX val_ACC: 76.92% val_Loss: 0.7265
> 1: ACC: 83.18% Loss: 0.4509 - MAX val_ACC: 76.72% val_Loss: 0.7451
> 2: ACC: 82.10% Loss: 0.4769 - MAX val_ACC: 76.68% val_Loss: 0.7122
> 3: ACC: 80.07% Loss: 0.5286 - MAX val_ACC: 76.25% val_Loss: 0.7579
> 4: ACC: 79.98% Loss: 0.5344 - MAX val_ACC: 76.72% val_Loss: 0.7238
Running for fold: cross_view
fold_path:: /demo/ARN-LSTM/runs/NTU/ARN_inward/fold_cross_view/
> 0: ACC: 79.71% Loss: 0.5412 - MAX val_ACC: 79.64% val_Loss: 0.6281
> 1: ACC: 79.92% Loss: 0.5236 - MAX val_ACC: 78.72% val_Loss: 0.6473
> 2: ACC: 80.85% Loss: 0.5071 - MAX val_ACC: 78.74% val_Loss: 0.6641
> 3: ACC: 79.72% Loss: 0.5430 - MAX val_ACC: 79.27% val_Loss: 0.6553
> 4: ACC: 80.33% Loss: 0.5204 - MAX val_ACC: 79.73% val_Loss: 0.6395
+++++ Summarized results:

Summary for Dataset, Folds, Experiment:
> NTU | ['cross_subject', 'cross_view'] | ARN_inward
     accuracy   loss val_accuracy val_loss epoch
0      82.10% 0.4809       76.92%   0.7265   141
1      80.33% 0.5204       79.73%   0.6395   150
mean   81.22% 0.5007       78.32%   0.6830   146
std     1.25% 0.0280        1.99%   0.0616     6
Val ACC Mean: 78.32% Std: 0.0199

> Finished Run Protocol - Sat Jan 25 08:43:00 2025
> Starting Run Protocol -  Sat Jan 25 08:43:01 2025
Running for dataset: NTU-V2
Running for folds: ['cross_subject', 'cross_setup']
Experiment name: ARN_inward
Experiment folder: /demo/ARN-LSTM/runs/NTU-V2/ARN_inward
Number of reruns per dataset fold: 5
Resuming run protocol...
***** Experiment parameters *****
Configuration file: configs/NTU-V2/ARN_inward.cfg
	 Skeleton info
	 > selected_joints: None
	 > add_joint_idx: True
	 > add_body_part: True
	 > timesteps: 10
	 > skip_timesteps: None
	 > normalization: NTU
	 > seq_step: 16
	 Model info
	 > rel_type: inter
	 > fuse_type: None
	 > compute_distance: True
	 > compute_motion: True
	 > Using Temporal RN: False
	 Training options
	 > drop_rate: 0.1
	 > kernel_init_type: TruncatedNormal
	 > learning_rate: 0.0001
	 > checkpoint_period: 1
	 > kernel_init_param: 0.045
	 > epochs: 150
	 > Batch Size: 64
	 Evaluation options
	 > Pool average from videos sequences: False
Running for fold: cross_subject
fold_path:: /demo/ARN-LSTM/runs/NTU-V2/ARN_inward/fold_cross_subject/
> 0: ACC: 73.97% Loss: 0.7559 - MAX val_ACC: 60.80% val_Loss: 1.3688
> 1: ACC: 74.30% Loss: 0.7403 - MAX val_ACC: 61.66% val_Loss: 1.3570
> 2: ACC: 74.72% Loss: 0.7340 - MAX val_ACC: 59.89% val_Loss: 1.4449
> 3: ACC: 74.83% Loss: 0.7366 - MAX val_ACC: 61.18% val_Loss: 1.3884
> 4: ACC: 75.51% Loss: 0.7058 - MAX val_ACC: 61.31% val_Loss: 1.3904
Running for fold: cross_setup
fold_path:: /demo/ARN-LSTM/runs/NTU-V2/ARN_inward/fold_cross_setup/
> 0: ACC: 73.92% Loss: 0.7618 - MAX val_ACC: 61.60% val_Loss: 1.3703
> 1: ACC: 74.84% Loss: 0.7380 - MAX val_ACC: 61.86% val_Loss: 1.3998
> 2: ACC: 75.06% Loss: 0.7204 - MAX val_ACC: 61.53% val_Loss: 1.4199
> 3: ACC: 74.18% Loss: 0.7444 - MAX val_ACC: 61.59% val_Loss: 1.4043
> 4: ACC: 74.30% Loss: 0.7345 - MAX val_ACC: 61.91% val_Loss: 1.4130
+++++ Summarized results:

Summary for Dataset, Folds, Experiment:
> NTU-V2 | ['cross_subject', 'cross_setup'] | ARN_inward
     accuracy   loss val_accuracy val_loss epoch
0      74.30% 0.7403       61.66%   1.3570   149
1      74.30% 0.7345       61.91%   1.4130   145
mean   74.30% 0.7374       61.79%   1.3850   147
std     0.00% 0.0041        0.18%   0.0396     3
Val ACC Mean: 61.79% Std: 0.0018

> Finished Run Protocol - Sat Jan 25 08:43:01 2025
> Starting Run Protocol -  Sat Jan 25 08:43:02 2025
Running for dataset: NTU
Running for folds: ['cross_subject', 'cross_view']
Experiment name: ARN_outward
Experiment folder: /demo/ARN-LSTM/runs/NTU/ARN_outward
Number of reruns per dataset fold: 5
Resuming run protocol...
***** Experiment parameters *****
Configuration file: configs/NTU-V1/ARN_outward.cfg
	 Skeleton info
	 > selected_joints: None
	 > add_joint_idx: True
	 > add_body_part: True
	 > timesteps: 10
	 > skip_timesteps: None
	 > normalization: NTU
	 > seq_step: 16
	 Model info
	 > rel_type: indivs
	 > fuse_type: None
	 > compute_distance: True
	 > compute_motion: True
	 > Using Temporal RN: False
	 Training options
	 > drop_rate: 0.1
	 > kernel_init_type: TruncatedNormal
	 > learning_rate: 0.0001
	 > checkpoint_period: 1
	 > kernel_init_param: 0.045
	 > epochs: 150
	 > Batch Size: 64
	 Evaluation options
	 > Pool average from videos sequences: False
Running for fold: cross_subject
fold_path:: /demo/ARN-LSTM/runs/NTU/ARN_outward/fold_cross_subject/
> 0: ACC: 79.23% Loss: 0.5548 - MAX val_ACC: 75.07% val_Loss: 0.8829
> 1: ACC: 80.26% Loss: 0.5175 - MAX val_ACC: 75.79% val_Loss: 0.8184
> 2: ACC: 81.77% Loss: 0.4909 - MAX val_ACC: 76.75% val_Loss: 0.7862
> 3: ACC: 79.76% Loss: 0.5388 - MAX val_ACC: 73.84% val_Loss: 0.8311
> 4: ACC: 80.13% Loss: 0.5268 - MAX val_ACC: 75.30% val_Loss: 0.8362
Running for fold: cross_view
fold_path:: /demo/ARN-LSTM/runs/NTU/ARN_outward/fold_cross_view/
> 0: ACC: 80.26% Loss: 0.5284 - MAX val_ACC: 77.82% val_Loss: 0.7278
> 1: ACC: 80.80% Loss: 0.5145 - MAX val_ACC: 77.50% val_Loss: 0.7589
> 2: ACC: 79.56% Loss: 0.5510 - MAX val_ACC: 77.18% val_Loss: 0.7451
> 3: ACC: 79.56% Loss: 0.5461 - MAX val_ACC: 77.44% val_Loss: 0.7131
> 4: ACC: 79.91% Loss: 0.5486 - MAX val_ACC: 77.30% val_Loss: 0.7290
+++++ Summarized results:

Summary for Dataset, Folds, Experiment:
> NTU | ['cross_subject', 'cross_view'] | ARN_outward
     accuracy   loss val_accuracy val_loss epoch
0      81.77% 0.4909       76.75%   0.7862   149
1      80.26% 0.5284       77.82%   0.7278   147
mean   81.02% 0.5097       77.28%   0.7570   148
std     1.07% 0.0265        0.76%   0.0413     1
Val ACC Mean: 77.28% Std: 0.0076

> Finished Run Protocol - Sat Jan 25 08:43:02 2025
> Starting Run Protocol -  Sat Jan 25 08:43:03 2025
Running for dataset: NTU-V2
Running for folds: ['cross_subject', 'cross_setup']
Experiment name: ARN_outward
Experiment folder: /demo/ARN-LSTM/runs/NTU-V2/ARN_outward
Number of reruns per dataset fold: 5
Resuming run protocol...
***** Experiment parameters *****
Configuration file: configs/NTU-V2/ARN_outward.cfg
	 Skeleton info
	 > selected_joints: None
	 > add_joint_idx: True
	 > add_body_part: True
	 > timesteps: 10
	 > skip_timesteps: None
	 > normalization: NTU
	 > seq_step: 16
	 Model info
	 > rel_type: indivs
	 > fuse_type: None
	 > compute_distance: True
	 > compute_motion: True
	 > Using Temporal RN: False
	 Training options
	 > drop_rate: 0.1
	 > kernel_init_type: TruncatedNormal
	 > learning_rate: 0.0001
	 > checkpoint_period: 1
	 > kernel_init_param: 0.045
	 > epochs: 150
	 > Batch Size: 64
	 Evaluation options
	 > Pool average from videos sequences: False
Running for fold: cross_subject
fold_path:: /demo/ARN-LSTM/runs/NTU-V2/ARN_outward/fold_cross_subject/
> 0: ACC: 73.66% Loss: 0.7663 - MAX val_ACC: 61.39% val_Loss: 1.3813
> 1: ACC: 76.06% Loss: 0.7043 - MAX val_ACC: 62.02% val_Loss: 1.3674
> 2: ACC: 72.33% Loss: 0.8082 - MAX val_ACC: 61.13% val_Loss: 1.3620
> 3: ACC: 75.70% Loss: 0.7061 - MAX val_ACC: 61.66% val_Loss: 1.4533
> 4: ACC: 75.91% Loss: 0.7031 - MAX val_ACC: 61.36% val_Loss: 1.4352
Running for fold: cross_setup
fold_path:: /demo/ARN-LSTM/runs/NTU-V2/ARN_outward/fold_cross_setup/
> 0: ACC: 73.15% Loss: 0.7812 - MAX val_ACC: 61.40% val_Loss: 1.4215
> 1: ACC: 73.90% Loss: 0.7606 - MAX val_ACC: 61.40% val_Loss: 1.4535
> 2: ACC: 73.16% Loss: 0.7869 - MAX val_ACC: 61.11% val_Loss: 1.4367
> 3: ACC: 73.13% Loss: 0.7751 - MAX val_ACC: 62.56% val_Loss: 1.3909
> 4: ACC: 73.95% Loss: 0.7608 - MAX val_ACC: 61.72% val_Loss: 1.4269
+++++ Summarized results:

Summary for Dataset, Folds, Experiment:
> NTU-V2 | ['cross_subject', 'cross_setup'] | ARN_outward
     accuracy   loss val_accuracy val_loss epoch
0      76.06% 0.7043       62.02%   1.3674   147
1      73.13% 0.7751       62.56%   1.3909   146
mean   74.60% 0.7397       62.29%   1.3791   146
std     2.08% 0.0501        0.38%   0.0166     1
Val ACC Mean: 62.29% Std: 0.0038

> Finished Run Protocol - Sat Jan 25 08:43:03 2025
> Starting Run Protocol -  Sat Jan 25 08:43:04 2025
Running for dataset: NTU
Running for folds: ['cross_subject', 'cross_view']
Experiment name: ARN_inward+outward
Experiment folder: /demo/ARN-LSTM/runs/NTU/ARN_inward+outward
Number of reruns per dataset fold: 5
Resuming run protocol...
***** Experiment parameters *****
Configuration file: configs/NTU-V1/ARN_inward+outward.cfg
	 Skeleton info
	 > selected_joints: None
	 > add_joint_idx: True
	 > add_body_part: True
	 > timesteps: 10
	 > skip_timesteps: None
	 > normalization: NTU
	 > seq_step: 16
	 Fusion info
	 > fusion mode: middle
	 > config_filepaths: ['configs/NTU-V1/ARN_inward.cfg', 'configs/NTU-V1/ARN_outward.cfg']
	 > freeze_g_theta: False
	 > fuse_at_fc1: False
	 > Criteria for weights: val_loss
	 > Using Temporal RN: False
	 Training options
	 > drop_rate: 0.1
	 > epochs: 150
	 > learning_rate: 0.0001
	 > checkpoint_period: 1
	 > Batch Size: 64
	 Evaluation options
	 > Pool average from videos sequences: False
Running for fold: cross_subject
fold_path:: /demo/ARN-LSTM/runs/NTU/ARN_inward+outward/fold_cross_subject/
> fold weights filepaths: ['runs/NTU/ARN_inward/fold_cross_subject/rerun_2/relnet_weights.hdf5', 'runs/NTU/ARN_outward/fold_cross_subject/rerun_2/relnet_weights.hdf5']
> 0: ACC: 89.62% Loss: 0.2761 - MAX val_ACC: 80.15% val_Loss: 0.7559
> 1: ACC: 92.70% Loss: 0.1941 - MAX val_ACC: 79.99% val_Loss: 0.8789
> 2: ACC: 89.53% Loss: 0.2743 - MAX val_ACC: 79.52% val_Loss: 0.7795
> 3: ACC: 92.61% Loss: 0.1984 - MAX val_ACC: 79.72% val_Loss: 0.9201
> 4: ACC: 89.67% Loss: 0.2707 - MAX val_ACC: 79.46% val_Loss: 0.7972
Running for fold: cross_view
fold_path:: /demo/ARN-LSTM/runs/NTU/ARN_inward+outward/fold_cross_view/
> fold weights filepaths: ['runs/NTU/ARN_inward/fold_cross_view/rerun_0/relnet_weights.hdf5', 'runs/NTU/ARN_outward/fold_cross_view/rerun_3/relnet_weights.hdf5']
> 0: ACC: 92.67% Loss: 0.1934 - MAX val_ACC: 83.20% val_Loss: 0.8052
> 1: ACC: 92.61% Loss: 0.2019 - MAX val_ACC: 82.59% val_Loss: 0.8365
> 2: ACC: 93.87% Loss: 0.1745 - MAX val_ACC: 82.48% val_Loss: 0.8679
> 3: ACC: 88.62% Loss: 0.3095 - MAX val_ACC: 82.48% val_Loss: 0.6742
> 4: ACC: 92.38% Loss: 0.2038 - MAX val_ACC: 83.00% val_Loss: 0.8210
+++++ Summarized results:

Summary for Dataset, Folds, Experiment:
> NTU | ['cross_subject', 'cross_view'] | ARN_inward+outward
     accuracy   loss val_accuracy val_loss epoch
0      89.62% 0.2761       80.15%   0.7559    87
1      92.67% 0.1934       83.20%   0.8052   149
mean   91.14% 0.2348       81.68%   0.7806   118
std     2.16% 0.0585        2.15%   0.0349    44
Val ACC Mean: 81.68% Std: 0.0215

> Finished Run Protocol - Sat Jan 25 08:43:04 2025
> Starting Run Protocol -  Sat Jan 25 08:43:05 2025
Running for dataset: NTU-V2
Running for folds: ['cross_subject', 'cross_setup']
Experiment name: ARN_inward+outward
Experiment folder: /demo/ARN-LSTM/runs/NTU-V2/ARN_inward+outward
Number of reruns per dataset fold: 5
Resuming run protocol...
***** Experiment parameters *****
Configuration file: configs/NTU-V2/ARN_inward+outward.cfg
	 Skeleton info
	 > selected_joints: None
	 > add_joint_idx: True
	 > add_body_part: True
	 > timesteps: 10
	 > skip_timesteps: None
	 > normalization: NTU
	 > seq_step: 16
	 Fusion info
	 > fusion mode: middle
	 > config_filepaths: ['configs/NTU-V2/ARN_inward.cfg', 'configs/NTU-V2/ARN_outward.cfg']
	 > freeze_g_theta: False
	 > fuse_at_fc1: False
	 > Criteria for weights: val_loss
	 > Using Temporal RN: False
	 Training options
	 > drop_rate: 0.1
	 > epochs: 150
	 > learning_rate: 0.0001
	 > checkpoint_period: 1
	 > Batch Size: 64
	 Evaluation options
	 > Pool average from videos sequences: False
Running for fold: cross_subject
fold_path:: /demo/ARN-LSTM/runs/NTU-V2/ARN_inward+outward/fold_cross_subject/
> fold weights filepaths: ['runs/NTU-V2/ARN_inward/fold_cross_subject/rerun_4/relnet_weights.hdf5', 'runs/NTU-V2/ARN_outward/fold_cross_subject/rerun_1/relnet_weights.hdf5']
> 0: ACC: 85.75% Loss: 0.4104 - MAX val_ACC: 67.46% val_Loss: 1.3281
> 1: ACC: 84.91% Loss: 0.4261 - MAX val_ACC: 66.78% val_Loss: 1.3458
> 2: ACC: 81.55% Loss: 0.5292 - MAX val_ACC: 66.96% val_Loss: 1.1994
> 3: ACC: 89.15% Loss: 0.3095 - MAX val_ACC: 67.46% val_Loss: 1.5489
> 4: ACC: 84.13% Loss: 0.4613 - MAX val_ACC: 67.24% val_Loss: 1.2668
Running for fold: cross_setup
fold_path:: /demo/ARN-LSTM/runs/NTU-V2/ARN_inward+outward/fold_cross_setup/
> fold weights filepaths: ['runs/NTU-V2/ARN_inward/fold_cross_setup/rerun_0/relnet_weights.hdf5', 'runs/NTU-V2/ARN_outward/fold_cross_setup/rerun_4/relnet_weights.hdf5']
> 0: ACC: 83.77% Loss: 0.4717 - MAX val_ACC: 67.47% val_Loss: 1.3154
> 1: ACC: 86.67% Loss: 0.3844 - MAX val_ACC: 67.62% val_Loss: 1.4816
> 2: ACC: 91.67% Loss: 0.2351 - MAX val_ACC: 66.84% val_Loss: 1.8225
> 3: ACC: 87.03% Loss: 0.3695 - MAX val_ACC: 67.49% val_Loss: 1.5050
> 4: ACC: 89.08% Loss: 0.3045 - MAX val_ACC: 67.80% val_Loss: 1.5934
+++++ Summarized results:

Summary for Dataset, Folds, Experiment:
> NTU-V2 | ['cross_subject', 'cross_setup'] | ARN_inward+outward
     accuracy   loss val_accuracy val_loss epoch
0      85.75% 0.4104       67.46%   1.3281    65
1      89.08% 0.3045       67.80%   1.5934   106
mean   87.41% 0.3574       67.63%   1.4608    86
std     2.35% 0.0749        0.24%   0.1876    29
Val ACC Mean: 67.63% Std: 0.0024

> Finished Run Protocol - Sat Jan 25 08:43:05 2025
> Starting Run Protocol -  Sat Jan 25 08:43:06 2025
Running for dataset: NTU
Running for folds: ['cross_subject', 'cross_view']
Experiment name: ARN-fc1_inward+outward
Experiment folder: /demo/ARN-LSTM/runs/NTU/ARN-fc1_inward+outward
Number of reruns per dataset fold: 5
Resuming run protocol...
***** Experiment parameters *****
Configuration file: configs/NTU-V1/ARN-fc1_inward+outward.cfg
	 Skeleton info
	 > selected_joints: None
	 > add_joint_idx: True
	 > add_body_part: True
	 > timesteps: 10
	 > skip_timesteps: None
	 > normalization: NTU
	 > seq_step: 16
	 Fusion info
	 > fusion mode: middle
	 > config_filepaths: ['configs/NTU-V1/ARN_inward.cfg', 'configs/NTU-V1/ARN_outward.cfg']
	 > freeze_g_theta: False
	 > fuse_at_fc1: True
	 > Criteria for weights: val_loss
	 > Using Temporal RN: False
	 Training options
	 > drop_rate: 0.1
	 > epochs: 150
	 > learning_rate: 0.0001
	 > checkpoint_period: 1
	 > Batch Size: 64
	 Evaluation options
	 > Pool average from videos sequences: False
Running for fold: cross_subject
fold_path:: /demo/ARN-LSTM/runs/NTU/ARN-fc1_inward+outward/fold_cross_subject/
> fold weights filepaths: ['runs/NTU/ARN_inward/fold_cross_subject/rerun_2/relnet_weights.hdf5', 'runs/NTU/ARN_outward/fold_cross_subject/rerun_2/relnet_weights.hdf5']
> 0: ACC: 92.77% Loss: 0.1881 - MAX val_ACC: 79.62% val_Loss: 0.9526
> 1: ACC: 89.08% Loss: 0.2889 - MAX val_ACC: 79.62% val_Loss: 0.7504
> 2: ACC: 89.42% Loss: 0.2838 - MAX val_ACC: 79.52% val_Loss: 0.7795
> 3: ACC: 93.22% Loss: 0.1869 - MAX val_ACC: 79.66% val_Loss: 0.9550
> 4: ACC: 96.47% Loss: 0.0951 - MAX val_ACC: 79.43% val_Loss: 1.2067
Running for fold: cross_view
fold_path:: /demo/ARN-LSTM/runs/NTU/ARN-fc1_inward+outward/fold_cross_view/
> fold weights filepaths: ['runs/NTU/ARN_inward/fold_cross_view/rerun_0/relnet_weights.hdf5', 'runs/NTU/ARN_outward/fold_cross_view/rerun_3/relnet_weights.hdf5']
> 0: ACC: 93.69% Loss: 0.1675 - MAX val_ACC: 83.05% val_Loss: 0.8447
> 1: ACC: 96.94% Loss: 0.0890 - MAX val_ACC: 82.91% val_Loss: 1.0599
> 2: ACC: 93.44% Loss: 0.1705 - MAX val_ACC: 82.62% val_Loss: 0.9217
> 3: ACC: 93.96% Loss: 0.1646 - MAX val_ACC: 82.74% val_Loss: 0.8804
> 4: ACC: 97.04% Loss: 0.0826 - MAX val_ACC: 82.91% val_Loss: 1.1443
+++++ Summarized results:

Summary for Dataset, Folds, Experiment:
> NTU | ['cross_subject', 'cross_view'] | ARN-fc1_inward+outward
     accuracy   loss val_accuracy val_loss epoch
0      93.22% 0.1869       79.66%   0.9550    85
1      93.69% 0.1675       83.05%   0.8447   108
mean   93.45% 0.1772       81.36%   0.8998    96
std     0.33% 0.0137        2.40%   0.0779    16
Val ACC Mean: 81.36% Std: 0.0240

> Finished Run Protocol - Sat Jan 25 08:43:06 2025
> Starting Run Protocol -  Sat Jan 25 08:43:07 2025
Running for dataset: NTU-V2
Running for folds: ['cross_subject', 'cross_setup']
Experiment name: ARN-fc1_inward+outward
Experiment folder: /demo/ARN-LSTM/runs/NTU-V2/ARN-fc1_inward+outward
Number of reruns per dataset fold: 5
Resuming run protocol...
***** Experiment parameters *****
Configuration file: configs/NTU-V2/ARN-fc1_inward+outward.cfg
	 Skeleton info
	 > selected_joints: None
	 > add_joint_idx: True
	 > add_body_part: True
	 > timesteps: 10
	 > skip_timesteps: None
	 > normalization: NTU
	 > seq_step: 16
	 Fusion info
	 > fusion mode: middle
	 > config_filepaths: ['configs/NTU-V2/ARN_inward.cfg', 'configs/NTU-V2/ARN_outward.cfg']
	 > freeze_g_theta: False
	 > fuse_at_fc1: True
	 > Criteria for weights: val_loss
	 > Using Temporal RN: False
	 Training options
	 > drop_rate: 0.1
	 > epochs: 150
	 > learning_rate: 0.0001
	 > checkpoint_period: 1
	 > Batch Size: 64
	 Evaluation options
	 > Pool average from videos sequences: False
Running for fold: cross_subject
fold_path:: /demo/ARN-LSTM/runs/NTU-V2/ARN-fc1_inward+outward/fold_cross_subject/
> fold weights filepaths: ['runs/NTU-V2/ARN_inward/fold_cross_subject/rerun_4/relnet_weights.hdf5', 'runs/NTU-V2/ARN_outward/fold_cross_subject/rerun_1/relnet_weights.hdf5']
> 0: ACC: 84.99% Loss: 0.4328 - MAX val_ACC: 66.17% val_Loss: 1.3369
> 1: ACC: 88.18% Loss: 0.3342 - MAX val_ACC: 67.05% val_Loss: 1.4548
> 2: ACC: 85.39% Loss: 0.4214 - MAX val_ACC: 66.52% val_Loss: 1.3232
> 3: ACC: 83.54% Loss: 0.4697 - MAX val_ACC: 66.83% val_Loss: 1.2654
> 4: ACC: 89.00% Loss: 0.3222 - MAX val_ACC: 66.54% val_Loss: 1.4823
Running for fold: cross_setup
fold_path:: /demo/ARN-LSTM/runs/NTU-V2/ARN-fc1_inward+outward/fold_cross_setup/
> fold weights filepaths: ['runs/NTU-V2/ARN_inward/fold_cross_setup/rerun_0/relnet_weights.hdf5', 'runs/NTU-V2/ARN_outward/fold_cross_setup/rerun_4/relnet_weights.hdf5']
> 0: ACC: 93.83% Loss: 0.1869 - MAX val_ACC: 66.45% val_Loss: 1.9748
> 1: ACC: 98.66% Loss: 0.0480 - MAX val_ACC: 66.89% val_Loss: 2.7516
> 2: ACC: 89.52% Loss: 0.3127 - MAX val_ACC: 66.61% val_Loss: 1.5750
> 3: ACC: 99.34% Loss: 0.0232 - MAX val_ACC: 67.26% val_Loss: 2.8709
> 4: ACC: 98.37% Loss: 0.0516 - MAX val_ACC: 66.91% val_Loss: 2.7504
+++++ Summarized results:

Summary for Dataset, Folds, Experiment:
> NTU-V2 | ['cross_subject', 'cross_setup'] | ARN-fc1_inward+outward
     accuracy   loss val_accuracy val_loss epoch
0      88.18% 0.3342       67.05%   1.4548    49
1      99.34% 0.0232       67.26%   2.8709   145
mean   93.76% 0.1787       67.15%   2.1628    97
std     7.89% 0.2199        0.15%   1.0013    68
Val ACC Mean: 67.15% Std: 0.0015

> Finished Run Protocol - Sat Jan 25 08:43:07 2025
> Starting Run Protocol -  Sat Jan 25 08:43:08 2025
Running for dataset: SBU
Running for folds: [0 1 2 3 4]
Experiment name: ARN-LSTM_inward
Experiment folder: /demo/ARN-LSTM/runs/SBU/ARN-LSTM_inward
Number of reruns per dataset fold: 5
Resuming run protocol...
***** Experiment parameters *****
Configuration file: configs/SBU/ARN-LSTM_inward.cfg
	 Skeleton info
	 > selected_joints: None
	 > add_joint_idx: True
	 > add_body_part: True
	 > normalization: None
	 > skip_timesteps: None
	 > timesteps: 8
	 > seq_step: 4
	 Model info
	 > rel_type: inter
	 > fuse_type: None
	 > compute_distance: True
	 > compute_motion: True
	 > Using Temporal RN: False
	 Training options
	 > drop_rate: 0.1
	 > kernel_init_type: TruncatedNormal
	 > kernel_init_param: 0.045
	 > epochs: 300
	 > learning_rate: 0.0001
	 > checkpoint_period: 1
	 > Batch Size: 64
	 Evaluation options
	 > Pool average from videos sequences: False
Running for fold: 0
fold_path:: /demo/ARN-LSTM/runs/SBU/ARN-LSTM_inward/fold_0/
> 0: ACC: 99.56% Loss: 0.0226 - MAX val_ACC: 94.55% val_Loss: 0.4278
> 1: ACC: 96.92% Loss: 0.0646 - MAX val_ACC: 90.91% val_Loss: 0.3494
> 2: ACC: 98.24% Loss: 0.0644 - MAX val_ACC: 90.91% val_Loss: 0.3637
> 3: ACC: 97.80% Loss: 0.0757 - MAX val_ACC: 92.73% val_Loss: 0.4089
> 4: ACC: 98.68% Loss: 0.0661 - MAX val_ACC: 90.91% val_Loss: 0.3195
Running for fold: 1
fold_path:: /demo/ARN-LSTM/runs/SBU/ARN-LSTM_inward/fold_1/
> 0: ACC: 99.57% Loss: 0.0214 - MAX val_ACC: 92.31% val_Loss: 0.5661
> 1: ACC: 98.26% Loss: 0.0594 - MAX val_ACC: 90.38% val_Loss: 0.4957
> 2: ACC: 96.96% Loss: 0.0745 - MAX val_ACC: 90.38% val_Loss: 0.4481
> 3: ACC: 98.26% Loss: 0.0455 - MAX val_ACC: 90.38% val_Loss: 0.6327
> 4: ACC: 92.61% Loss: 0.1797 - MAX val_ACC: 90.38% val_Loss: 0.5464
Running for fold: 2
fold_path:: /demo/ARN-LSTM/runs/SBU/ARN-LSTM_inward/fold_2/
> 0: ACC: 99.56% Loss: 0.0478 - MAX val_ACC: 94.64% val_Loss: 0.2911
> 1: ACC: 96.46% Loss: 0.0872 - MAX val_ACC: 94.64% val_Loss: 0.4299
> 2: ACC: 97.79% Loss: 0.0746 - MAX val_ACC: 96.43% val_Loss: 0.2935
> 3: ACC: 95.13% Loss: 0.1303 - MAX val_ACC: 94.64% val_Loss: 0.3865
> 4: ACC: 94.25% Loss: 0.1633 - MAX val_ACC: 94.64% val_Loss: 0.3484
Running for fold: 3
fold_path:: /demo/ARN-LSTM/runs/SBU/ARN-LSTM_inward/fold_3/
> 0: ACC: 96.49% Loss: 0.0725 - MAX val_ACC: 92.59% val_Loss: 0.6157
> 1: ACC: 92.98% Loss: 0.2911 - MAX val_ACC: 90.74% val_Loss: 0.3681
> 2: ACC: 84.65% Loss: 0.4234 - MAX val_ACC: 88.89% val_Loss: 0.5020
> 3: ACC: 96.05% Loss: 0.1267 - MAX val_ACC: 92.59% val_Loss: 0.4359
> 4: ACC: 96.49% Loss: 0.1374 - MAX val_ACC: 88.89% val_Loss: 0.3664
Running for fold: 4
fold_path:: /demo/ARN-LSTM/runs/SBU/ARN-LSTM_inward/fold_4/
> 0: ACC: 98.16% Loss: 0.0408 - MAX val_ACC: 90.77% val_Loss: 0.4190
> 1: ACC: 99.08% Loss: 0.0433 - MAX val_ACC: 92.31% val_Loss: 0.3201
> 2: ACC: 96.31% Loss: 0.1645 - MAX val_ACC: 90.77% val_Loss: 0.3681
> 3: ACC: 98.16% Loss: 0.0677 - MAX val_ACC: 89.23% val_Loss: 0.3222
> 4: ACC: 95.85% Loss: 0.1255 - MAX val_ACC: 89.23% val_Loss: 0.4989
+++++ Summarized results:

Summary for Dataset, Folds, Experiment:
> SBU | [0 1 2 3 4] | ARN-LSTM_inward
     accuracy   loss val_accuracy val_loss epoch
0      99.56% 0.0226       94.55%   0.4278   295
1      99.57% 0.0214       92.31%   0.5661   241
2      97.79% 0.0746       96.43%   0.2935   165
3      96.05% 0.1267       92.59%   0.4359   129
4      99.08% 0.0433       92.31%   0.3201   185
mean   98.41% 0.0577       93.64%   0.4087   203
std     1.50% 0.0442        1.82%   0.1084    65
Val ACC Mean: 93.64% Std: 0.0182

> Finished Run Protocol - Sat Jan 25 08:43:08 2025
> Starting Run Protocol -  Sat Jan 25 08:43:09 2025
Running for dataset: SBU
Running for folds: [0 1 2 3 4]
Experiment name: ARN-LSTM_outward
Experiment folder: /demo/ARN-LSTM/runs/SBU/ARN-LSTM_outward
Number of reruns per dataset fold: 5
Resuming run protocol...
***** Experiment parameters *****
Configuration file: configs/SBU/ARN-LSTM_outward.cfg
	 Skeleton info
	 > selected_joints: None
	 > add_joint_idx: True
	 > add_body_part: True
	 > normalization: None
	 > skip_timesteps: None
	 > timesteps: 8
	 > seq_step: 4
	 Model info
	 > rel_type: indivs
	 > fuse_type: None
	 > compute_distance: True
	 > compute_motion: True
	 > Using Temporal RN: False
	 Training options
	 > drop_rate: 0.1
	 > kernel_init_type: TruncatedNormal
	 > kernel_init_param: 0.045
	 > epochs: 300
	 > learning_rate: 0.0001
	 > checkpoint_period: 1
	 > Batch Size: 64
	 Evaluation options
	 > Pool average from videos sequences: False
Running for fold: 0
fold_path:: /demo/ARN-LSTM/runs/SBU/ARN-LSTM_outward/fold_0/
> 0: ACC: 93.39% Loss: 0.2018 - MAX val_ACC: 92.73% val_Loss: 0.3325
> 1: ACC: 97.80% Loss: 0.0604 - MAX val_ACC: 94.55% val_Loss: 0.4443
> 2: ACC: 96.92% Loss: 0.1222 - MAX val_ACC: 92.73% val_Loss: 0.2831
> 3: ACC: 98.68% Loss: 0.0531 - MAX val_ACC: 94.55% val_Loss: 0.3474
> 4: ACC: 96.92% Loss: 0.1159 - MAX val_ACC: 90.91% val_Loss: 0.2902
Running for fold: 1
fold_path:: /demo/ARN-LSTM/runs/SBU/ARN-LSTM_outward/fold_1/
> 0: ACC: 99.57% Loss: 0.0319 - MAX val_ACC: 94.23% val_Loss: 0.2389
> 1: ACC: 99.57% Loss: 0.0363 - MAX val_ACC: 98.08% val_Loss: 0.0969
> 2: ACC: 99.13% Loss: 0.0447 - MAX val_ACC: 94.23% val_Loss: 0.2470
> 3: ACC: 98.70% Loss: 0.0578 - MAX val_ACC: 96.15% val_Loss: 0.2338
> 4: ACC: 92.61% Loss: 0.2001 - MAX val_ACC: 92.31% val_Loss: 0.2804
Running for fold: 2
fold_path:: /demo/ARN-LSTM/runs/SBU/ARN-LSTM_outward/fold_2/
> 0: ACC: 95.58% Loss: 0.1120 - MAX val_ACC: 96.43% val_Loss: 0.2631
> 1: ACC: 98.67% Loss: 0.0711 - MAX val_ACC: 96.43% val_Loss: 0.3259
> 2: ACC: 99.56% Loss: 0.0140 - MAX val_ACC: 96.43% val_Loss: 0.3567
> 3: ACC: 99.12% Loss: 0.0344 - MAX val_ACC: 96.43% val_Loss: 0.3185
> 4: ACC: 97.35% Loss: 0.0653 - MAX val_ACC: 96.43% val_Loss: 0.2525
Running for fold: 3
fold_path:: /demo/ARN-LSTM/runs/SBU/ARN-LSTM_outward/fold_3/
> 0: ACC: 97.81% Loss: 0.0941 - MAX val_ACC: 96.30% val_Loss: 0.1729
> 1: ACC: 97.81% Loss: 0.0442 - MAX val_ACC: 96.30% val_Loss: 0.1981
> 2: ACC: 98.25% Loss: 0.0845 - MAX val_ACC: 96.30% val_Loss: 0.2201
> 3: ACC: 96.49% Loss: 0.1286 - MAX val_ACC: 94.44% val_Loss: 0.2636
> 4: ACC: 95.61% Loss: 0.1284 - MAX val_ACC: 96.30% val_Loss: 0.2123
Running for fold: 4
fold_path:: /demo/ARN-LSTM/runs/SBU/ARN-LSTM_outward/fold_4/
> 0: ACC: 99.54% Loss: 0.0109 - MAX val_ACC: 90.77% val_Loss: 0.4358
> 1: ACC: 100.00% Loss: 0.0175 - MAX val_ACC: 92.31% val_Loss: 0.2161
> 2: ACC: 97.24% Loss: 0.0641 - MAX val_ACC: 89.23% val_Loss: 0.2449
> 3: ACC: 98.62% Loss: 0.0429 - MAX val_ACC: 93.85% val_Loss: 0.3162
> 4: ACC: 99.54% Loss: 0.0140 - MAX val_ACC: 95.38% val_Loss: 0.2969
+++++ Summarized results:

Summary for Dataset, Folds, Experiment:
> SBU | [0 1 2 3 4] | ARN-LSTM_outward
     accuracy   loss val_accuracy val_loss epoch
0      98.68% 0.0531       94.55%   0.3474   172
1      99.57% 0.0363       98.08%   0.0969   185
2      97.35% 0.0653       96.43%   0.2525   203
3      97.81% 0.0941       96.30%   0.1729   115
4      99.54% 0.0140       95.38%   0.2969   256
mean   98.59% 0.0526       96.15%   0.2333   186
std     1.00% 0.0302        1.32%   0.0996    51
Val ACC Mean: 96.15% Std: 0.0132

> Finished Run Protocol - Sat Jan 25 08:43:09 2025
> Starting Run Protocol -  Sat Jan 25 08:43:10 2025
Running for dataset: SBU
Running for folds: [0 1 2 3 4]
Experiment name: ARN-LSTM_inward+outward
Experiment folder: /demo/ARN-LSTM/runs/SBU/ARN-LSTM_inward+outward
Number of reruns per dataset fold: 5
Resuming run protocol...
***** Experiment parameters *****
Configuration file: configs/SBU/ARN-LSTM_inward+outward.cfg
	 Skeleton info
	 > selected_joints: None
	 > add_joint_idx: True
	 > add_body_part: True
	 > normalization: None
	 > skip_timesteps: None
	 > timesteps: 8
	 > seq_step: 4
	 Fusion info
	 > fusion mode: middle
	 > config_filepaths: ['configs/SBU/ARN-LSTM_inward.cfg', 'configs/SBU/ARN-LSTM_outward.cfg']
	 > freeze_g_theta: False
	 > fuse_at_fc1: False
	 > Criteria for weights: val_loss
	 > Using Temporal RN: False
	 Training options
	 > drop_rate: 0.1
	 > learning_rate: 0.0001
	 > checkpoint_period: 1
	 > epochs: 150
	 > Batch Size: 64
	 Evaluation options
	 > Pool average from videos sequences: False
Running for fold: 0
fold_path:: /demo/ARN-LSTM/runs/SBU/ARN-LSTM_inward+outward/fold_0/
Traceback (most recent call last):
  File "src/run_protocol.py", line 294, in <module>
    run_protocol(**args)
  File "src/run_protocol.py", line 163, in run_protocol
    fold_weights_filepaths = [ 
  File "src/run_protocol.py", line 164, in <listcomp>
    find_best_weights(weights_base_path+'/fold_{}/'.format(dataset_fold), criteria=criteria) 
  File "/demo/ARN-LSTM/src/misc/utils.py", line 44, in find_best_weights
    raise ValueError("No valid epochs found. Please check your criteria and paths.")
ValueError: No valid epochs found. Please check your criteria and paths.
> Starting Run Protocol -  Sat Jan 25 08:43:11 2025
Running for dataset: SBU
Running for folds: [0 1 2 3 4]
Experiment name: ARN-LSTM-fc1_inward+outward
Experiment folder: /demo/ARN-LSTM/runs/SBU/ARN-LSTM-fc1_inward+outward
Number of reruns per dataset fold: 5
Resuming run protocol...
***** Experiment parameters *****
Configuration file: configs/SBU/ARN-LSTM-fc1_inward+outward.cfg
	 Skeleton info
	 > selected_joints: None
	 > add_joint_idx: True
	 > add_body_part: True
	 > normalization: None
	 > skip_timesteps: None
	 > timesteps: 8
	 > seq_step: 4
	 Fusion info
	 > fusion mode: middle
	 > config_filepaths: ['configs/SBU/ARN-LSTM_inward.cfg', 'configs/SBU/ARN-LSTM_outward.cfg']
	 > freeze_g_theta: False
	 > fuse_at_fc1: True
	 > Criteria for weights: val_loss
	 > Using Temporal RN: False
	 Training options
	 > drop_rate: 0.1
	 > learning_rate: 0.0001
	 > checkpoint_period: 1
	 > epochs: 150
	 > Batch Size: 64
	 Evaluation options
	 > Pool average from videos sequences: False
Running for fold: 0
fold_path:: /demo/ARN-LSTM/runs/SBU/ARN-LSTM-fc1_inward+outward/fold_0/
Traceback (most recent call last):
  File "src/run_protocol.py", line 294, in <module>
    run_protocol(**args)
  File "src/run_protocol.py", line 163, in run_protocol
    fold_weights_filepaths = [ 
  File "src/run_protocol.py", line 164, in <listcomp>
    find_best_weights(weights_base_path+'/fold_{}/'.format(dataset_fold), criteria=criteria) 
  File "/demo/ARN-LSTM/src/misc/utils.py", line 44, in find_best_weights
    raise ValueError("No valid epochs found. Please check your criteria and paths.")
ValueError: No valid epochs found. Please check your criteria and paths.
> Starting Run Protocol -  Sat Jan 25 08:43:12 2025
Running for dataset: UT-1
Running for folds: [0 1 2 3 4 5 6 7 8 9]
Experiment name: ARN-LSTM_inward
Experiment folder: /demo/ARN-LSTM/runs/UT-1/ARN-LSTM_inward
Number of reruns per dataset fold: 5
Resuming run protocol...
***** Experiment parameters *****
Configuration file: configs/UT/set_1/ARN-LSTM_inward.cfg
	 Skeleton info
	 > selected_joints: ['Nose', 'Neck', 'MidHip', 'LShoulder', 'LElbow', 'LWrist', 'RShoulder', 'RElbow', 'RWrist', 'LHip', 'LKnee', 'LAnkle', 'RHip', 'RKnee', 'RAnkle']
	 > add_joint_idx: True
	 > add_body_part: True
	 > timesteps: 32
	 > skip_timesteps: None
	 > normalization: None
	 Model info
	 > rel_type: inter
	 > fuse_type: None
	 > compute_distance: True
	 > compute_motion: True
	 > Using Temporal RN: False
	 Training options
	 > drop_rate: 0.1
	 > kernel_init_type: TruncatedNormal
	 > kernel_init_param: 0.045
	 > epochs: 200
	 > learning_rate: 0.0001
	 > checkpoint_period: 1
	 > Batch Size: 64
	 Evaluation options
	 > Pool average from videos sequences: False
Running for fold: 0
fold_path:: /demo/ARN-LSTM/runs/UT-1/ARN-LSTM_inward/fold_0/
> 0: ACC: 57.41% Loss: 1.0097 - MAX val_ACC: 100.00% val_Loss: 0.7180
> 1: ACC: 90.74% Loss: 0.2826 - MAX val_ACC: 83.33% val_Loss: 0.4377
> 2: ACC: 83.33% Loss: 0.6263 - MAX val_ACC: 83.33% val_Loss: 0.5993
> 3: ACC: 100.00% Loss: 0.0132 - MAX val_ACC: 100.00% val_Loss: 0.0608
> 4: ACC: 100.00% Loss: 0.0262 - MAX val_ACC: 83.33% val_Loss: 0.5865
Running for fold: 1
fold_path:: /demo/ARN-LSTM/runs/UT-1/ARN-LSTM_inward/fold_1/
> 0: ACC: 83.33% Loss: 0.4175 - MAX val_ACC: 83.33% val_Loss: 1.1261
> 1: ACC: 81.48% Loss: 0.4994 - MAX val_ACC: 83.33% val_Loss: 1.2360
> 2: ACC: 87.04% Loss: 0.4704 - MAX val_ACC: 83.33% val_Loss: 0.9098
> 3: ACC: 83.33% Loss: 0.6081 - MAX val_ACC: 83.33% val_Loss: 0.9911
> 4: ACC: 100.00% Loss: 0.0145 - MAX val_ACC: 83.33% val_Loss: 2.3842
Running for fold: 2
fold_path:: /demo/ARN-LSTM/runs/UT-1/ARN-LSTM_inward/fold_2/
> 0: ACC: 64.81% Loss: 1.0449 - MAX val_ACC: 100.00% val_Loss: 0.8209
> 1: ACC: 83.33% Loss: 0.5835 - MAX val_ACC: 100.00% val_Loss: 0.4361
> 2: ACC: 87.04% Loss: 0.4268 - MAX val_ACC: 100.00% val_Loss: 0.3432
> 3: ACC: 87.04% Loss: 0.3823 - MAX val_ACC: 83.33% val_Loss: 0.4119
> 4: ACC: 100.00% Loss: 0.1609 - MAX val_ACC: 83.33% val_Loss: 0.4106
Running for fold: 3
fold_path:: /demo/ARN-LSTM/runs/UT-1/ARN-LSTM_inward/fold_3/
> 0: ACC: 92.59% Loss: 0.1533 - MAX val_ACC: 66.67% val_Loss: 0.8426
> 1: ACC: 98.15% Loss: 0.0954 - MAX val_ACC: 83.33% val_Loss: 0.6542
> 2: ACC: 88.89% Loss: 0.3322 - MAX val_ACC: 66.67% val_Loss: 0.8838
> 3: ACC: 92.59% Loss: 0.2675 - MAX val_ACC: 66.67% val_Loss: 0.8236
> 4: ACC: 100.00% Loss: 0.0086 - MAX val_ACC: 83.33% val_Loss: 0.4549
Running for fold: 4
fold_path:: /demo/ARN-LSTM/runs/UT-1/ARN-LSTM_inward/fold_4/
> 0: ACC: 100.00% Loss: 0.0830 - MAX val_ACC: 100.00% val_Loss: 0.2411
> 1: ACC: 98.15% Loss: 0.1002 - MAX val_ACC: 83.33% val_Loss: 0.4460
> 2: ACC: 100.00% Loss: 0.0417 - MAX val_ACC: 83.33% val_Loss: 0.3408
> 3: ACC: 88.89% Loss: 0.3675 - MAX val_ACC: 83.33% val_Loss: 0.5668
> 4: ACC: 87.04% Loss: 0.4124 - MAX val_ACC: 83.33% val_Loss: 0.4453
Running for fold: 5
fold_path:: /demo/ARN-LSTM/runs/UT-1/ARN-LSTM_inward/fold_5/
> 0: ACC: 100.00% Loss: 0.0124 - MAX val_ACC: 100.00% val_Loss: 0.1604
> 1: ACC: 100.00% Loss: 0.0086 - MAX val_ACC: 100.00% val_Loss: 0.2772
> 2: ACC: 92.73% Loss: 0.1702 - MAX val_ACC: 100.00% val_Loss: 0.3736
> 3: ACC: 78.18% Loss: 0.8755 - MAX val_ACC: 100.00% val_Loss: 1.0302
> 4: ACC: 98.18% Loss: 0.0822 - MAX val_ACC: 80.00% val_Loss: 0.5878
Running for fold: 6
fold_path:: /demo/ARN-LSTM/runs/UT-1/ARN-LSTM_inward/fold_6/
> 0: ACC: 92.59% Loss: 0.3182 - MAX val_ACC: 66.67% val_Loss: 0.8842
> 1: ACC: 79.63% Loss: 0.4634 - MAX val_ACC: 66.67% val_Loss: 0.9610
> 2: ACC: 87.04% Loss: 0.3828 - MAX val_ACC: 66.67% val_Loss: 0.9384
> 3: ACC: 51.85% Loss: 1.2808 - MAX val_ACC: 83.33% val_Loss: 1.2796
> 4: ACC: 90.74% Loss: 0.3606 - MAX val_ACC: 66.67% val_Loss: 0.9208
Running for fold: 7
fold_path:: /demo/ARN-LSTM/runs/UT-1/ARN-LSTM_inward/fold_7/
> 0: ACC: 98.11% Loss: 0.1006 - MAX val_ACC: 71.43% val_Loss: 0.6307
> 1: ACC: 67.92% Loss: 1.0483 - MAX val_ACC: 85.71% val_Loss: 1.0877
> 2: ACC: 67.92% Loss: 0.9422 - MAX val_ACC: 85.71% val_Loss: 0.9126
> 3: ACC: 100.00% Loss: 0.0247 - MAX val_ACC: 85.71% val_Loss: 0.6660
> 4: ACC: 96.23% Loss: 0.3311 - MAX val_ACC: 71.43% val_Loss: 0.6396
Running for fold: 8
fold_path:: /demo/ARN-LSTM/runs/UT-1/ARN-LSTM_inward/fold_8/
> 0: ACC: 100.00% Loss: 0.0090 - MAX val_ACC: 83.33% val_Loss: 0.6469
> 1: ACC: 98.15% Loss: 0.0571 - MAX val_ACC: 83.33% val_Loss: 0.4986
> 2: ACC: 100.00% Loss: 0.0269 - MAX val_ACC: 66.67% val_Loss: 0.6530
> 3: ACC: 88.89% Loss: 0.2914 - MAX val_ACC: 83.33% val_Loss: 0.8969
> 4: ACC: 100.00% Loss: 0.0433 - MAX val_ACC: 83.33% val_Loss: 0.5830
Running for fold: 9
fold_path:: /demo/ARN-LSTM/runs/UT-1/ARN-LSTM_inward/fold_9/
> 0: ACC: 83.33% Loss: 0.5145 - MAX val_ACC: 50.00% val_Loss: 1.0501
> 1: ACC: 74.07% Loss: 0.7506 - MAX val_ACC: 83.33% val_Loss: 1.1301
> 2: ACC: 40.74% Loss: 1.3721 - MAX val_ACC: 66.67% val_Loss: 1.5315
> 3: ACC: 64.81% Loss: 0.8700 - MAX val_ACC: 66.67% val_Loss: 1.1435
> 4: ACC: 44.44% Loss: 1.4065 - MAX val_ACC: 66.67% val_Loss: 1.4188
+++++ Summarized results:

Summary for Dataset, Folds, Experiment:
> UT | [0 1 2 3 4 5 6 7 8 9] | ARN-LSTM_inward
     accuracy   loss val_accuracy val_loss epoch
0     100.00% 0.0132      100.00%   0.0608   116
1      87.04% 0.4704       83.33%   0.9098    32
2      87.04% 0.4268      100.00%   0.3432    31
3     100.00% 0.0086       83.33%   0.4549   102
4     100.00% 0.0830      100.00%   0.2411    56
5     100.00% 0.0124      100.00%   0.1604   111
6      51.85% 1.2808       83.33%   1.2796     7
7     100.00% 0.0247       85.71%   0.6660    97
8      98.15% 0.0571       83.33%   0.4986    73
9      74.07% 0.7506       83.33%   1.1301    15
mean   89.81% 0.3128       90.24%   0.5744    64
std    15.96% 0.4269        8.43%   0.4146    41
Val ACC Mean: 90.24% Std: 0.0843

> Finished Run Protocol - Sat Jan 25 08:43:12 2025
> Starting Run Protocol -  Sat Jan 25 08:43:13 2025
Running for dataset: UT-1
Running for folds: [0 1 2 3 4 5 6 7 8 9]
Experiment name: ARN-LSTM_outward
Experiment folder: /demo/ARN-LSTM/runs/UT-1/ARN-LSTM_outward
Number of reruns per dataset fold: 5
Resuming run protocol...
***** Experiment parameters *****
Configuration file: configs/UT/set_1/ARN-LSTM_outward.cfg
	 Skeleton info
	 > selected_joints: ['Nose', 'Neck', 'MidHip', 'LShoulder', 'LElbow', 'LWrist', 'RShoulder', 'RElbow', 'RWrist', 'LHip', 'LKnee', 'LAnkle', 'RHip', 'RKnee', 'RAnkle']
	 > add_joint_idx: True
	 > add_body_part: True
	 > timesteps: 32
	 > skip_timesteps: None
	 > normalization: None
	 Model info
	 > rel_type: indivs
	 > fuse_type: None
	 > compute_distance: True
	 > compute_motion: True
	 > Using Temporal RN: False
	 Training options
	 > drop_rate: 0.25
	 > kernel_init_type: TruncatedNormal
	 > kernel_init_param: 0.045
	 > epochs: 200
	 > learning_rate: 0.0001
	 > checkpoint_period: 1
	 > Batch Size: 64
	 Evaluation options
	 > Pool average from videos sequences: False
Running for fold: 0
fold_path:: /demo/ARN-LSTM/runs/UT-1/ARN-LSTM_outward/fold_0/
> 0: ACC: 96.30% Loss: 0.1307 - MAX val_ACC: 100.00% val_Loss: 0.2046
> 1: ACC: 46.30% Loss: 1.4350 - MAX val_ACC: 100.00% val_Loss: 1.0492
> 2: ACC: 66.67% Loss: 0.8967 - MAX val_ACC: 100.00% val_Loss: 0.6330
> 3: ACC: 98.15% Loss: 0.1418 - MAX val_ACC: 83.33% val_Loss: 0.3699
> 4: ACC: 62.96% Loss: 1.1097 - MAX val_ACC: 100.00% val_Loss: 0.7793
Running for fold: 1
fold_path:: /demo/ARN-LSTM/runs/UT-1/ARN-LSTM_outward/fold_1/
> 0: ACC: 90.74% Loss: 0.2366 - MAX val_ACC: 83.33% val_Loss: 0.6854
> 1: ACC: 98.15% Loss: 0.1572 - MAX val_ACC: 83.33% val_Loss: 0.7682
> 2: ACC: 70.37% Loss: 0.6104 - MAX val_ACC: 83.33% val_Loss: 1.0341
> 3: ACC: 94.44% Loss: 0.1550 - MAX val_ACC: 83.33% val_Loss: 0.7968
> 4: ACC: 79.63% Loss: 0.5373 - MAX val_ACC: 83.33% val_Loss: 1.0638
Running for fold: 2
fold_path:: /demo/ARN-LSTM/runs/UT-1/ARN-LSTM_outward/fold_2/
> 0: ACC: 92.59% Loss: 0.3853 - MAX val_ACC: 100.00% val_Loss: 0.3619
> 1: ACC: 81.48% Loss: 0.5085 - MAX val_ACC: 100.00% val_Loss: 0.3302
> 2: ACC: 81.48% Loss: 0.5297 - MAX val_ACC: 100.00% val_Loss: 0.2873
> 3: ACC: 96.30% Loss: 0.1785 - MAX val_ACC: 83.33% val_Loss: 0.6211
> 4: ACC: 98.15% Loss: 0.1118 - MAX val_ACC: 83.33% val_Loss: 0.3781
Running for fold: 3
fold_path:: /demo/ARN-LSTM/runs/UT-1/ARN-LSTM_outward/fold_3/
> 0: ACC: 44.44% Loss: 1.3560 - MAX val_ACC: 83.33% val_Loss: 1.0519
> 1: ACC: 87.04% Loss: 0.4547 - MAX val_ACC: 100.00% val_Loss: 0.4135
> 2: ACC: 75.93% Loss: 0.6253 - MAX val_ACC: 66.67% val_Loss: 0.6725
> 3: ACC: 100.00% Loss: 0.0413 - MAX val_ACC: 83.33% val_Loss: 0.5279
> 4: ACC: 100.00% Loss: 0.0374 - MAX val_ACC: 100.00% val_Loss: 0.1679
Running for fold: 4
fold_path:: /demo/ARN-LSTM/runs/UT-1/ARN-LSTM_outward/fold_4/
> 0: ACC: 87.04% Loss: 0.3171 - MAX val_ACC: 83.33% val_Loss: 0.7223
> 1: ACC: 81.48% Loss: 0.5785 - MAX val_ACC: 66.67% val_Loss: 0.8146
> 2: ACC: 33.33% Loss: 1.6495 - MAX val_ACC: 83.33% val_Loss: 1.3556
> 3: ACC: 70.37% Loss: 0.8820 - MAX val_ACC: 83.33% val_Loss: 0.9675
> 4: ACC: 70.37% Loss: 0.8211 - MAX val_ACC: 83.33% val_Loss: 0.7010
Running for fold: 5
fold_path:: /demo/ARN-LSTM/runs/UT-1/ARN-LSTM_outward/fold_5/
> 0: ACC: 89.09% Loss: 0.3020 - MAX val_ACC: 80.00% val_Loss: 0.9272
> 1: ACC: 90.91% Loss: 0.2991 - MAX val_ACC: 80.00% val_Loss: 1.1383
> 2: ACC: 90.91% Loss: 0.3438 - MAX val_ACC: 80.00% val_Loss: 0.8502
> 3: ACC: 96.36% Loss: 0.1563 - MAX val_ACC: 80.00% val_Loss: 1.0732
> 4: ACC: 98.18% Loss: 0.0896 - MAX val_ACC: 80.00% val_Loss: 1.2052
Running for fold: 6
fold_path:: /demo/ARN-LSTM/runs/UT-1/ARN-LSTM_outward/fold_6/
> 0: ACC: 51.85% Loss: 1.0058 - MAX val_ACC: 66.67% val_Loss: 1.0269
> 1: ACC: 50.00% Loss: 1.3000 - MAX val_ACC: 83.33% val_Loss: 1.0720
> 2: ACC: 72.22% Loss: 0.7240 - MAX val_ACC: 83.33% val_Loss: 0.8678
> 3: ACC: 75.93% Loss: 0.7171 - MAX val_ACC: 66.67% val_Loss: 0.8137
> 4: ACC: 87.04% Loss: 0.3668 - MAX val_ACC: 66.67% val_Loss: 0.9432
Running for fold: 7
fold_path:: /demo/ARN-LSTM/runs/UT-1/ARN-LSTM_outward/fold_7/
> 0: ACC: 100.00% Loss: 0.0213 - MAX val_ACC: 71.43% val_Loss: 0.6345
> 1: ACC: 26.42% Loss: 1.8671 - MAX val_ACC: 71.43% val_Loss: 1.5464
> 2: ACC: 88.68% Loss: 0.2381 - MAX val_ACC: 71.43% val_Loss: 0.7548
> 3: ACC: 92.45% Loss: 0.3132 - MAX val_ACC: 71.43% val_Loss: 0.8140
> 4: ACC: 100.00% Loss: 0.0308 - MAX val_ACC: 71.43% val_Loss: 1.3458
Running for fold: 8
fold_path:: /demo/ARN-LSTM/runs/UT-1/ARN-LSTM_outward/fold_8/
> 0: ACC: 92.59% Loss: 0.2828 - MAX val_ACC: 83.33% val_Loss: 0.7649
> 1: ACC: 92.59% Loss: 0.2513 - MAX val_ACC: 83.33% val_Loss: 0.8786
> 2: ACC: 72.22% Loss: 0.6614 - MAX val_ACC: 83.33% val_Loss: 0.7162
> 3: ACC: 88.89% Loss: 0.2618 - MAX val_ACC: 83.33% val_Loss: 1.0398
> 4: ACC: 75.93% Loss: 0.6146 - MAX val_ACC: 83.33% val_Loss: 0.7072
Running for fold: 9
fold_path:: /demo/ARN-LSTM/runs/UT-1/ARN-LSTM_outward/fold_9/
> 0: ACC: 77.78% Loss: 0.6112 - MAX val_ACC: 66.67% val_Loss: 1.0375
> 1: ACC: 74.07% Loss: 0.8285 - MAX val_ACC: 66.67% val_Loss: 1.1522
> 2: ACC: 74.07% Loss: 0.6542 - MAX val_ACC: 66.67% val_Loss: 1.1536
> 3: ACC: 87.04% Loss: 0.4730 - MAX val_ACC: 66.67% val_Loss: 1.1322
> 4: ACC: 50.00% Loss: 1.3342 - MAX val_ACC: 66.67% val_Loss: 1.1617
+++++ Summarized results:

Summary for Dataset, Folds, Experiment:
> UT | [0 1 2 3 4 5 6 7 8 9] | ARN-LSTM_outward
     accuracy   loss val_accuracy val_loss epoch
0      96.30% 0.1307      100.00%   0.2046    98
1      90.74% 0.2366       83.33%   0.6854    60
2      81.48% 0.5297      100.00%   0.2873    52
3     100.00% 0.0374      100.00%   0.1679   127
4      70.37% 0.8211       83.33%   0.7010    35
5      90.91% 0.3438       80.00%   0.8502    62
6      72.22% 0.7240       83.33%   0.8678    34
7     100.00% 0.0213       71.43%   0.6345   107
8      75.93% 0.6146       83.33%   0.7072    43
9      77.78% 0.6112       66.67%   1.0375    41
mean   85.57% 0.4070       85.14%   0.6143    66
std    11.38% 0.2918       11.70%   0.2972    33
Val ACC Mean: 85.14% Std: 0.1170

> Finished Run Protocol - Sat Jan 25 08:43:13 2025
> Starting Run Protocol -  Sat Jan 25 08:43:14 2025
Running for dataset: UT-1
Running for folds: [0 1 2 3 4 5 6 7 8 9]
Experiment name: ARN-LSTM_inward+outward
Experiment folder: /demo/ARN-LSTM/runs/UT-1/ARN-LSTM_inward+outward
Number of reruns per dataset fold: 5
Resuming run protocol...
***** Experiment parameters *****
Configuration file: configs/UT/set_1/ARN-LSTM_inward+outward.cfg
	 Skeleton info
	 > selected_joints: ['Nose', 'Neck', 'MidHip', 'LShoulder', 'LElbow', 'LWrist', 'RShoulder', 'RElbow', 'RWrist', 'LHip', 'LKnee', 'LAnkle', 'RHip', 'RKnee', 'RAnkle']
	 > add_joint_idx: True
	 > add_body_part: True
	 > timesteps: 32
	 > skip_timesteps: None
	 > normalization: None
	 Fusion info
	 > fusion mode: middle
	 > config_filepaths: ['configs/UT/set_1/ARN-LSTM_inward.cfg', 'configs/UT/set_1/ARN-LSTM_outward.cfg']
	 > freeze_g_theta: False
	 > fuse_at_fc1: False
	 > Criteria for weights: val_loss
	 > Using Temporal RN: False
	 Training options
	 > drop_rate: 0.25
	 > epochs: 200
	 > learning_rate: 0.0001
	 > checkpoint_period: 1
	 > Batch Size: 64
	 Evaluation options
	 > Pool average from videos sequences: False
Running for fold: 0
fold_path:: /demo/ARN-LSTM/runs/UT-1/ARN-LSTM_inward+outward/fold_0/
> fold weights filepaths: ['runs/UT-1/ARN-LSTM_inward/fold_0/rerun_3/relnet_weights.hdf5', 'runs/UT-1/ARN-LSTM_outward/fold_0/rerun_0/relnet_weights.hdf5']
> 0: ACC: 100.00% Loss: 0.0584 - MAX val_ACC: 83.33% val_Loss: 0.3247
> 1: ACC: 100.00% Loss: 0.0067 - MAX val_ACC: 100.00% val_Loss: 0.2011
> 2: ACC: 100.00% Loss: 0.0011 - MAX val_ACC: 100.00% val_Loss: 0.0718
> 3: ACC: 100.00% Loss: 0.0265 - MAX val_ACC: 83.33% val_Loss: 0.3498
> 4: ACC: 100.00% Loss: 0.0021 - MAX val_ACC: 100.00% val_Loss: 0.0916
Running for fold: 1
fold_path:: /demo/ARN-LSTM/runs/UT-1/ARN-LSTM_inward+outward/fold_1/
> fold weights filepaths: ['runs/UT-1/ARN-LSTM_inward/fold_1/rerun_2/relnet_weights.hdf5', 'runs/UT-1/ARN-LSTM_outward/fold_1/rerun_0/relnet_weights.hdf5']
> 0: ACC: 98.15% Loss: 0.1454 - MAX val_ACC: 83.33% val_Loss: 1.0271
> 1: ACC: 94.44% Loss: 0.2210 - MAX val_ACC: 83.33% val_Loss: 1.1722
> 2: ACC: 88.89% Loss: 0.3887 - MAX val_ACC: 83.33% val_Loss: 1.0252
> 3: ACC: 98.15% Loss: 0.1336 - MAX val_ACC: 83.33% val_Loss: 1.1845
> 4: ACC: 92.59% Loss: 0.3599 - MAX val_ACC: 83.33% val_Loss: 1.0603
Running for fold: 2
fold_path:: /demo/ARN-LSTM/runs/UT-1/ARN-LSTM_inward+outward/fold_2/
> fold weights filepaths: ['runs/UT-1/ARN-LSTM_inward/fold_2/rerun_2/relnet_weights.hdf5', 'runs/UT-1/ARN-LSTM_outward/fold_2/rerun_2/relnet_weights.hdf5']
> 0: ACC: 96.30% Loss: 0.1753 - MAX val_ACC: 83.33% val_Loss: 0.3445
> 1: ACC: 92.59% Loss: 0.3197 - MAX val_ACC: 83.33% val_Loss: 0.5122
> 2: ACC: 92.59% Loss: 0.2845 - MAX val_ACC: 100.00% val_Loss: 0.3129
> 3: ACC: 85.19% Loss: 0.3839 - MAX val_ACC: 83.33% val_Loss: 0.6064
> 4: ACC: 90.74% Loss: 0.3034 - MAX val_ACC: 83.33% val_Loss: 0.4500
Running for fold: 3
fold_path:: /demo/ARN-LSTM/runs/UT-1/ARN-LSTM_inward+outward/fold_3/
> fold weights filepaths: ['runs/UT-1/ARN-LSTM_inward/fold_3/rerun_4/relnet_weights.hdf5', 'runs/UT-1/ARN-LSTM_outward/fold_3/rerun_4/relnet_weights.hdf5']
> 0: ACC: 100.00% Loss: 0.0097 - MAX val_ACC: 83.33% val_Loss: 0.5025
> 1: ACC: 100.00% Loss: 0.0138 - MAX val_ACC: 100.00% val_Loss: 0.3300
> 2: ACC: 100.00% Loss: 0.0368 - MAX val_ACC: 83.33% val_Loss: 0.3196
> 3: ACC: 100.00% Loss: 0.0010 - MAX val_ACC: 100.00% val_Loss: 0.3731
> 4: ACC: 100.00% Loss: 0.0231 - MAX val_ACC: 83.33% val_Loss: 0.6408
Running for fold: 4
fold_path:: /demo/ARN-LSTM/runs/UT-1/ARN-LSTM_inward+outward/fold_4/
> fold weights filepaths: ['runs/UT-1/ARN-LSTM_inward/fold_4/rerun_0/relnet_weights.hdf5', 'runs/UT-1/ARN-LSTM_outward/fold_4/rerun_0/relnet_weights.hdf5']
> 0: ACC: 74.07% Loss: 0.7815 - MAX val_ACC: 83.33% val_Loss: 0.9136
> 1: ACC: 92.59% Loss: 0.3828 - MAX val_ACC: 100.00% val_Loss: 0.6150
> 2: ACC: 83.33% Loss: 0.5225 - MAX val_ACC: 100.00% val_Loss: 0.5317
> 3: ACC: 88.89% Loss: 0.4181 - MAX val_ACC: 83.33% val_Loss: 0.5714
> 4: ACC: 87.04% Loss: 0.3837 - MAX val_ACC: 66.67% val_Loss: 0.8992
Running for fold: 5
fold_path:: /demo/ARN-LSTM/runs/UT-1/ARN-LSTM_inward+outward/fold_5/
> fold weights filepaths: ['runs/UT-1/ARN-LSTM_inward/fold_5/rerun_0/relnet_weights.hdf5', 'runs/UT-1/ARN-LSTM_outward/fold_5/rerun_2/relnet_weights.hdf5']
> 0: ACC: 100.00% Loss: 0.0009 - MAX val_ACC: 80.00% val_Loss: 0.5715
> 1: ACC: 74.55% Loss: 0.7796 - MAX val_ACC: 80.00% val_Loss: 1.0818
> 2: ACC: 92.73% Loss: 0.4159 - MAX val_ACC: 80.00% val_Loss: 0.7978
> 3: ACC: 98.18% Loss: 0.0895 - MAX val_ACC: 80.00% val_Loss: 0.6511
> 4: ACC: 100.00% Loss: 0.0020 - MAX val_ACC: 60.00% val_Loss: 0.5746
Running for fold: 6
fold_path:: /demo/ARN-LSTM/runs/UT-1/ARN-LSTM_inward+outward/fold_6/
> fold weights filepaths: ['runs/UT-1/ARN-LSTM_inward/fold_6/rerun_3/relnet_weights.hdf5', 'runs/UT-1/ARN-LSTM_outward/fold_6/rerun_3/relnet_weights.hdf5']
> 0: ACC: 83.33% Loss: 0.4881 - MAX val_ACC: 66.67% val_Loss: 0.7962
> 1: ACC: 90.74% Loss: 0.3330 - MAX val_ACC: 83.33% val_Loss: 0.7054
> 2: ACC: 88.89% Loss: 0.5726 - MAX val_ACC: 83.33% val_Loss: 1.0373
> 3: ACC: 81.48% Loss: 0.4778 - MAX val_ACC: 66.67% val_Loss: 0.9900
> 4: ACC: 87.04% Loss: 0.2716 - MAX val_ACC: 66.67% val_Loss: 0.7057
Running for fold: 7
fold_path:: /demo/ARN-LSTM/runs/UT-1/ARN-LSTM_inward+outward/fold_7/
> fold weights filepaths: ['runs/UT-1/ARN-LSTM_inward/fold_7/rerun_3/relnet_weights.hdf5', 'runs/UT-1/ARN-LSTM_outward/fold_7/rerun_0/relnet_weights.hdf5']
> 0: ACC: 94.34% Loss: 0.3572 - MAX val_ACC: 85.71% val_Loss: 0.8617
> 1: ACC: 100.00% Loss: 0.1066 - MAX val_ACC: 71.43% val_Loss: 0.8650
> 2: ACC: 96.23% Loss: 0.3824 - MAX val_ACC: 100.00% val_Loss: 0.5617
> 3: ACC: 98.11% Loss: 0.1197 - MAX val_ACC: 85.71% val_Loss: 0.5208
> 4: ACC: 98.11% Loss: 0.2328 - MAX val_ACC: 71.43% val_Loss: 0.6706
Running for fold: 8
fold_path:: /demo/ARN-LSTM/runs/UT-1/ARN-LSTM_inward+outward/fold_8/
> fold weights filepaths: ['runs/UT-1/ARN-LSTM_inward/fold_8/rerun_0/relnet_weights.hdf5', 'runs/UT-1/ARN-LSTM_outward/fold_8/rerun_4/relnet_weights.hdf5']
> 0: ACC: 94.44% Loss: 0.3333 - MAX val_ACC: 83.33% val_Loss: 0.7529
> 1: ACC: 92.59% Loss: 0.2947 - MAX val_ACC: 83.33% val_Loss: 0.8061
> 2: ACC: 100.00% Loss: 0.0958 - MAX val_ACC: 83.33% val_Loss: 1.0469
> 3: ACC: 88.89% Loss: 0.4824 - MAX val_ACC: 83.33% val_Loss: 0.9415
> 4: ACC: 85.19% Loss: 0.3701 - MAX val_ACC: 83.33% val_Loss: 0.8412
Running for fold: 9
fold_path:: /demo/ARN-LSTM/runs/UT-1/ARN-LSTM_inward+outward/fold_9/
> fold weights filepaths: ['runs/UT-1/ARN-LSTM_inward/fold_9/rerun_4/relnet_weights.hdf5', 'runs/UT-1/ARN-LSTM_outward/fold_9/rerun_4/relnet_weights.hdf5']
> 0: ACC: 90.74% Loss: 0.5308 - MAX val_ACC: 66.67% val_Loss: 0.9365
> 1: ACC: 87.04% Loss: 0.5580 - MAX val_ACC: 66.67% val_Loss: 0.8341
> 2: ACC: 92.59% Loss: 0.5203 - MAX val_ACC: 50.00% val_Loss: 1.0250
> 3: ACC: 75.93% Loss: 0.7416 - MAX val_ACC: 66.67% val_Loss: 1.0952
> 4: ACC: 74.07% Loss: 0.6739 - MAX val_ACC: 66.67% val_Loss: 0.9230
+++++ Summarized results:

Summary for Dataset, Folds, Experiment:
> UT | [0 1 2 3 4 5 6 7 8 9] | ARN-LSTM_inward+outward
     accuracy   loss val_accuracy val_loss epoch
0     100.00% 0.0011      100.00%   0.0718   110
1      88.89% 0.3887       83.33%   1.0252    13
2      92.59% 0.2845      100.00%   0.3129    29
3     100.00% 0.0138      100.00%   0.3300    37
4      83.33% 0.5225      100.00%   0.5317    11
5     100.00% 0.0009       80.00%   0.5715   120
6      90.74% 0.3330       83.33%   0.7054    16
7      96.23% 0.3824      100.00%   0.5617    11
8      94.44% 0.3333       83.33%   0.7529    16
9      87.04% 0.5580       66.67%   0.8341    17
mean   93.33% 0.2818       89.67%   0.5697    38
std     5.87% 0.2083       11.91%   0.2793    41
Val ACC Mean: 89.67% Std: 0.1191

> Finished Run Protocol - Sat Jan 25 08:43:14 2025
> Starting Run Protocol -  Sat Jan 25 08:43:15 2025
Running for dataset: UT-1
Running for folds: [0 1 2 3 4 5 6 7 8 9]
Experiment name: ARN-LSTM-fc1_inward+outward
Experiment folder: /demo/ARN-LSTM/runs/UT-1/ARN-LSTM-fc1_inward+outward
Number of reruns per dataset fold: 5
Resuming run protocol...
***** Experiment parameters *****
Configuration file: configs/UT/set_1/ARN-LSTM-fc1_inward+outward.cfg
	 Skeleton info
	 > selected_joints: ['Nose', 'Neck', 'MidHip', 'LShoulder', 'LElbow', 'LWrist', 'RShoulder', 'RElbow', 'RWrist', 'LHip', 'LKnee', 'LAnkle', 'RHip', 'RKnee', 'RAnkle']
	 > add_joint_idx: True
	 > add_body_part: True
	 > timesteps: 32
	 > skip_timesteps: None
	 > normalization: None
	 Fusion info
	 > fusion mode: middle
	 > config_filepaths: ['configs/UT/set_1/ARN-LSTM_inward.cfg', 'configs/UT/set_1/ARN-LSTM_outward.cfg']
	 > freeze_g_theta: False
	 > fuse_at_fc1: True
	 > Criteria for weights: val_loss
	 > Using Temporal RN: False
	 Training options
	 > drop_rate: 0.25
	 > epochs: 120
	 > learning_rate: 0.0001
	 > checkpoint_period: 1
	 > Batch Size: 64
	 Evaluation options
	 > Pool average from videos sequences: False
Running for fold: 0
fold_path:: /demo/ARN-LSTM/runs/UT-1/ARN-LSTM-fc1_inward+outward/fold_0/
> fold weights filepaths: ['runs/UT-1/ARN-LSTM_inward/fold_0/rerun_3/relnet_weights.hdf5', 'runs/UT-1/ARN-LSTM_outward/fold_0/rerun_0/relnet_weights.hdf5']
> 0: ACC: 100.00% Loss: 0.0005 - MAX val_ACC: 100.00% val_Loss: 0.0450
> 1: ACC: 100.00% Loss: 0.0008 - MAX val_ACC: 100.00% val_Loss: 0.0054
> 2: ACC: 100.00% Loss: 0.0013 - MAX val_ACC: 100.00% val_Loss: 0.2198
> 3: ACC: 100.00% Loss: 0.0010 - MAX val_ACC: 100.00% val_Loss: 0.1146
> 4: ACC: 96.30% Loss: 0.2549 - MAX val_ACC: 100.00% val_Loss: 0.4240
Running for fold: 1
fold_path:: /demo/ARN-LSTM/runs/UT-1/ARN-LSTM-fc1_inward+outward/fold_1/
> fold weights filepaths: ['runs/UT-1/ARN-LSTM_inward/fold_1/rerun_2/relnet_weights.hdf5', 'runs/UT-1/ARN-LSTM_outward/fold_1/rerun_0/relnet_weights.hdf5']
> 0: ACC: 94.44% Loss: 0.2195 - MAX val_ACC: 83.33% val_Loss: 0.8753
> 1: ACC: 98.15% Loss: 0.1308 - MAX val_ACC: 83.33% val_Loss: 1.0943
> 2: ACC: 96.30% Loss: 0.2082 - MAX val_ACC: 83.33% val_Loss: 1.1847
> 3: ACC: 98.15% Loss: 0.1809 - MAX val_ACC: 83.33% val_Loss: 1.1005
> 4: ACC: 83.33% Loss: 0.5724 - MAX val_ACC: 83.33% val_Loss: 1.2103
Running for fold: 2
fold_path:: /demo/ARN-LSTM/runs/UT-1/ARN-LSTM-fc1_inward+outward/fold_2/
> fold weights filepaths: ['runs/UT-1/ARN-LSTM_inward/fold_2/rerun_2/relnet_weights.hdf5', 'runs/UT-1/ARN-LSTM_outward/fold_2/rerun_2/relnet_weights.hdf5']
> 0: ACC: 96.30% Loss: 0.1753 - MAX val_ACC: 100.00% val_Loss: 0.2190
> 1: ACC: 98.15% Loss: 0.1365 - MAX val_ACC: 100.00% val_Loss: 0.2734
> 2: ACC: 100.00% Loss: 0.0084 - MAX val_ACC: 100.00% val_Loss: 0.2056
> 3: ACC: 79.63% Loss: 0.7501 - MAX val_ACC: 100.00% val_Loss: 0.6377
> 4: ACC: 96.30% Loss: 0.1661 - MAX val_ACC: 100.00% val_Loss: 0.2632
Running for fold: 3
fold_path:: /demo/ARN-LSTM/runs/UT-1/ARN-LSTM-fc1_inward+outward/fold_3/
> fold weights filepaths: ['runs/UT-1/ARN-LSTM_inward/fold_3/rerun_4/relnet_weights.hdf5', 'runs/UT-1/ARN-LSTM_outward/fold_3/rerun_4/relnet_weights.hdf5']
> 0: ACC: 100.00% Loss: 0.0047 - MAX val_ACC: 100.00% val_Loss: 0.2727
> 1: ACC: 100.00% Loss: 0.0041 - MAX val_ACC: 83.33% val_Loss: 0.4420
> 2: ACC: 98.15% Loss: 0.2841 - MAX val_ACC: 100.00% val_Loss: 0.5077
> 3: ACC: 100.00% Loss: 0.0006 - MAX val_ACC: 83.33% val_Loss: 0.3691
> 4: ACC: 100.00% Loss: 0.0446 - MAX val_ACC: 83.33% val_Loss: 0.5898
Running for fold: 4
fold_path:: /demo/ARN-LSTM/runs/UT-1/ARN-LSTM-fc1_inward+outward/fold_4/
> fold weights filepaths: ['runs/UT-1/ARN-LSTM_inward/fold_4/rerun_0/relnet_weights.hdf5', 'runs/UT-1/ARN-LSTM_outward/fold_4/rerun_0/relnet_weights.hdf5']
> 0: ACC: 100.00% Loss: 0.0701 - MAX val_ACC: 83.33% val_Loss: 0.5885
> 1: ACC: 88.89% Loss: 0.5782 - MAX val_ACC: 66.67% val_Loss: 0.8187
> 2: ACC: 83.33% Loss: 0.5386 - MAX val_ACC: 83.33% val_Loss: 0.5599
> 3: ACC: 81.48% Loss: 0.4318 - MAX val_ACC: 83.33% val_Loss: 0.5253
> 4: ACC: 100.00% Loss: 0.1163 - MAX val_ACC: 66.67% val_Loss: 0.7741
Running for fold: 5
fold_path:: /demo/ARN-LSTM/runs/UT-1/ARN-LSTM-fc1_inward+outward/fold_5/
> fold weights filepaths: ['runs/UT-1/ARN-LSTM_inward/fold_5/rerun_0/relnet_weights.hdf5', 'runs/UT-1/ARN-LSTM_outward/fold_5/rerun_2/relnet_weights.hdf5']
> 0: ACC: 56.36% Loss: 1.2378 - MAX val_ACC: 100.00% val_Loss: 1.1964
> 1: ACC: 90.91% Loss: 0.3791 - MAX val_ACC: 80.00% val_Loss: 0.6262
> 2: ACC: 96.36% Loss: 0.1905 - MAX val_ACC: 80.00% val_Loss: 1.0082
> 3: ACC: 100.00% Loss: 0.0008 - MAX val_ACC: 80.00% val_Loss: 0.4292
> 4: ACC: 83.64% Loss: 0.6131 - MAX val_ACC: 60.00% val_Loss: 0.7934
Running for fold: 6
fold_path:: /demo/ARN-LSTM/runs/UT-1/ARN-LSTM-fc1_inward+outward/fold_6/
> fold weights filepaths: ['runs/UT-1/ARN-LSTM_inward/fold_6/rerun_3/relnet_weights.hdf5', 'runs/UT-1/ARN-LSTM_outward/fold_6/rerun_3/relnet_weights.hdf5']
> 0: ACC: 92.59% Loss: 0.4186 - MAX val_ACC: 66.67% val_Loss: 0.7732
> 1: ACC: 50.00% Loss: 1.2914 - MAX val_ACC: 83.33% val_Loss: 1.0470
> 2: ACC: 88.89% Loss: 0.2379 - MAX val_ACC: 66.67% val_Loss: 0.9324
> 3: ACC: 79.63% Loss: 0.8438 - MAX val_ACC: 66.67% val_Loss: 1.1126
> 4: ACC: 94.44% Loss: 0.3232 - MAX val_ACC: 66.67% val_Loss: 0.8571
Running for fold: 7
fold_path:: /demo/ARN-LSTM/runs/UT-1/ARN-LSTM-fc1_inward+outward/fold_7/
> fold weights filepaths: ['runs/UT-1/ARN-LSTM_inward/fold_7/rerun_3/relnet_weights.hdf5', 'runs/UT-1/ARN-LSTM_outward/fold_7/rerun_0/relnet_weights.hdf5']
> 0: ACC: 98.11% Loss: 0.3455 - MAX val_ACC: 71.43% val_Loss: 0.7550
> 1: ACC: 94.34% Loss: 0.2291 - MAX val_ACC: 71.43% val_Loss: 0.5958
> 2: ACC: 88.68% Loss: 0.5076 - MAX val_ACC: 85.71% val_Loss: 0.6853
> 3: ACC: 98.11% Loss: 0.1737 - MAX val_ACC: 71.43% val_Loss: 0.6128
> 4: ACC: 77.36% Loss: 0.6941 - MAX val_ACC: 85.71% val_Loss: 0.7767
Running for fold: 8
fold_path:: /demo/ARN-LSTM/runs/UT-1/ARN-LSTM-fc1_inward+outward/fold_8/
> fold weights filepaths: ['runs/UT-1/ARN-LSTM_inward/fold_8/rerun_0/relnet_weights.hdf5', 'runs/UT-1/ARN-LSTM_outward/fold_8/rerun_4/relnet_weights.hdf5']
> 0: ACC: 98.15% Loss: 0.0790 - MAX val_ACC: 83.33% val_Loss: 0.7493
> 1: ACC: 92.59% Loss: 0.2364 - MAX val_ACC: 83.33% val_Loss: 0.6720
> 2: ACC: 83.33% Loss: 0.5846 - MAX val_ACC: 83.33% val_Loss: 0.7328
> 3: ACC: 87.04% Loss: 0.3328 - MAX val_ACC: 66.67% val_Loss: 0.8658
> 4: ACC: 81.48% Loss: 0.5477 - MAX val_ACC: 83.33% val_Loss: 0.7430
Running for fold: 9
fold_path:: /demo/ARN-LSTM/runs/UT-1/ARN-LSTM-fc1_inward+outward/fold_9/
> fold weights filepaths: ['runs/UT-1/ARN-LSTM_inward/fold_9/rerun_4/relnet_weights.hdf5', 'runs/UT-1/ARN-LSTM_outward/fold_9/rerun_4/relnet_weights.hdf5']
> 0: ACC: 88.89% Loss: 0.6386 - MAX val_ACC: 66.67% val_Loss: 0.9194
> 1: ACC: 88.89% Loss: 0.6799 - MAX val_ACC: 66.67% val_Loss: 1.0270
> 2: ACC: 74.07% Loss: 0.5807 - MAX val_ACC: 66.67% val_Loss: 0.9327
> 3: ACC: 85.19% Loss: 0.4555 - MAX val_ACC: 66.67% val_Loss: 0.9630
> 4: ACC: 70.37% Loss: 0.8765 - MAX val_ACC: 66.67% val_Loss: 1.1300
+++++ Summarized results:

Summary for Dataset, Folds, Experiment:
> UT | [0 1 2 3 4 5 6 7 8 9] | ARN-LSTM-fc1_inward+outward
     accuracy   loss val_accuracy val_loss epoch
0     100.00% 0.0008      100.00%   0.0054   113
1      94.44% 0.2195       83.33%   0.8753    20
2     100.00% 0.0084      100.00%   0.2056    61
3     100.00% 0.0047      100.00%   0.2727    49
4      81.48% 0.4318       83.33%   0.5253    17
5      56.36% 1.2378      100.00%   1.1964     6
6      50.00% 1.2914       83.33%   1.0470     5
7      88.68% 0.5076       85.71%   0.6853     8
8      92.59% 0.2364       83.33%   0.6720    20
9      88.89% 0.6386       66.67%   0.9194    12
mean   85.25% 0.4577       88.57%   0.6404    31
std    17.97% 0.4785       11.16%   0.3875    34
Val ACC Mean: 88.57% Std: 0.1116

> Finished Run Protocol - Sat Jan 25 08:43:16 2025
> Starting Run Protocol -  Sat Jan 25 08:43:17 2025
Running for dataset: UT-2
Running for folds: [10 11 12 13 14 15 16 17 18 19]
Experiment name: ARN-LSTM_inward
Experiment folder: /demo/ARN-LSTM/runs/UT-2/ARN-LSTM_inward
Number of reruns per dataset fold: 5
Resuming run protocol...
***** Experiment parameters *****
Configuration file: configs/UT/set_2/ARN-LSTM_inward.cfg
	 Skeleton info
	 > selected_joints: ['Nose', 'Neck', 'MidHip', 'LShoulder', 'LElbow', 'LWrist', 'RShoulder', 'RElbow', 'RWrist', 'LHip', 'LKnee', 'LAnkle', 'RHip', 'RKnee', 'RAnkle']
	 > add_joint_idx: True
	 > add_body_part: True
	 > timesteps: 32
	 > skip_timesteps: None
	 > normalization: None
	 Model info
	 > rel_type: inter
	 > fuse_type: None
	 > compute_distance: True
	 > compute_motion: True
	 > Using Temporal RN: False
	 Training options
	 > drop_rate: 0.25
	 > kernel_init_type: TruncatedNormal
	 > kernel_init_param: 0.045
	 > epochs: 200
	 > learning_rate: 0.0001
	 > checkpoint_period: 1
	 > Batch Size: 64
	 Evaluation options
	 > Pool average from videos sequences: False
Running for fold: 10
fold_path:: /demo/ARN-LSTM/runs/UT-2/ARN-LSTM_inward/fold_10/
> 0: ACC: 94.44% Loss: 0.2922 - MAX val_ACC: 66.67% val_Loss: 1.0691
> 1: ACC: 51.85% Loss: 1.1075 - MAX val_ACC: 66.67% val_Loss: 1.1494
> 2: ACC: 51.85% Loss: 1.1548 - MAX val_ACC: 66.67% val_Loss: 1.1421
> 3: ACC: 98.15% Loss: 0.0942 - MAX val_ACC: 83.33% val_Loss: 1.3244
> 4: ACC: 57.41% Loss: 1.0585 - MAX val_ACC: 66.67% val_Loss: 1.1054
Running for fold: 11
fold_path:: /demo/ARN-LSTM/runs/UT-2/ARN-LSTM_inward/fold_11/
> 0: ACC: 100.00% Loss: 0.0127 - MAX val_ACC: 83.33% val_Loss: 1.5712
> 1: ACC: 77.78% Loss: 0.7032 - MAX val_ACC: 66.67% val_Loss: 1.0100
> 2: ACC: 61.11% Loss: 0.9339 - MAX val_ACC: 66.67% val_Loss: 1.1733
> 3: ACC: 98.15% Loss: 0.0933 - MAX val_ACC: 83.33% val_Loss: 1.3384
> 4: ACC: 88.89% Loss: 0.4904 - MAX val_ACC: 66.67% val_Loss: 1.1908
Running for fold: 12
fold_path:: /demo/ARN-LSTM/runs/UT-2/ARN-LSTM_inward/fold_12/
> 0: ACC: 96.30% Loss: 0.1114 - MAX val_ACC: 83.33% val_Loss: 0.6806
> 1: ACC: 98.15% Loss: 0.1071 - MAX val_ACC: 83.33% val_Loss: 0.6614
> 2: ACC: 98.15% Loss: 0.0876 - MAX val_ACC: 66.67% val_Loss: 0.9019
> 3: ACC: 94.44% Loss: 0.0943 - MAX val_ACC: 83.33% val_Loss: 0.5225
> 4: ACC: 100.00% Loss: 0.0178 - MAX val_ACC: 83.33% val_Loss: 0.8677
Running for fold: 13
fold_path:: /demo/ARN-LSTM/runs/UT-2/ARN-LSTM_inward/fold_13/
> 0: ACC: 100.00% Loss: 0.0039 - MAX val_ACC: 100.00% val_Loss: 0.1775
> 1: ACC: 72.22% Loss: 0.7556 - MAX val_ACC: 83.33% val_Loss: 0.6585
> 2: ACC: 90.74% Loss: 0.3188 - MAX val_ACC: 83.33% val_Loss: 0.4841
> 3: ACC: 100.00% Loss: 0.0170 - MAX val_ACC: 100.00% val_Loss: 0.1621
> 4: ACC: 96.30% Loss: 0.1655 - MAX val_ACC: 83.33% val_Loss: 0.3190
Running for fold: 14
fold_path:: /demo/ARN-LSTM/runs/UT-2/ARN-LSTM_inward/fold_14/
> 0: ACC: 100.00% Loss: 0.0883 - MAX val_ACC: 66.67% val_Loss: 0.7356
> 1: ACC: 90.74% Loss: 0.3972 - MAX val_ACC: 83.33% val_Loss: 0.5775
> 2: ACC: 72.22% Loss: 0.7148 - MAX val_ACC: 66.67% val_Loss: 0.9025
> 3: ACC: 87.04% Loss: 0.3801 - MAX val_ACC: 66.67% val_Loss: 0.7060
> 4: ACC: 66.67% Loss: 0.8343 - MAX val_ACC: 66.67% val_Loss: 0.8847
Running for fold: 15
fold_path:: /demo/ARN-LSTM/runs/UT-2/ARN-LSTM_inward/fold_15/
> 0: ACC: 57.41% Loss: 1.2391 - MAX val_ACC: 83.33% val_Loss: 1.1350
> 1: ACC: 50.00% Loss: 1.1569 - MAX val_ACC: 83.33% val_Loss: 1.0552
> 2: ACC: 68.52% Loss: 0.9127 - MAX val_ACC: 66.67% val_Loss: 0.9893
> 3: ACC: 83.33% Loss: 0.4804 - MAX val_ACC: 66.67% val_Loss: 0.9514
> 4: ACC: 75.93% Loss: 0.6040 - MAX val_ACC: 66.67% val_Loss: 0.7732
Running for fold: 16
fold_path:: /demo/ARN-LSTM/runs/UT-2/ARN-LSTM_inward/fold_16/
> 0: ACC: 100.00% Loss: 0.0060 - MAX val_ACC: 100.00% val_Loss: 0.3943
> 1: ACC: 100.00% Loss: 0.0054 - MAX val_ACC: 100.00% val_Loss: 0.1434
> 2: ACC: 100.00% Loss: 0.0049 - MAX val_ACC: 100.00% val_Loss: 0.2227
> 3: ACC: 100.00% Loss: 0.0183 - MAX val_ACC: 100.00% val_Loss: 0.1338
> 4: ACC: 100.00% Loss: 0.0061 - MAX val_ACC: 100.00% val_Loss: 0.0804
Running for fold: 17
fold_path:: /demo/ARN-LSTM/runs/UT-2/ARN-LSTM_inward/fold_17/
> 0: ACC: 85.19% Loss: 0.4908 - MAX val_ACC: 66.67% val_Loss: 1.3261
> 1: ACC: 59.26% Loss: 0.8426 - MAX val_ACC: 66.67% val_Loss: 0.9436
> 2: ACC: 100.00% Loss: 0.2396 - MAX val_ACC: 83.33% val_Loss: 0.8803
> 3: ACC: 88.89% Loss: 0.4371 - MAX val_ACC: 66.67% val_Loss: 0.8686
> 4: ACC: 79.63% Loss: 0.5399 - MAX val_ACC: 66.67% val_Loss: 0.9970
Running for fold: 18
fold_path:: /demo/ARN-LSTM/runs/UT-2/ARN-LSTM_inward/fold_18/
> 0: ACC: 81.48% Loss: 0.4998 - MAX val_ACC: 66.67% val_Loss: 2.0077
> 1: ACC: 66.67% Loss: 0.9676 - MAX val_ACC: 66.67% val_Loss: 2.2124
> 2: ACC: 51.85% Loss: 1.2865 - MAX val_ACC: 66.67% val_Loss: 1.4933
> 3: ACC: 74.07% Loss: 0.7305 - MAX val_ACC: 66.67% val_Loss: 2.0787
> 4: ACC: 75.93% Loss: 0.5894 - MAX val_ACC: 66.67% val_Loss: 2.2101
Running for fold: 19
fold_path:: /demo/ARN-LSTM/runs/UT-2/ARN-LSTM_inward/fold_19/
> 0: ACC: 94.44% Loss: 0.3168 - MAX val_ACC: 66.67% val_Loss: 0.9833
> 1: ACC: 100.00% Loss: 0.0167 - MAX val_ACC: 66.67% val_Loss: 0.9659
> 2: ACC: 96.30% Loss: 0.1571 - MAX val_ACC: 66.67% val_Loss: 1.0513
> 3: ACC: 85.19% Loss: 0.5141 - MAX val_ACC: 66.67% val_Loss: 1.0265
> 4: ACC: 94.44% Loss: 0.2724 - MAX val_ACC: 66.67% val_Loss: 1.0238
+++++ Summarized results:

Summary for Dataset, Folds, Experiment:
> UT | [10 11 12 13 14 15 16 17 18 19] | ARN-LSTM_inward
     accuracy   loss val_accuracy val_loss epoch
0      98.15% 0.0942       83.33%   1.3244    78
1      98.15% 0.0933       83.33%   1.3384    73
2      94.44% 0.0943       83.33%   0.5225    90
3     100.00% 0.0170      100.00%   0.1621   139
4      90.74% 0.3972       83.33%   0.5775    49
5      50.00% 1.1569       83.33%   1.0552    20
6     100.00% 0.0061      100.00%   0.0804   149
7     100.00% 0.2396       83.33%   0.8803    70
8      51.85% 1.2865       66.67%   1.4933    15
9     100.00% 0.0167       66.67%   0.9659   112
mean   88.33% 0.3402       83.33%   0.8400    80
std    19.95% 0.4806       11.11%   0.4922    45
Val ACC Mean: 83.33% Std: 0.1111

> Finished Run Protocol - Sat Jan 25 08:43:17 2025
> Starting Run Protocol -  Sat Jan 25 08:43:18 2025
Running for dataset: UT-2
Running for folds: [10 11 12 13 14 15 16 17 18 19]
Experiment name: ARN-LSTM_outward
Experiment folder: /demo/ARN-LSTM/runs/UT-2/ARN-LSTM_outward
Number of reruns per dataset fold: 5
Resuming run protocol...
***** Experiment parameters *****
Configuration file: configs/UT/set_2/ARN-LSTM_outward.cfg
	 Skeleton info
	 > selected_joints: ['Nose', 'Neck', 'MidHip', 'LShoulder', 'LElbow', 'LWrist', 'RShoulder', 'RElbow', 'RWrist', 'LHip', 'LKnee', 'LAnkle', 'RHip', 'RKnee', 'RAnkle']
	 > add_joint_idx: True
	 > add_body_part: True
	 > timesteps: 32
	 > skip_timesteps: None
	 > normalization: None
	 Model info
	 > rel_type: indivs
	 > fuse_type: None
	 > compute_distance: True
	 > compute_motion: True
	 > Using Temporal RN: False
	 Training options
	 > drop_rate: 0.25
	 > kernel_init_type: TruncatedNormal
	 > kernel_init_param: 0.045
	 > epochs: 200
	 > learning_rate: 0.0001
	 > checkpoint_period: 1
	 > Batch Size: 64
	 Evaluation options
	 > Pool average from videos sequences: False
Running for fold: 10
fold_path:: /demo/ARN-LSTM/runs/UT-2/ARN-LSTM_outward/fold_10/
> 0: ACC: 96.30% Loss: 0.1806 - MAX val_ACC: 66.67% val_Loss: 0.9150
> 1: ACC: 79.63% Loss: 0.6216 - MAX val_ACC: 66.67% val_Loss: 0.9151
> 2: ACC: 90.74% Loss: 0.2240 - MAX val_ACC: 83.33% val_Loss: 1.3892
> 3: ACC: 64.81% Loss: 1.2503 - MAX val_ACC: 83.33% val_Loss: 0.8411
> 4: ACC: 48.15% Loss: 1.4279 - MAX val_ACC: 83.33% val_Loss: 1.3154
Running for fold: 11
fold_path:: /demo/ARN-LSTM/runs/UT-2/ARN-LSTM_outward/fold_11/
> 0: ACC: 64.81% Loss: 0.8356 - MAX val_ACC: 83.33% val_Loss: 0.9967
> 1: ACC: 94.44% Loss: 0.3393 - MAX val_ACC: 66.67% val_Loss: 1.1249
> 2: ACC: 68.52% Loss: 0.8242 - MAX val_ACC: 83.33% val_Loss: 0.9442
> 3: ACC: 94.44% Loss: 0.3124 - MAX val_ACC: 100.00% val_Loss: 0.7031
> 4: ACC: 79.63% Loss: 0.6084 - MAX val_ACC: 66.67% val_Loss: 0.9086
Running for fold: 12
fold_path:: /demo/ARN-LSTM/runs/UT-2/ARN-LSTM_outward/fold_12/
> 0: ACC: 75.93% Loss: 0.7223 - MAX val_ACC: 83.33% val_Loss: 1.3510
> 1: ACC: 66.67% Loss: 0.9537 - MAX val_ACC: 66.67% val_Loss: 1.2442
> 2: ACC: 77.78% Loss: 0.6416 - MAX val_ACC: 83.33% val_Loss: 1.2751
> 3: ACC: 31.48% Loss: 1.6063 - MAX val_ACC: 83.33% val_Loss: 1.0623
> 4: ACC: 66.67% Loss: 1.0373 - MAX val_ACC: 66.67% val_Loss: 1.2028
Running for fold: 13
fold_path:: /demo/ARN-LSTM/runs/UT-2/ARN-LSTM_outward/fold_13/
> 0: ACC: 75.93% Loss: 0.5826 - MAX val_ACC: 83.33% val_Loss: 0.7921
> 1: ACC: 83.33% Loss: 0.4924 - MAX val_ACC: 83.33% val_Loss: 0.4786
> 2: ACC: 94.44% Loss: 0.3262 - MAX val_ACC: 83.33% val_Loss: 0.4472
> 3: ACC: 87.04% Loss: 0.3420 - MAX val_ACC: 83.33% val_Loss: 0.4541
> 4: ACC: 87.04% Loss: 0.4330 - MAX val_ACC: 83.33% val_Loss: 0.6871
Running for fold: 14
fold_path:: /demo/ARN-LSTM/runs/UT-2/ARN-LSTM_outward/fold_14/
> 0: ACC: 77.78% Loss: 0.6072 - MAX val_ACC: 66.67% val_Loss: 0.8047
> 1: ACC: 44.44% Loss: 1.3400 - MAX val_ACC: 83.33% val_Loss: 1.0713
> 2: ACC: 59.26% Loss: 1.1599 - MAX val_ACC: 66.67% val_Loss: 0.9494
> 3: ACC: 75.93% Loss: 0.5777 - MAX val_ACC: 66.67% val_Loss: 0.9764
> 4: ACC: 90.74% Loss: 0.2332 - MAX val_ACC: 66.67% val_Loss: 1.1113
Running for fold: 15
fold_path:: /demo/ARN-LSTM/runs/UT-2/ARN-LSTM_outward/fold_15/
> 0: ACC: 62.96% Loss: 0.9751 - MAX val_ACC: 50.00% val_Loss: 0.9408
> 1: ACC: 68.52% Loss: 0.7373 - MAX val_ACC: 66.67% val_Loss: 0.7727
> 2: ACC: 62.96% Loss: 0.9626 - MAX val_ACC: 83.33% val_Loss: 0.7852
> 3: ACC: 44.44% Loss: 1.4119 - MAX val_ACC: 83.33% val_Loss: 1.1836
> 4: ACC: 46.30% Loss: 1.4107 - MAX val_ACC: 66.67% val_Loss: 1.2325
Running for fold: 16
fold_path:: /demo/ARN-LSTM/runs/UT-2/ARN-LSTM_outward/fold_16/
> 0: ACC: 92.59% Loss: 0.2580 - MAX val_ACC: 83.33% val_Loss: 0.5522
> 1: ACC: 98.15% Loss: 0.0954 - MAX val_ACC: 83.33% val_Loss: 0.5490
> 2: ACC: 100.00% Loss: 0.0182 - MAX val_ACC: 83.33% val_Loss: 0.4946
> 3: ACC: 87.04% Loss: 0.3799 - MAX val_ACC: 83.33% val_Loss: 0.8593
> 4: ACC: 87.04% Loss: 0.2444 - MAX val_ACC: 66.67% val_Loss: 0.6705
Running for fold: 17
fold_path:: /demo/ARN-LSTM/runs/UT-2/ARN-LSTM_outward/fold_17/
> 0: ACC: 85.19% Loss: 0.4326 - MAX val_ACC: 66.67% val_Loss: 0.7770
> 1: ACC: 96.30% Loss: 0.0784 - MAX val_ACC: 83.33% val_Loss: 1.1203
> 2: ACC: 81.48% Loss: 0.5299 - MAX val_ACC: 83.33% val_Loss: 0.6753
> 3: ACC: 96.30% Loss: 0.2587 - MAX val_ACC: 66.67% val_Loss: 0.8159
> 4: ACC: 88.89% Loss: 0.4498 - MAX val_ACC: 66.67% val_Loss: 0.7545
Running for fold: 18
fold_path:: /demo/ARN-LSTM/runs/UT-2/ARN-LSTM_outward/fold_18/
> 0: ACC: 96.30% Loss: 0.0928 - MAX val_ACC: 83.33% val_Loss: 0.8894
> 1: ACC: 64.81% Loss: 0.9444 - MAX val_ACC: 66.67% val_Loss: 1.2787
> 2: ACC: 77.78% Loss: 0.5468 - MAX val_ACC: 66.67% val_Loss: 1.1338
> 3: ACC: 59.26% Loss: 1.0977 - MAX val_ACC: 83.33% val_Loss: 1.0858
> 4: ACC: 98.15% Loss: 0.1322 - MAX val_ACC: 66.67% val_Loss: 1.7938
Running for fold: 19
fold_path:: /demo/ARN-LSTM/runs/UT-2/ARN-LSTM_outward/fold_19/
> 0: ACC: 74.07% Loss: 0.6984 - MAX val_ACC: 66.67% val_Loss: 0.9615
> 1: ACC: 68.52% Loss: 0.8837 - MAX val_ACC: 83.33% val_Loss: 0.8419
> 2: ACC: 66.67% Loss: 0.7925 - MAX val_ACC: 66.67% val_Loss: 0.8626
> 3: ACC: 72.22% Loss: 0.7681 - MAX val_ACC: 83.33% val_Loss: 0.9161
> 4: ACC: 98.15% Loss: 0.0527 - MAX val_ACC: 66.67% val_Loss: 0.8040
+++++ Summarized results:

Summary for Dataset, Folds, Experiment:
> UT | [10 11 12 13 14 15 16 17 18 19] | ARN-LSTM_outward
     accuracy   loss val_accuracy val_loss epoch
0      64.81% 1.2503       83.33%   0.8411    17
1      94.44% 0.3124      100.00%   0.7031    61
2      31.48% 1.6063       83.33%   1.0623     9
3      94.44% 0.3262       83.33%   0.4472    61
4      44.44% 1.3400       83.33%   1.0713    17
5      62.96% 0.9626       83.33%   0.7852    28
6     100.00% 0.0182       83.33%   0.4946   118
7      81.48% 0.5299       83.33%   0.6753    44
8      96.30% 0.0928       83.33%   0.8894   109
9      68.52% 0.8837       83.33%   0.8419    32
mean   73.89% 0.7322       85.00%   0.7811    50
std    23.53% 0.5556        5.27%   0.2090    38
Val ACC Mean: 85.00% Std: 0.0527

> Finished Run Protocol - Sat Jan 25 08:43:18 2025
> Starting Run Protocol -  Sat Jan 25 08:43:19 2025
Running for dataset: UT-2
Running for folds: [10 11 12 13 14 15 16 17 18 19]
Experiment name: ARN-LSTM_inward+outward
Experiment folder: /demo/ARN-LSTM/runs/UT-2/ARN-LSTM_inward+outward
Number of reruns per dataset fold: 5
Resuming run protocol...
***** Experiment parameters *****
Configuration file: configs/UT/set_2/ARN-LSTM_inward+outward.cfg
	 Skeleton info
	 > selected_joints: ['Nose', 'Neck', 'MidHip', 'LShoulder', 'LElbow', 'LWrist', 'RShoulder', 'RElbow', 'RWrist', 'LHip', 'LKnee', 'LAnkle', 'RHip', 'RKnee', 'RAnkle']
	 > add_joint_idx: True
	 > add_body_part: True
	 > timesteps: 32
	 > skip_timesteps: None
	 > normalization: None
	 Fusion info
	 > fusion mode: middle
	 > config_filepaths: ['configs/UT/set_2/ARN-LSTM_inward.cfg', 'configs/UT/set_2/ARN-LSTM_outward.cfg']
	 > freeze_g_theta: False
	 > fuse_at_fc1: False
	 > Criteria for weights: val_loss
	 > Using Temporal RN: False
	 Training options
	 > drop_rate: 0.5
	 > epochs: 250
	 > learning_rate: 0.0001
	 > checkpoint_period: 1
	 > Batch Size: 64
	 Evaluation options
	 > Pool average from videos sequences: False
Running for fold: 10
fold_path:: /demo/ARN-LSTM/runs/UT-2/ARN-LSTM_inward+outward/fold_10/
> fold weights filepaths: ['runs/UT-2/ARN-LSTM_inward/fold_10/rerun_4/relnet_weights.hdf5', 'runs/UT-2/ARN-LSTM_outward/fold_10/rerun_3/relnet_weights.hdf5']
> 0: ACC: 92.59% Loss: 0.4369 - MAX val_ACC: 66.67% val_Loss: 1.2305
> 1: ACC: 75.93% Loss: 0.6038 - MAX val_ACC: 66.67% val_Loss: 0.7958
> 2: ACC: 81.48% Loss: 0.5828 - MAX val_ACC: 66.67% val_Loss: 0.9105
> 3: ACC: 70.37% Loss: 0.8095 - MAX val_ACC: 66.67% val_Loss: 1.0258
> 4: ACC: 100.00% Loss: 0.1228 - MAX val_ACC: 83.33% val_Loss: 1.3704
Running for fold: 11
fold_path:: /demo/ARN-LSTM/runs/UT-2/ARN-LSTM_inward+outward/fold_11/
> fold weights filepaths: ['runs/UT-2/ARN-LSTM_inward/fold_11/rerun_1/relnet_weights.hdf5', 'runs/UT-2/ARN-LSTM_outward/fold_11/rerun_3/relnet_weights.hdf5']
> 0: ACC: 98.15% Loss: 0.1419 - MAX val_ACC: 66.67% val_Loss: 1.1837
> 1: ACC: 98.15% Loss: 0.2967 - MAX val_ACC: 50.00% val_Loss: 1.1350
> 2: ACC: 85.19% Loss: 0.5505 - MAX val_ACC: 66.67% val_Loss: 1.1360
> 3: ACC: 79.63% Loss: 0.6374 - MAX val_ACC: 66.67% val_Loss: 1.0156
> 4: ACC: 74.07% Loss: 0.7281 - MAX val_ACC: 66.67% val_Loss: 1.1270
Running for fold: 12
fold_path:: /demo/ARN-LSTM/runs/UT-2/ARN-LSTM_inward+outward/fold_12/
> fold weights filepaths: ['runs/UT-2/ARN-LSTM_inward/fold_12/rerun_3/relnet_weights.hdf5', 'runs/UT-2/ARN-LSTM_outward/fold_12/rerun_3/relnet_weights.hdf5']
> 0: ACC: 98.15% Loss: 0.2237 - MAX val_ACC: 83.33% val_Loss: 1.1242
> 1: ACC: 96.30% Loss: 0.2680 - MAX val_ACC: 66.67% val_Loss: 0.8248
> 2: ACC: 87.04% Loss: 0.6244 - MAX val_ACC: 66.67% val_Loss: 1.0026
> 3: ACC: 70.37% Loss: 0.7135 - MAX val_ACC: 66.67% val_Loss: 1.0638
> 4: ACC: 96.30% Loss: 0.2331 - MAX val_ACC: 83.33% val_Loss: 0.7821
Running for fold: 13
fold_path:: /demo/ARN-LSTM/runs/UT-2/ARN-LSTM_inward+outward/fold_13/
> fold weights filepaths: ['runs/UT-2/ARN-LSTM_inward/fold_13/rerun_3/relnet_weights.hdf5', 'runs/UT-2/ARN-LSTM_outward/fold_13/rerun_2/relnet_weights.hdf5']
> 0: ACC: 100.00% Loss: 0.0176 - MAX val_ACC: 83.33% val_Loss: 0.3040
> 1: ACC: 100.00% Loss: 0.1268 - MAX val_ACC: 100.00% val_Loss: 0.3703
> 2: ACC: 100.00% Loss: 0.0088 - MAX val_ACC: 100.00% val_Loss: 0.2724
> 3: ACC: 100.00% Loss: 0.0054 - MAX val_ACC: 100.00% val_Loss: 0.1997
> 4: ACC: 100.00% Loss: 0.0003 - MAX val_ACC: 100.00% val_Loss: 0.1571
Running for fold: 14
fold_path:: /demo/ARN-LSTM/runs/UT-2/ARN-LSTM_inward+outward/fold_14/
> fold weights filepaths: ['runs/UT-2/ARN-LSTM_inward/fold_14/rerun_1/relnet_weights.hdf5', 'runs/UT-2/ARN-LSTM_outward/fold_14/rerun_0/relnet_weights.hdf5']
> 0: ACC: 88.89% Loss: 0.5412 - MAX val_ACC: 66.67% val_Loss: 0.8781
> 1: ACC: 87.04% Loss: 0.3476 - MAX val_ACC: 83.33% val_Loss: 0.6300
> 2: ACC: 85.19% Loss: 0.7024 - MAX val_ACC: 83.33% val_Loss: 0.8942
> 3: ACC: 98.15% Loss: 0.1539 - MAX val_ACC: 66.67% val_Loss: 0.8488
> 4: ACC: 88.89% Loss: 0.4601 - MAX val_ACC: 50.00% val_Loss: 0.9540
Running for fold: 15
fold_path:: /demo/ARN-LSTM/runs/UT-2/ARN-LSTM_inward+outward/fold_15/
> fold weights filepaths: ['runs/UT-2/ARN-LSTM_inward/fold_15/rerun_0/relnet_weights.hdf5', 'runs/UT-2/ARN-LSTM_outward/fold_15/rerun_2/relnet_weights.hdf5']
> 0: ACC: 81.48% Loss: 0.7172 - MAX val_ACC: 66.67% val_Loss: 1.0450
> 1: ACC: 94.44% Loss: 0.4023 - MAX val_ACC: 66.67% val_Loss: 0.8051
> 2: ACC: 83.33% Loss: 0.4990 - MAX val_ACC: 66.67% val_Loss: 0.7774
> 3: ACC: 100.00% Loss: 0.0037 - MAX val_ACC: 66.67% val_Loss: 2.2727
> 4: ACC: 88.89% Loss: 0.5697 - MAX val_ACC: 100.00% val_Loss: 0.6889
Running for fold: 16
fold_path:: /demo/ARN-LSTM/runs/UT-2/ARN-LSTM_inward+outward/fold_16/
> fold weights filepaths: ['runs/UT-2/ARN-LSTM_inward/fold_16/rerun_4/relnet_weights.hdf5', 'runs/UT-2/ARN-LSTM_outward/fold_16/rerun_2/relnet_weights.hdf5']
> 0: ACC: 100.00% Loss: 0.0030 - MAX val_ACC: 100.00% val_Loss: 0.2620
> 1: ACC: 100.00% Loss: 0.0005 - MAX val_ACC: 100.00% val_Loss: 0.2547
> 2: ACC: 100.00% Loss: 0.0020 - MAX val_ACC: 100.00% val_Loss: 0.2157
> 3: ACC: 100.00% Loss: 0.1509 - MAX val_ACC: 83.33% val_Loss: 0.6227
> 4: ACC: 100.00% Loss: 0.0006 - MAX val_ACC: 100.00% val_Loss: 0.1980
Running for fold: 17
fold_path:: /demo/ARN-LSTM/runs/UT-2/ARN-LSTM_inward+outward/fold_17/
> fold weights filepaths: ['runs/UT-2/ARN-LSTM_inward/fold_17/rerun_3/relnet_weights.hdf5', 'runs/UT-2/ARN-LSTM_outward/fold_17/rerun_2/relnet_weights.hdf5']
> 0: ACC: 98.15% Loss: 0.2172 - MAX val_ACC: 66.67% val_Loss: 0.8966
> 1: ACC: 96.30% Loss: 0.2971 - MAX val_ACC: 66.67% val_Loss: 0.8882
> 2: ACC: 74.07% Loss: 0.6346 - MAX val_ACC: 66.67% val_Loss: 1.0000
> 3: ACC: 74.07% Loss: 0.8455 - MAX val_ACC: 50.00% val_Loss: 0.9611
> 4: ACC: 81.48% Loss: 0.6867 - MAX val_ACC: 83.33% val_Loss: 0.8774
Running for fold: 18
fold_path:: /demo/ARN-LSTM/runs/UT-2/ARN-LSTM_inward+outward/fold_18/
> fold weights filepaths: ['runs/UT-2/ARN-LSTM_inward/fold_18/rerun_3/relnet_weights.hdf5', 'runs/UT-2/ARN-LSTM_outward/fold_18/rerun_0/relnet_weights.hdf5']
> 0: ACC: 92.59% Loss: 0.2021 - MAX val_ACC: 66.67% val_Loss: 1.5825
> 1: ACC: 100.00% Loss: 0.0921 - MAX val_ACC: 66.67% val_Loss: 1.1515
> 2: ACC: 92.59% Loss: 0.3198 - MAX val_ACC: 66.67% val_Loss: 1.0959
> 3: ACC: 88.89% Loss: 0.7679 - MAX val_ACC: 66.67% val_Loss: 1.4912
> 4: ACC: 100.00% Loss: 0.0268 - MAX val_ACC: 66.67% val_Loss: 2.9575
Running for fold: 19
fold_path:: /demo/ARN-LSTM/runs/UT-2/ARN-LSTM_inward+outward/fold_19/
> fold weights filepaths: ['runs/UT-2/ARN-LSTM_inward/fold_19/rerun_1/relnet_weights.hdf5', 'runs/UT-2/ARN-LSTM_outward/fold_19/rerun_4/relnet_weights.hdf5']
> 0: ACC: 100.00% Loss: 0.0643 - MAX val_ACC: 66.67% val_Loss: 0.8268
> 1: ACC: 96.30% Loss: 0.1501 - MAX val_ACC: 83.33% val_Loss: 0.5667
> 2: ACC: 96.30% Loss: 0.2367 - MAX val_ACC: 66.67% val_Loss: 0.8016
> 3: ACC: 100.00% Loss: 0.1656 - MAX val_ACC: 66.67% val_Loss: 0.8682
> 4: ACC: 100.00% Loss: 0.0246 - MAX val_ACC: 66.67% val_Loss: 0.8403
+++++ Summarized results:

Summary for Dataset, Folds, Experiment:
> UT | [10 11 12 13 14 15 16 17 18 19] | ARN-LSTM_inward+outward
     accuracy   loss val_accuracy val_loss epoch
0     100.00% 0.1228       83.33%   1.3704    38
1      79.63% 0.6374       66.67%   1.0156     9
2      96.30% 0.2331       83.33%   0.7821    22
3     100.00% 0.0003      100.00%   0.1571   183
4      87.04% 0.3476       83.33%   0.6300    19
5      88.89% 0.5697      100.00%   0.6889    10
6     100.00% 0.0006      100.00%   0.1980   123
7      81.48% 0.6867       83.33%   0.8774    10
8      92.59% 0.3198       66.67%   1.0959    15
9      96.30% 0.1501       83.33%   0.5667    19
mean   92.22% 0.3068       85.00%   0.7382    45
std     7.65% 0.2530       12.30%   0.3799    59
Val ACC Mean: 85.00% Std: 0.1230

> Finished Run Protocol - Sat Jan 25 08:43:19 2025
> Starting Run Protocol -  Sat Jan 25 08:43:20 2025
Running for dataset: UT-2
Running for folds: [10 11 12 13 14 15 16 17 18 19]
Experiment name: ARN-LSTM-fc1_inward+outward
Experiment folder: /demo/ARN-LSTM/runs/UT-2/ARN-LSTM-fc1_inward+outward
Number of reruns per dataset fold: 5
Resuming run protocol...
***** Experiment parameters *****
Configuration file: configs/UT/set_2/ARN-LSTM-fc1_inward+outward.cfg
	 Skeleton info
	 > selected_joints: ['Nose', 'Neck', 'MidHip', 'LShoulder', 'LElbow', 'LWrist', 'RShoulder', 'RElbow', 'RWrist', 'LHip', 'LKnee', 'LAnkle', 'RHip', 'RKnee', 'RAnkle']
	 > add_joint_idx: True
	 > add_body_part: True
	 > timesteps: 32
	 > skip_timesteps: None
	 > normalization: None
	 Fusion info
	 > fusion mode: middle
	 > config_filepaths: ['configs/UT/set_2/ARN-LSTM_inward.cfg', 'configs/UT/set_2/ARN-LSTM_outward.cfg']
	 > freeze_g_theta: False
	 > fuse_at_fc1: True
	 > Criteria for weights: val_loss
	 > Using Temporal RN: False
	 Training options
	 > drop_rate: 0.5
	 > epochs: 250
	 > learning_rate: 0.0001
	 > checkpoint_period: 1
	 > Batch Size: 64
	 Evaluation options
	 > Pool average from videos sequences: False
Running for fold: 10
fold_path:: /demo/ARN-LSTM/runs/UT-2/ARN-LSTM-fc1_inward+outward/fold_10/
> fold weights filepaths: ['runs/UT-2/ARN-LSTM_inward/fold_10/rerun_4/relnet_weights.hdf5', 'runs/UT-2/ARN-LSTM_outward/fold_10/rerun_3/relnet_weights.hdf5']
> 0: ACC: 100.00% Loss: 0.0570 - MAX val_ACC: 66.67% val_Loss: 1.4019
> 1: ACC: 100.00% Loss: 0.1196 - MAX val_ACC: 66.67% val_Loss: 1.1063
> 2: ACC: 88.89% Loss: 0.4568 - MAX val_ACC: 66.67% val_Loss: 1.0245
> 3: ACC: 90.74% Loss: 0.3478 - MAX val_ACC: 66.67% val_Loss: 1.1768
> 4: ACC: 96.30% Loss: 0.2211 - MAX val_ACC: 66.67% val_Loss: 1.2052
Running for fold: 11
fold_path:: /demo/ARN-LSTM/runs/UT-2/ARN-LSTM-fc1_inward+outward/fold_11/
> fold weights filepaths: ['runs/UT-2/ARN-LSTM_inward/fold_11/rerun_1/relnet_weights.hdf5', 'runs/UT-2/ARN-LSTM_outward/fold_11/rerun_3/relnet_weights.hdf5']
> 0: ACC: 90.74% Loss: 0.4885 - MAX val_ACC: 66.67% val_Loss: 1.0529
> 1: ACC: 96.30% Loss: 0.2895 - MAX val_ACC: 66.67% val_Loss: 0.9124
> 2: ACC: 98.15% Loss: 0.2873 - MAX val_ACC: 66.67% val_Loss: 0.8479
> 3: ACC: 98.15% Loss: 0.2310 - MAX val_ACC: 66.67% val_Loss: 0.9004
> 4: ACC: 100.00% Loss: 0.1103 - MAX val_ACC: 66.67% val_Loss: 0.9563
Running for fold: 12
fold_path:: /demo/ARN-LSTM/runs/UT-2/ARN-LSTM-fc1_inward+outward/fold_12/
> fold weights filepaths: ['runs/UT-2/ARN-LSTM_inward/fold_12/rerun_3/relnet_weights.hdf5', 'runs/UT-2/ARN-LSTM_outward/fold_12/rerun_3/relnet_weights.hdf5']
> 0: ACC: 100.00% Loss: 0.1291 - MAX val_ACC: 83.33% val_Loss: 1.1739
> 1: ACC: 96.30% Loss: 0.2977 - MAX val_ACC: 66.67% val_Loss: 1.1184
> 2: ACC: 100.00% Loss: 0.0623 - MAX val_ACC: 66.67% val_Loss: 1.0021
> 3: ACC: 92.59% Loss: 0.4506 - MAX val_ACC: 83.33% val_Loss: 0.9667
> 4: ACC: 100.00% Loss: 0.0388 - MAX val_ACC: 66.67% val_Loss: 0.8862
Running for fold: 13
fold_path:: /demo/ARN-LSTM/runs/UT-2/ARN-LSTM-fc1_inward+outward/fold_13/
> fold weights filepaths: ['runs/UT-2/ARN-LSTM_inward/fold_13/rerun_3/relnet_weights.hdf5', 'runs/UT-2/ARN-LSTM_outward/fold_13/rerun_2/relnet_weights.hdf5']
> 0: ACC: 100.00% Loss: 0.1178 - MAX val_ACC: 83.33% val_Loss: 0.4630
> 1: ACC: 100.00% Loss: 0.0354 - MAX val_ACC: 100.00% val_Loss: 0.1970
> 2: ACC: 100.00% Loss: 0.0655 - MAX val_ACC: 100.00% val_Loss: 0.2339
> 3: ACC: 100.00% Loss: 0.0986 - MAX val_ACC: 100.00% val_Loss: 0.4463
> 4: ACC: 100.00% Loss: 0.0469 - MAX val_ACC: 83.33% val_Loss: 0.3240
Running for fold: 14
fold_path:: /demo/ARN-LSTM/runs/UT-2/ARN-LSTM-fc1_inward+outward/fold_14/
> fold weights filepaths: ['runs/UT-2/ARN-LSTM_inward/fold_14/rerun_1/relnet_weights.hdf5', 'runs/UT-2/ARN-LSTM_outward/fold_14/rerun_0/relnet_weights.hdf5']
> 0: ACC: 100.00% Loss: 0.2556 - MAX val_ACC: 83.33% val_Loss: 0.7248
> 1: ACC: 61.11% Loss: 1.1031 - MAX val_ACC: 83.33% val_Loss: 1.1468
> 2: ACC: 96.30% Loss: 0.3710 - MAX val_ACC: 66.67% val_Loss: 0.6738
> 3: ACC: 98.15% Loss: 0.1712 - MAX val_ACC: 66.67% val_Loss: 0.8048
> 4: ACC: 100.00% Loss: 0.1114 - MAX val_ACC: 66.67% val_Loss: 0.7265
Running for fold: 15
fold_path:: /demo/ARN-LSTM/runs/UT-2/ARN-LSTM-fc1_inward+outward/fold_15/
> fold weights filepaths: ['runs/UT-2/ARN-LSTM_inward/fold_15/rerun_0/relnet_weights.hdf5', 'runs/UT-2/ARN-LSTM_outward/fold_15/rerun_2/relnet_weights.hdf5']
> 0: ACC: 88.89% Loss: 0.7299 - MAX val_ACC: 66.67% val_Loss: 1.1363
> 1: ACC: 100.00% Loss: 0.0414 - MAX val_ACC: 66.67% val_Loss: 0.8946
> 2: ACC: 90.74% Loss: 0.4412 - MAX val_ACC: 66.67% val_Loss: 0.7823
> 3: ACC: 92.59% Loss: 0.4362 - MAX val_ACC: 83.33% val_Loss: 0.6674
> 4: ACC: 88.89% Loss: 0.4768 - MAX val_ACC: 66.67% val_Loss: 0.7371
Running for fold: 16
fold_path:: /demo/ARN-LSTM/runs/UT-2/ARN-LSTM-fc1_inward+outward/fold_16/
> fold weights filepaths: ['runs/UT-2/ARN-LSTM_inward/fold_16/rerun_4/relnet_weights.hdf5', 'runs/UT-2/ARN-LSTM_outward/fold_16/rerun_2/relnet_weights.hdf5']
> 0: ACC: 100.00% Loss: 0.0020 - MAX val_ACC: 100.00% val_Loss: 0.1234
> 1: ACC: 100.00% Loss: 0.0011 - MAX val_ACC: 100.00% val_Loss: 0.3050
> 2: ACC: 100.00% Loss: 0.0009 - MAX val_ACC: 100.00% val_Loss: 0.1549
> 3: ACC: 100.00% Loss: 0.0006 - MAX val_ACC: 100.00% val_Loss: 0.2063
> 4: ACC: 100.00% Loss: 0.0036 - MAX val_ACC: 100.00% val_Loss: 0.1982
Running for fold: 17
fold_path:: /demo/ARN-LSTM/runs/UT-2/ARN-LSTM-fc1_inward+outward/fold_17/
> fold weights filepaths: ['runs/UT-2/ARN-LSTM_inward/fold_17/rerun_3/relnet_weights.hdf5', 'runs/UT-2/ARN-LSTM_outward/fold_17/rerun_2/relnet_weights.hdf5']
> 0: ACC: 90.74% Loss: 0.4662 - MAX val_ACC: 83.33% val_Loss: 0.7733
> 1: ACC: 100.00% Loss: 0.1806 - MAX val_ACC: 83.33% val_Loss: 0.7121
> 2: ACC: 94.44% Loss: 0.4019 - MAX val_ACC: 66.67% val_Loss: 0.9796
> 3: ACC: 98.15% Loss: 0.1352 - MAX val_ACC: 66.67% val_Loss: 1.0700
> 4: ACC: 77.78% Loss: 0.5449 - MAX val_ACC: 66.67% val_Loss: 0.8411
Running for fold: 18
fold_path:: /demo/ARN-LSTM/runs/UT-2/ARN-LSTM-fc1_inward+outward/fold_18/
> fold weights filepaths: ['runs/UT-2/ARN-LSTM_inward/fold_18/rerun_3/relnet_weights.hdf5', 'runs/UT-2/ARN-LSTM_outward/fold_18/rerun_0/relnet_weights.hdf5']
> 0: ACC: 85.19% Loss: 0.7674 - MAX val_ACC: 83.33% val_Loss: 1.1057
> 1: ACC: 96.30% Loss: 0.5961 - MAX val_ACC: 50.00% val_Loss: 1.4419
> 2: ACC: 92.59% Loss: 0.7879 - MAX val_ACC: 66.67% val_Loss: 1.3072
> 3: ACC: 100.00% Loss: 0.1121 - MAX val_ACC: 66.67% val_Loss: 1.0322
> 4: ACC: 88.89% Loss: 0.6669 - MAX val_ACC: 66.67% val_Loss: 1.2830
Running for fold: 19
fold_path:: /demo/ARN-LSTM/runs/UT-2/ARN-LSTM-fc1_inward+outward/fold_19/
> fold weights filepaths: ['runs/UT-2/ARN-LSTM_inward/fold_19/rerun_1/relnet_weights.hdf5', 'runs/UT-2/ARN-LSTM_outward/fold_19/rerun_4/relnet_weights.hdf5']
> 0: ACC: 100.00% Loss: 0.0841 - MAX val_ACC: 66.67% val_Loss: 0.9988
> 1: ACC: 100.00% Loss: 0.0059 - MAX val_ACC: 83.33% val_Loss: 0.7400
> 2: ACC: 100.00% Loss: 0.0471 - MAX val_ACC: 66.67% val_Loss: 0.9241
> 3: ACC: 100.00% Loss: 0.0270 - MAX val_ACC: 83.33% val_Loss: 0.8614
> 4: ACC: 100.00% Loss: 0.0057 - MAX val_ACC: 66.67% val_Loss: 0.8140
+++++ Summarized results:

Summary for Dataset, Folds, Experiment:
> UT | [10 11 12 13 14 15 16 17 18 19] | ARN-LSTM-fc1_inward+outward
     accuracy   loss val_accuracy val_loss epoch
0      88.89% 0.4568       66.67%   1.0245    14
1      98.15% 0.2873       66.67%   0.8479    16
2      92.59% 0.4506       83.33%   0.9667    12
3     100.00% 0.0354      100.00%   0.1970    27
4     100.00% 0.2556       83.33%   0.7248    15
5      92.59% 0.4362       83.33%   0.6674    13
6     100.00% 0.0020      100.00%   0.1234    71
7     100.00% 0.1806       83.33%   0.7121    21
8      85.19% 0.7674       83.33%   1.1057     4
9     100.00% 0.0059       83.33%   0.7400    36
mean   95.74% 0.2878       83.33%   0.7109    23
std     5.52% 0.2460       11.11%   0.3250    19
Val ACC Mean: 83.33% Std: 0.1111

> Finished Run Protocol - Sat Jan 25 08:43:20 2025
> Starting Run Protocol -  Sat Jan 25 08:43:21 2025
Running for dataset: NTU
Running for folds: ['cross_subject', 'cross_view']
Experiment name: ARN-LSTM_inward
Experiment folder: /demo/ARN-LSTM/runs/NTU/ARN-LSTM_inward
Number of reruns per dataset fold: 5
Resuming run protocol...
***** Experiment parameters *****
Configuration file: configs/NTU-V1/ARN-LSTM_inward.cfg
	 Skeleton info
	 > selected_joints: ['Nose', 'Neck', 'MidHip', 'LShoulder', 'LElbow', 'LWrist', 'RShoulder', 'RElbow', 'RWrist', 'LHip', 'LKnee', 'LAnkle', 'RHip', 'RKnee', 'RAnkle']
	 > add_joint_idx: True
	 > add_body_part: True
	 > timesteps: 32
	 > skip_timesteps: None
	 > normalization: NTU
	 > sample_method: all
	 > seq_step: 16
	 Model info
	 > rel_type: inter
	 > fuse_type: None
	 > compute_distance: True
	 > compute_motion: True
	 > Using Temporal RN: False
	 Training options
	 > drop_rate: 0.1
	 > kernel_init_type: TruncatedNormal
	 > kernel_init_param: 0.09
	 > epochs: 200
	 > learning_rate: 0.0001
	 > checkpoint_period: 1
	 > Batch Size: 64
	 Evaluation options
	 > Pool average from videos sequences: False
Running for fold: cross_subject
fold_path:: /demo/ARN-LSTM/runs/NTU/ARN-LSTM_inward/fold_cross_subject/
> 0: ACC: 97.19% Loss: 0.0780 - MAX val_ACC: 81.82% val_Loss: 1.0505
> 1: ACC: 97.94% Loss: 0.0616 - MAX val_ACC: 81.36% val_Loss: 1.1953
> 2: ACC: 98.04% Loss: 0.0555 - MAX val_ACC: 81.37% val_Loss: 1.0996
> 3: ACC: 97.82% Loss: 0.0627 - MAX val_ACC: 81.58% val_Loss: 1.1649
> 4: ACC: 97.26% Loss: 0.0800 - MAX val_ACC: 81.87% val_Loss: 1.0290
Running for fold: cross_view
fold_path:: /demo/ARN-LSTM/runs/NTU/ARN-LSTM_inward/fold_cross_view/
> 0: ACC: 97.23% Loss: 0.0829 - MAX val_ACC: 84.41% val_Loss: 0.8922
> 1: ACC: 95.41% Loss: 0.1330 - MAX val_ACC: 84.39% val_Loss: 0.7920
> 2: ACC: 96.41% Loss: 0.1044 - MAX val_ACC: 84.92% val_Loss: 0.8501
> 3: ACC: 96.95% Loss: 0.0881 - MAX val_ACC: 84.15% val_Loss: 0.8900
> 4: ACC: 97.63% Loss: 0.0696 - MAX val_ACC: 84.48% val_Loss: 0.9721
+++++ Summarized results:

Summary for Dataset, Folds, Experiment:
> NTU | ['cross_subject', 'cross_view'] | ARN-LSTM_inward
     accuracy   loss val_accuracy val_loss epoch
0      97.26% 0.0800       81.87%   1.0290   156
1      96.41% 0.1044       84.92%   0.8501   157
mean   96.84% 0.0922       83.40%   0.9396   156
std     0.60% 0.0172        2.16%   0.1265     1
Val ACC Mean: 83.40% Std: 0.0216

> Finished Run Protocol - Sat Jan 25 08:43:21 2025
> Starting Run Protocol -  Sat Jan 25 08:43:22 2025
Running for dataset: NTU
Running for folds: ['cross_subject', 'cross_view']
Experiment name: ARN-LSTM_outward
Experiment folder: /demo/ARN-LSTM/runs/NTU/ARN-LSTM_outward
Number of reruns per dataset fold: 5
Resuming run protocol...
***** Experiment parameters *****
Configuration file: configs/NTU-V1/ARN-LSTM_outward.cfg
	 Skeleton info
	 > selected_joints: ['Nose', 'Neck', 'MidHip', 'LShoulder', 'LElbow', 'LWrist', 'RShoulder', 'RElbow', 'RWrist', 'LHip', 'LKnee', 'LAnkle', 'RHip', 'RKnee', 'RAnkle']
	 > add_joint_idx: True
	 > add_body_part: True
	 > timesteps: 32
	 > skip_timesteps: None
	 > normalization: NTU
	 > sample_method: all
	 > seq_step: 16
	 Model info
	 > rel_type: indivs
	 > compute_distance: True
	 > compute_motion: True
	 > Using Temporal RN: False
	 Training options
	 > drop_rate: 0.1
	 > kernel_init_type: TruncatedNormal
	 > kernel_init_param: 0.09
	 > epochs: 200
	 > learning_rate: 0.0001
	 > checkpoint_period: 1
	 > Batch Size: 64
	 Evaluation options
	 > Pool average from videos sequences: False
Running for fold: cross_subject
fold_path:: /demo/ARN-LSTM/runs/NTU/ARN-LSTM_outward/fold_cross_subject/
> 0: ACC: 94.47% Loss: 0.1530 - MAX val_ACC: 79.91% val_Loss: 1.0011
> 1: ACC: 98.41% Loss: 0.0506 - MAX val_ACC: 80.05% val_Loss: 1.3991
> 2: ACC: 98.55% Loss: 0.0444 - MAX val_ACC: 79.98% val_Loss: 1.4498
> 3: ACC: 98.29% Loss: 0.0489 - MAX val_ACC: 80.11% val_Loss: 1.4150
> 4: ACC: 97.69% Loss: 0.0677 - MAX val_ACC: 80.19% val_Loss: 1.3184
Running for fold: cross_view
fold_path:: /demo/ARN-LSTM/runs/NTU/ARN-LSTM_outward/fold_cross_view/
> 0: ACC: 98.42% Loss: 0.0451 - MAX val_ACC: 83.40% val_Loss: 1.1731
> 1: ACC: 98.55% Loss: 0.0460 - MAX val_ACC: 83.40% val_Loss: 1.2826
> 2: ACC: 98.23% Loss: 0.0537 - MAX val_ACC: 83.18% val_Loss: 1.2299
> 3: ACC: 98.01% Loss: 0.0588 - MAX val_ACC: 83.33% val_Loss: 1.2124
> 4: ACC: 98.25% Loss: 0.0517 - MAX val_ACC: 83.48% val_Loss: 1.1722
+++++ Summarized results:

Summary for Dataset, Folds, Experiment:
> NTU | ['cross_subject', 'cross_view'] | ARN-LSTM_outward
     accuracy   loss val_accuracy val_loss epoch
0      97.69% 0.0677       80.19%   1.3184   165
1      98.25% 0.0517       83.48%   1.1722   180
mean   97.97% 0.0597       81.84%   1.2453   172
std     0.39% 0.0113        2.32%   0.1034    11
Val ACC Mean: 81.84% Std: 0.0232

> Finished Run Protocol - Sat Jan 25 08:43:22 2025
> Starting Run Protocol -  Sat Jan 25 08:43:23 2025
Running for dataset: NTU
Running for folds: ['cross_subject', 'cross_view']
Experiment name: ARN-LSTM_inward+outward
Experiment folder: /demo/ARN-LSTM/runs/NTU/ARN-LSTM_inward+outward
Number of reruns per dataset fold: 5
Resuming run protocol...
***** Experiment parameters *****
Configuration file: configs/NTU-V1/ARN-LSTM_inward+outward.cfg
	 Skeleton info
	 > selected_joints: ['Nose', 'Neck', 'MidHip', 'LShoulder', 'LElbow', 'LWrist', 'RShoulder', 'RElbow', 'RWrist', 'LHip', 'LKnee', 'LAnkle', 'RHip', 'RKnee', 'RAnkle']
	 > add_joint_idx: True
	 > add_body_part: True
	 > timesteps: 32
	 > skip_timesteps: None
	 > normalization: NTU
	 > sample_method: all
	 > seq_step: 16
	 Fusion info
	 > fusion mode: middle
	 > config_filepaths: ['configs/NTU-V1/ARN-LSTM_inward.cfg', 'configs/NTU-V1/ARN-LSTM_outward.cfg']
	 > freeze_g_theta: False
	 > fuse_at_fc1: False
	 > Criteria for weights: val_loss
	 > Using Temporal RN: False
	 Training options
	 > drop_rate: 0.1
	 > epochs: 200
	 > learning_rate: 0.0001
	 > checkpoint_period: 1
	 > Batch Size: 64
	 Evaluation options
	 > Pool average from videos sequences: False
Running for fold: cross_subject
fold_path:: /demo/ARN-LSTM/runs/NTU/ARN-LSTM_inward+outward/fold_cross_subject/
> fold weights filepaths: ['runs/NTU/ARN-LSTM_inward/fold_cross_subject/rerun_2/relnet_weights.hdf5', 'runs/NTU/ARN-LSTM_outward/fold_cross_subject/rerun_2/relnet_weights.hdf5']
> 0: ACC: 99.12% Loss: 0.0289 - MAX val_ACC: 83.35% val_Loss: 1.0923
> 1: ACC: 99.92% Loss: 0.0048 - MAX val_ACC: 83.08% val_Loss: 1.3275
> 2: ACC: 95.14% Loss: 0.1404 - MAX val_ACC: 82.66% val_Loss: 0.7901
> 3: ACC: 99.71% Loss: 0.0116 - MAX val_ACC: 83.34% val_Loss: 1.2961
> 4: ACC: 99.85% Loss: 0.0062 - MAX val_ACC: 83.24% val_Loss: 1.3403
Running for fold: cross_view
fold_path:: /demo/ARN-LSTM/runs/NTU/ARN-LSTM_inward+outward/fold_cross_view/
> fold weights filepaths: ['runs/NTU/ARN-LSTM_inward/fold_cross_view/rerun_3/relnet_weights.hdf5', 'runs/NTU/ARN-LSTM_outward/fold_cross_view/rerun_3/relnet_weights.hdf5']
> 0: ACC: 99.39% Loss: 0.0201 - MAX val_ACC: 85.77% val_Loss: 1.0645
> 1: ACC: 99.61% Loss: 0.0135 - MAX val_ACC: 85.72% val_Loss: 1.1134
> 2: ACC: 99.57% Loss: 0.0156 - MAX val_ACC: 86.05% val_Loss: 1.0991
> 3: ACC: 99.69% Loss: 0.0116 - MAX val_ACC: 86.05% val_Loss: 1.1288
> 4: ACC: 98.89% Loss: 0.0329 - MAX val_ACC: 86.20% val_Loss: 1.0001
+++++ Summarized results:

Summary for Dataset, Folds, Experiment:
> NTU | ['cross_subject', 'cross_view'] | ARN-LSTM_inward+outward
     accuracy   loss val_accuracy val_loss epoch
0      99.12% 0.0289       83.35%   1.0923   121
1      98.89% 0.0329       86.20%   1.0001   135
mean   99.00% 0.0309       84.77%   1.0462   128
std     0.16% 0.0028        2.01%   0.0653    10
Val ACC Mean: 84.77% Std: 0.0201

> Finished Run Protocol - Sat Jan 25 08:43:23 2025
> Starting Run Protocol -  Sat Jan 25 08:43:24 2025
Running for dataset: NTU
Running for folds: ['cross_subject', 'cross_view']
Experiment name: ARN-LSTM-fc1_inward+outward
Experiment folder: /demo/ARN-LSTM/runs/NTU/ARN-LSTM-fc1_inward+outward
Number of reruns per dataset fold: 5
Resuming run protocol...
***** Experiment parameters *****
Configuration file: configs/NTU-V1/ARN-LSTM-fc1_inward+outward.cfg
	 Skeleton info
	 > selected_joints: ['Nose', 'Neck', 'MidHip', 'LShoulder', 'LElbow', 'LWrist', 'RShoulder', 'RElbow', 'RWrist', 'LHip', 'LKnee', 'LAnkle', 'RHip', 'RKnee', 'RAnkle']
	 > add_joint_idx: True
	 > add_body_part: True
	 > timesteps: 32
	 > skip_timesteps: None
	 > normalization: NTU
	 > sample_method: all
	 > seq_step: 16
	 Fusion info
	 > fusion mode: middle
	 > config_filepaths: ['configs/NTU-V1/ARN-LSTM_inward.cfg', 'configs/NTU-V1/ARN-LSTM_outward.cfg']
	 > freeze_g_theta: False
	 > fuse_at_fc1: True
	 > Criteria for weights: val_loss
	 > Using Temporal RN: False
	 Training options
	 > drop_rate: 0.1
	 > epochs: 200
	 > learning_rate: 0.0001
	 > checkpoint_period: 1
	 > Batch Size: 64
	 Evaluation options
	 > Pool average from videos sequences: False
Running for fold: cross_subject
fold_path:: /demo/ARN-LSTM/runs/NTU/ARN-LSTM-fc1_inward+outward/fold_cross_subject/
> fold weights filepaths: ['runs/NTU/ARN-LSTM_inward/fold_cross_subject/rerun_2/relnet_weights.hdf5', 'runs/NTU/ARN-LSTM_outward/fold_cross_subject/rerun_2/relnet_weights.hdf5']
> 0: ACC: 99.76% Loss: 0.0087 - MAX val_ACC: 83.15% val_Loss: 1.1511
> 1: ACC: 99.83% Loss: 0.0067 - MAX val_ACC: 83.74% val_Loss: 1.2730
> 2: ACC: 99.95% Loss: 0.0026 - MAX val_ACC: 83.41% val_Loss: 1.2679
> 3: ACC: 99.90% Loss: 0.0051 - MAX val_ACC: 83.46% val_Loss: 1.2463
> 4: ACC: 99.32% Loss: 0.0217 - MAX val_ACC: 83.08% val_Loss: 1.2086
Running for fold: cross_view
fold_path:: /demo/ARN-LSTM/runs/NTU/ARN-LSTM-fc1_inward+outward/fold_cross_view/
> fold weights filepaths: ['runs/NTU/ARN-LSTM_inward/fold_cross_view/rerun_3/relnet_weights.hdf5', 'runs/NTU/ARN-LSTM_outward/fold_cross_view/rerun_3/relnet_weights.hdf5']
> 0: ACC: 99.67% Loss: 0.0111 - MAX val_ACC: 86.34% val_Loss: 0.9824
> 1: ACC: 99.17% Loss: 0.0252 - MAX val_ACC: 86.39% val_Loss: 1.0050
> 2: ACC: 99.74% Loss: 0.0106 - MAX val_ACC: 86.16% val_Loss: 1.0129
> 3: ACC: 99.83% Loss: 0.0066 - MAX val_ACC: 86.55% val_Loss: 1.0851
> 4: ACC: 99.28% Loss: 0.0229 - MAX val_ACC: 86.45% val_Loss: 0.9885
+++++ Summarized results:

Summary for Dataset, Folds, Experiment:
> NTU | ['cross_subject', 'cross_view'] | ARN-LSTM-fc1_inward+outward
     accuracy   loss val_accuracy val_loss epoch
0      99.83% 0.0067       83.74%   1.2730   162
1      99.83% 0.0066       86.55%   1.0851   198
mean   99.83% 0.0067       85.14%   1.1790   180
std     0.00% 0.0001        1.98%   0.1329    25
Val ACC Mean: 85.14% Std: 0.0198

> Finished Run Protocol - Sat Jan 25 08:43:24 2025
> Starting Run Protocol -  Sat Jan 25 08:43:25 2025
Running for dataset: NTU-V2
Running for folds: ['cross_subject', 'cross_setup']
Experiment name: ARN-LSTM_inward
Experiment folder: /demo/ARN-LSTM/runs/NTU-V2/ARN-LSTM_inward
Number of reruns per dataset fold: 5
Resuming run protocol...
***** Experiment parameters *****
Configuration file: configs/NTU-V2/ARN-LSTM_inward.cfg
	 Skeleton info
	 > selected_joints: ['Nose', 'Neck', 'MidHip', 'RWrist', 'LWrist', 'RAnkle', 'LAnkle']
	 > add_joint_idx: True
	 > add_body_part: True
	 > timesteps: 32
	 > skip_timesteps: None
	 > normalization: NTU
	 > seq_step: 16
	 Model info
	 > rel_type: inter
	 > fuse_type: None
	 > compute_distance: True
	 > compute_motion: True
	 > fc_drop: True
	 > fc_units: [500, 250, 250]
	 > Using Temporal RN: False
	 Training options
	 > drop_rate: 0.25
	 > kernel_init_type: TruncatedNormal
	 > kernel_init_param: 0.09
	 > learning_rate: 0.0001
	 > epochs: 300
	 > checkpoint_period: 1
	 > subsample_ratio: 0.5
	 > Batch Size: 64
	 Evaluation options
	 > Pool average from videos sequences: False
Running for fold: cross_subject
fold_path:: /demo/ARN-LSTM/runs/NTU-V2/ARN-LSTM_inward/fold_cross_subject/
> 0: ACC: 94.90% Loss: 0.1450 - MAX val_ACC: 72.15% val_Loss: 1.5128
> 1: ACC: 94.14% Loss: 0.1762 - MAX val_ACC: 72.56% val_Loss: 1.4050
> 2: ACC: 95.60% Loss: 0.1273 - MAX val_ACC: 72.37% val_Loss: 1.5625
> 3: ACC: 95.27% Loss: 0.1397 - MAX val_ACC: 72.38% val_Loss: 1.6198
> 4: ACC: 94.36% Loss: 0.1603 - MAX val_ACC: 72.05% val_Loss: 1.5405
Running for fold: cross_setup
fold_path:: /demo/ARN-LSTM/runs/NTU-V2/ARN-LSTM_inward/fold_cross_setup/
> 0: ACC: 91.77% Loss: 0.2195 - MAX val_ACC: 72.79% val_Loss: 1.3119
> 1: ACC: 95.87% Loss: 0.1247 - MAX val_ACC: 72.91% val_Loss: 1.5002
> 2: ACC: 96.09% Loss: 0.1095 - MAX val_ACC: 72.89% val_Loss: 1.5043
> 3: ACC: 90.73% Loss: 0.2684 - MAX val_ACC: 73.08% val_Loss: 1.1492
> 4: ACC: 95.74% Loss: 0.1183 - MAX val_ACC: 72.86% val_Loss: 1.4714
+++++ Summarized results:

Summary for Dataset, Folds, Experiment:
> NTU-V2 | ['cross_subject', 'cross_setup'] | ARN-LSTM_inward
     accuracy   loss val_accuracy val_loss epoch
0      94.14% 0.1762       72.56%   1.4050   234
1      90.73% 0.2684       73.08%   1.1492   190
mean   92.43% 0.2223       72.82%   1.2771   212
std     2.41% 0.0652        0.37%   0.1809    31
Val ACC Mean: 72.82% Std: 0.0037

> Finished Run Protocol - Sat Jan 25 08:43:25 2025
> Starting Run Protocol -  Sat Jan 25 08:43:26 2025
Running for dataset: NTU-V2
Running for folds: ['cross_subject', 'cross_setup']
Experiment name: ARN-LSTM_outward
Experiment folder: /demo/ARN-LSTM/runs/NTU-V2/ARN-LSTM_outward
Number of reruns per dataset fold: 5
Resuming run protocol...
***** Experiment parameters *****
Configuration file: configs/NTU-V2/ARN-LSTM_outward.cfg
	 Skeleton info
	 > selected_joints: ['Nose', 'Neck', 'MidHip', 'RWrist', 'LWrist', 'RAnkle', 'LAnkle']
	 > add_joint_idx: True
	 > add_body_part: True
	 > timesteps: 32
	 > skip_timesteps: None
	 > normalization: NTU
	 > seq_step: 16
	 Model info
	 > rel_type: indivs
	 > fuse_type: None
	 > compute_distance: True
	 > compute_motion: True
	 > fc_drop: True
	 > fc_units: [500, 250, 250]
	 > Using Temporal RN: False
	 Training options
	 > drop_rate: 0.25
	 > kernel_init_type: TruncatedNormal
	 > kernel_init_param: 0.09
	 > learning_rate: 0.0001
	 > epochs: 600
	 > checkpoint_period: 1
	 > subsample_ratio: 0.5
	 > Batch Size: 64
	 Evaluation options
	 > Pool average from videos sequences: False
Running for fold: cross_subject
fold_path:: /demo/ARN-LSTM/runs/NTU-V2/ARN-LSTM_outward/fold_cross_subject/
> 0: ACC: 97.70% Loss: 0.0682 - MAX val_ACC: 72.10% val_Loss: 1.9591
> 1: ACC: 96.28% Loss: 0.1121 - MAX val_ACC: 71.55% val_Loss: 1.7775
> 2: ACC: 97.52% Loss: 0.0748 - MAX val_ACC: 71.68% val_Loss: 1.9182
> 3: ACC: 88.23% Loss: 0.3396 - MAX val_ACC: 71.19% val_Loss: 1.2662
> 4: ACC: 94.27% Loss: 0.1730 - MAX val_ACC: 71.42% val_Loss: 1.5982
Running for fold: cross_setup
fold_path:: /demo/ARN-LSTM/runs/NTU-V2/ARN-LSTM_outward/fold_cross_setup/
> 0: ACC: 94.37% Loss: 0.1635 - MAX val_ACC: 71.72% val_Loss: 1.5755
> 1: ACC: 92.36% Loss: 0.2288 - MAX val_ACC: 71.40% val_Loss: 1.4612
> 2: ACC: 98.54% Loss: 0.0418 - MAX val_ACC: 71.99% val_Loss: 2.0792
> 3: ACC: 97.21% Loss: 0.0840 - MAX val_ACC: 72.37% val_Loss: 1.9682
> 4: ACC: 92.90% Loss: 0.2067 - MAX val_ACC: 71.99% val_Loss: 1.4661
+++++ Summarized results:

Summary for Dataset, Folds, Experiment:
> NTU-V2 | ['cross_subject', 'cross_setup'] | ARN-LSTM_outward
     accuracy   loss val_accuracy val_loss epoch
0      97.70% 0.0682       72.10%   1.9591   365
1      97.21% 0.0840       72.37%   1.9682   355
mean   97.46% 0.0761       72.23%   1.9637   360
std     0.35% 0.0111        0.19%   0.0064     7
Val ACC Mean: 72.23% Std: 0.0019

> Finished Run Protocol - Sat Jan 25 08:43:26 2025
> Starting Run Protocol -  Sat Jan 25 08:43:27 2025
Running for dataset: NTU-V2
Running for folds: ['cross_subject', 'cross_setup']
Experiment name: ARN-LSTM_inward+outward
Experiment folder: /demo/ARN-LSTM/runs/NTU-V2/ARN-LSTM_inward+outward
Number of reruns per dataset fold: 5
Resuming run protocol...
***** Experiment parameters *****
Configuration file: configs/NTU-V2/ARN-LSTM_inward+outward.cfg
	 Skeleton info
	 > selected_joints: ['Nose', 'Neck', 'MidHip', 'RWrist', 'LWrist', 'RAnkle', 'LAnkle']
	 > add_joint_idx: True
	 > add_body_part: True
	 > timesteps: 32
	 > skip_timesteps: None
	 > normalization: NTU
	 > seq_step: 16
	 Fusion info
	 > fusion mode: middle
	 > config_filepaths: ['configs/NTU-V2/ARN-LSTM_inward.cfg', 'configs/NTU-V2/ARN-LSTM_outward.cfg']
	 > freeze_g_theta: False
	 > fuse_at_fc1: False
	 > Criteria for weights: val_loss
	 > Using Temporal RN: False
	 Training options
	 > drop_rate: 0.25
	 > learning_rate: 0.0001
	 > checkpoint_period: 1
	 > epochs: 600
	 > Batch Size: 64
	 Evaluation options
	 > Pool average from videos sequences: False
Running for fold: cross_subject
fold_path:: /demo/ARN-LSTM/runs/NTU-V2/ARN-LSTM_inward+outward/fold_cross_subject/
> fold weights filepaths: ['runs/NTU-V2/ARN-LSTM_inward/fold_cross_subject/rerun_0/relnet_weights.hdf5', 'runs/NTU-V2/ARN-LSTM_outward/fold_cross_subject/rerun_3/relnet_weights.hdf5']
> 0: ACC: 99.98% Loss: 0.0003 - MAX val_ACC: 76.41% val_Loss: 2.5567
> 1: ACC: 99.98% Loss: 0.0004 - MAX val_ACC: 76.13% val_Loss: 2.8125
> 2: ACC: 99.95% Loss: 0.0011 - MAX val_ACC: 75.81% val_Loss: 2.0337
> 3: ACC: 99.98% Loss: 0.0003 - MAX val_ACC: 76.36% val_Loss: 2.6286
> 4: ACC: 99.98% Loss: 0.0004 - MAX val_ACC: 76.46% val_Loss: 2.7103
Running for fold: cross_setup
fold_path:: /demo/ARN-LSTM/runs/NTU-V2/ARN-LSTM_inward+outward/fold_cross_setup/
> fold weights filepaths: ['runs/NTU-V2/ARN-LSTM_inward/fold_cross_setup/rerun_0/relnet_weights.hdf5', 'runs/NTU-V2/ARN-LSTM_outward/fold_cross_setup/rerun_3/relnet_weights.hdf5']
> 0: ACC: 99.98% Loss: 0.0002 - MAX val_ACC: 76.76% val_Loss: 2.5157
> 1: ACC: 99.99% Loss: 0.0002 - MAX val_ACC: 77.05% val_Loss: 2.4966
> 2: ACC: 99.99% Loss: 0.0002 - MAX val_ACC: 77.17% val_Loss: 2.5441
> 3: ACC: 99.98% Loss: 0.0002 - MAX val_ACC: 76.81% val_Loss: 2.3234
> 4: ACC: 99.98% Loss: 0.0002 - MAX val_ACC: 77.07% val_Loss: 2.4180
+++++ Summarized results:

Summary for Dataset, Folds, Experiment:
> NTU-V2 | ['cross_subject', 'cross_setup'] | ARN-LSTM_inward+outward
     accuracy   loss val_accuracy val_loss epoch
0      99.98% 0.0004       76.46%   2.7103   302
1      99.99% 0.0002       77.17%   2.5441   256
mean   99.98% 0.0003       76.81%   2.6272   279
std     0.01% 0.0001        0.50%   0.1176    33
Val ACC Mean: 76.81% Std: 0.0050

> Finished Run Protocol - Sat Jan 25 08:43:27 2025
> Starting Run Protocol -  Sat Jan 25 08:43:28 2025
Running for dataset: NTU-V2
Running for folds: ['cross_subject', 'cross_setup']
Experiment name: ARN-LSTM-fc1_inward+outward
Experiment folder: /demo/ARN-LSTM/runs/NTU-V2/ARN-LSTM-fc1_inward+outward
Number of reruns per dataset fold: 5
Resuming run protocol...
***** Experiment parameters *****
Configuration file: configs/NTU-V2/ARN-LSTM-fc1_inward+outward.cfg
	 Skeleton info
	 > selected_joints: ['Nose', 'Neck', 'MidHip', 'RWrist', 'LWrist', 'RAnkle', 'LAnkle']
	 > add_joint_idx: True
	 > add_body_part: True
	 > timesteps: 32
	 > skip_timesteps: None
	 > normalization: NTU
	 > seq_step: 16
	 Fusion info
	 > fusion mode: middle
	 > config_filepaths: ['configs/NTU-V2/ARN-LSTM_inward.cfg', 'configs/NTU-V2/ARN-LSTM_outward.cfg']
	 > freeze_g_theta: False
	 > fuse_at_fc1: True
	 > Criteria for weights: val_loss
	 > Using Temporal RN: False
	 Training options
	 > drop_rate: 0.25
	 > learning_rate: 0.0001
	 > checkpoint_period: 1
	 > epochs: 600
	 > Batch Size: 64
	 Evaluation options
	 > Pool average from videos sequences: False
Running for fold: cross_subject
fold_path:: /demo/ARN-LSTM/runs/NTU-V2/ARN-LSTM-fc1_inward+outward/fold_cross_subject/
> fold weights filepaths: ['runs/NTU-V2/ARN-LSTM_inward/fold_cross_subject/rerun_0/relnet_weights.hdf5', 'runs/NTU-V2/ARN-LSTM_outward/fold_cross_subject/rerun_3/relnet_weights.hdf5']
> 0: ACC: 99.98% Loss: 0.0003 - MAX val_ACC: 76.61% val_Loss: 2.4775
> 1: ACC: 99.98% Loss: 0.0005 - MAX val_ACC: 75.84% val_Loss: 2.2652
> 2: ACC: 99.98% Loss: 0.0005 - MAX val_ACC: 75.94% val_Loss: 2.3300
> 3: ACC: 99.98% Loss: 0.0004 - MAX val_ACC: 76.12% val_Loss: 2.1899
> 4: ACC: 99.98% Loss: 0.0003 - MAX val_ACC: 76.27% val_Loss: 2.7311
Running for fold: cross_setup
fold_path:: /demo/ARN-LSTM/runs/NTU-V2/ARN-LSTM-fc1_inward+outward/fold_cross_setup/
> fold weights filepaths: ['runs/NTU-V2/ARN-LSTM_inward/fold_cross_setup/rerun_0/relnet_weights.hdf5', 'runs/NTU-V2/ARN-LSTM_outward/fold_cross_setup/rerun_3/relnet_weights.hdf5']
> 0: ACC: 99.99% Loss: 0.0002 - MAX val_ACC: 76.56% val_Loss: 2.0265
> 1: ACC: 99.99% Loss: 0.0003 - MAX val_ACC: 76.84% val_Loss: 2.1516
> 2: ACC: 99.99% Loss: 0.0003 - MAX val_ACC: 76.37% val_Loss: 2.0190
> 3: ACC: 99.98% Loss: 0.0002 - MAX val_ACC: 77.22% val_Loss: 2.4163
> 4: ACC: 99.98% Loss: 0.0002 - MAX val_ACC: 77.07% val_Loss: 2.2378
+++++ Summarized results:

Summary for Dataset, Folds, Experiment:
> NTU-V2 | ['cross_subject', 'cross_setup'] | ARN-LSTM-fc1_inward+outward
     accuracy   loss val_accuracy val_loss epoch
0      99.98% 0.0003       76.61%   2.4775   277
1      99.98% 0.0002       77.22%   2.4163   268
mean   99.98% 0.0003       76.92%   2.4469   272
std     0.00% 0.0001        0.43%   0.0433     6
Val ACC Mean: 76.92% Std: 0.0043

> Finished Run Protocol - Sat Jan 25 08:43:28 2025
