2024-07-22 19:08:35.562622: I tensorflow/stream_executor/cuda/cuda_gpu_executor.cc:936] successful NUMA node read from SysFS had negative value (-1), but there must be at least one NUMA node, so returning NUMA node zero
2024-07-22 19:08:35.574588: I tensorflow/stream_executor/cuda/cuda_gpu_executor.cc:936] successful NUMA node read from SysFS had negative value (-1), but there must be at least one NUMA node, so returning NUMA node zero
2024-07-22 19:08:35.574672: I tensorflow/stream_executor/cuda/cuda_gpu_executor.cc:936] successful NUMA node read from SysFS had negative value (-1), but there must be at least one NUMA node, so returning NUMA node zero
2024-07-22 19:08:35.574849: I tensorflow/core/platform/cpu_feature_guard.cc:151] This TensorFlow binary is optimized with oneAPI Deep Neural Network Library (oneDNN) to use the following CPU instructions in performance-critical operations:  AVX2 FMA
To enable them in other operations, rebuild TensorFlow with the appropriate compiler flags.
2024-07-22 19:08:35.576185: I tensorflow/stream_executor/cuda/cuda_gpu_executor.cc:936] successful NUMA node read from SysFS had negative value (-1), but there must be at least one NUMA node, so returning NUMA node zero
2024-07-22 19:08:35.576256: I tensorflow/stream_executor/cuda/cuda_gpu_executor.cc:936] successful NUMA node read from SysFS had negative value (-1), but there must be at least one NUMA node, so returning NUMA node zero
2024-07-22 19:08:35.576298: I tensorflow/stream_executor/cuda/cuda_gpu_executor.cc:936] successful NUMA node read from SysFS had negative value (-1), but there must be at least one NUMA node, so returning NUMA node zero
2024-07-22 19:08:35.640747: W tensorflow/stream_executor/cuda/cuda_driver.cc:374] A non-primary context 0x563dea00a610 for device 0 exists before initializing the StreamExecutor. The primary context is now 0. We haven't verified StreamExecutor works with that.
2024-07-22 19:08:35.640824: F tensorflow/core/platform/statusor.cc:33] Attempting to fetch value instead of handling error INTERNAL: failed initializing StreamExecutor for CUDA device ordinal 0: INTERNAL: failed call to cuDevicePrimaryCtxRetain: CUDA_ERROR_OUT_OF_MEMORY: out of memory; total memory reported: 25393692672
ntu_runs.sh: line 73: 46985 Aborted                 (core dumped) python3 src/run_protocol.py temp_rel_att_lstm configs/NTU-V2/lstm/temp_rel_att_lstm.cfg NTU-V2 -n 5 -t -v 2
2024-07-22 19:08:38.850647: I tensorflow/stream_executor/cuda/cuda_gpu_executor.cc:936] successful NUMA node read from SysFS had negative value (-1), but there must be at least one NUMA node, so returning NUMA node zero
2024-07-22 19:08:38.862614: I tensorflow/stream_executor/cuda/cuda_gpu_executor.cc:936] successful NUMA node read from SysFS had negative value (-1), but there must be at least one NUMA node, so returning NUMA node zero
2024-07-22 19:08:38.862704: I tensorflow/stream_executor/cuda/cuda_gpu_executor.cc:936] successful NUMA node read from SysFS had negative value (-1), but there must be at least one NUMA node, so returning NUMA node zero
2024-07-22 19:08:38.862881: I tensorflow/core/platform/cpu_feature_guard.cc:151] This TensorFlow binary is optimized with oneAPI Deep Neural Network Library (oneDNN) to use the following CPU instructions in performance-critical operations:  AVX2 FMA
To enable them in other operations, rebuild TensorFlow with the appropriate compiler flags.
2024-07-22 19:08:38.864388: I tensorflow/stream_executor/cuda/cuda_gpu_executor.cc:936] successful NUMA node read from SysFS had negative value (-1), but there must be at least one NUMA node, so returning NUMA node zero
2024-07-22 19:08:38.864469: I tensorflow/stream_executor/cuda/cuda_gpu_executor.cc:936] successful NUMA node read from SysFS had negative value (-1), but there must be at least one NUMA node, so returning NUMA node zero
2024-07-22 19:08:38.864513: I tensorflow/stream_executor/cuda/cuda_gpu_executor.cc:936] successful NUMA node read from SysFS had negative value (-1), but there must be at least one NUMA node, so returning NUMA node zero
2024-07-22 19:08:38.985454: W tensorflow/stream_executor/cuda/cuda_driver.cc:374] A non-primary context 0x5618122d6890 for device 0 exists before initializing the StreamExecutor. The primary context is now 0. We haven't verified StreamExecutor works with that.
2024-07-22 19:08:38.985642: F tensorflow/core/platform/statusor.cc:33] Attempting to fetch value instead of handling error INTERNAL: failed initializing StreamExecutor for CUDA device ordinal 0: INTERNAL: failed call to cuDevicePrimaryCtxRetain: CUDA_ERROR_OUT_OF_MEMORY: out of memory; total memory reported: 25393692672
ntu_runs.sh: line 74: 47095 Aborted                 (core dumped) python3 src/run_protocol.py temp_rel_ave_lstm configs/NTU-V2/lstm/temp_rel_ave_lstm.cfg NTU-V2 -n 5 -t -v 2
2024-07-22 19:08:42.214645: I tensorflow/stream_executor/cuda/cuda_gpu_executor.cc:936] successful NUMA node read from SysFS had negative value (-1), but there must be at least one NUMA node, so returning NUMA node zero
2024-07-22 19:08:42.226664: I tensorflow/stream_executor/cuda/cuda_gpu_executor.cc:936] successful NUMA node read from SysFS had negative value (-1), but there must be at least one NUMA node, so returning NUMA node zero
2024-07-22 19:08:42.226753: I tensorflow/stream_executor/cuda/cuda_gpu_executor.cc:936] successful NUMA node read from SysFS had negative value (-1), but there must be at least one NUMA node, so returning NUMA node zero
2024-07-22 19:08:42.226938: I tensorflow/core/platform/cpu_feature_guard.cc:151] This TensorFlow binary is optimized with oneAPI Deep Neural Network Library (oneDNN) to use the following CPU instructions in performance-critical operations:  AVX2 FMA
To enable them in other operations, rebuild TensorFlow with the appropriate compiler flags.
2024-07-22 19:08:42.228669: I tensorflow/stream_executor/cuda/cuda_gpu_executor.cc:936] successful NUMA node read from SysFS had negative value (-1), but there must be at least one NUMA node, so returning NUMA node zero
2024-07-22 19:08:42.228745: I tensorflow/stream_executor/cuda/cuda_gpu_executor.cc:936] successful NUMA node read from SysFS had negative value (-1), but there must be at least one NUMA node, so returning NUMA node zero
2024-07-22 19:08:42.228786: I tensorflow/stream_executor/cuda/cuda_gpu_executor.cc:936] successful NUMA node read from SysFS had negative value (-1), but there must be at least one NUMA node, so returning NUMA node zero
2024-07-22 19:08:42.279035: W tensorflow/stream_executor/cuda/cuda_driver.cc:374] A non-primary context 0x559f1b0e4e20 for device 0 exists before initializing the StreamExecutor. The primary context is now 0. We haven't verified StreamExecutor works with that.
2024-07-22 19:08:42.279115: F tensorflow/core/platform/statusor.cc:33] Attempting to fetch value instead of handling error INTERNAL: failed initializing StreamExecutor for CUDA device ordinal 0: INTERNAL: failed call to cuDevicePrimaryCtxRetain: CUDA_ERROR_OUT_OF_MEMORY: out of memory; total memory reported: 25393692672
ntu_runs.sh: line 75: 47202 Aborted                 (core dumped) python3 src/run_protocol.py temp_no_rel_ave_lstm configs/NTU-V2/lstm/temp_no_rel_ave_lstm.cfg NTU-V2 -n 5 -t -v 2
2024-07-22 19:18:03.822163: I tensorflow/stream_executor/cuda/cuda_gpu_executor.cc:936] successful NUMA node read from SysFS had negative value (-1), but there must be at least one NUMA node, so returning NUMA node zero
2024-07-22 19:18:03.890787: I tensorflow/stream_executor/cuda/cuda_gpu_executor.cc:936] successful NUMA node read from SysFS had negative value (-1), but there must be at least one NUMA node, so returning NUMA node zero
2024-07-22 19:18:03.891014: I tensorflow/stream_executor/cuda/cuda_gpu_executor.cc:936] successful NUMA node read from SysFS had negative value (-1), but there must be at least one NUMA node, so returning NUMA node zero
2024-07-22 19:18:03.891714: I tensorflow/core/platform/cpu_feature_guard.cc:151] This TensorFlow binary is optimized with oneAPI Deep Neural Network Library (oneDNN) to use the following CPU instructions in performance-critical operations:  AVX2 FMA
To enable them in other operations, rebuild TensorFlow with the appropriate compiler flags.
2024-07-22 19:18:03.894270: I tensorflow/stream_executor/cuda/cuda_gpu_executor.cc:936] successful NUMA node read from SysFS had negative value (-1), but there must be at least one NUMA node, so returning NUMA node zero
2024-07-22 19:18:03.894448: I tensorflow/stream_executor/cuda/cuda_gpu_executor.cc:936] successful NUMA node read from SysFS had negative value (-1), but there must be at least one NUMA node, so returning NUMA node zero
2024-07-22 19:18:03.894560: I tensorflow/stream_executor/cuda/cuda_gpu_executor.cc:936] successful NUMA node read from SysFS had negative value (-1), but there must be at least one NUMA node, so returning NUMA node zero
2024-07-22 19:18:04.238243: I tensorflow/stream_executor/cuda/cuda_gpu_executor.cc:936] successful NUMA node read from SysFS had negative value (-1), but there must be at least one NUMA node, so returning NUMA node zero
2024-07-22 19:18:04.238361: I tensorflow/stream_executor/cuda/cuda_gpu_executor.cc:936] successful NUMA node read from SysFS had negative value (-1), but there must be at least one NUMA node, so returning NUMA node zero
2024-07-22 19:18:04.238409: I tensorflow/stream_executor/cuda/cuda_gpu_executor.cc:936] successful NUMA node read from SysFS had negative value (-1), but there must be at least one NUMA node, so returning NUMA node zero
2024-07-22 19:18:04.238587: I tensorflow/core/common_runtime/gpu/gpu_device.cc:1525] Created device /job:localhost/replica:0/task:0/device:GPU:0 with 22135 MB memory:  -> device: 0, name: NVIDIA GeForce RTX 4090, pci bus id: 0000:01:00.0, compute capability: 8.9
> Starting Run Protocol -  Mon Jul 22 19:18:01 2024
Running for dataset: NTU-V2
Running for folds: ['cross_subject', 'cross_setup']
Experiment name: temp_rel_att_lstm
Experiment folder: /demo/ARN-LSTM/runs/models/NTU-V2/temp_rel_att_lstm
Number of reruns per dataset fold: 5
Resuming run protocol...
***** Experiment parameters *****
Configuration file: configs/NTU-V2/lstm/temp_rel_att_lstm.cfg
	 Skeleton info
	 > selected_joints: ['Nose', 'Neck', 'MidHip', 'RWrist', 'LWrist', 'RAnkle', 'LAnkle']
	 > add_joint_idx: False
	 > add_body_part: False
	 > timesteps: 32
	 > skip_timesteps: None
	 > normalization: NTU
	 > sample_method: all
	 > seq_step: 16
	 > arch: temp-lstm
	 Model info
	 > rel_type: temp_stream
	 > fuse_type: None
	 > compute_distance: False
	 > compute_motion: False
	 > use_relations: True
	 > use_attention: True
	 > return_attention: False
	 > Using Temporal RN: True
	 Training options
	 > drop_rate: 0.1
	 > kernel_init_type: TruncatedNormal
	 > learning_rate: 0.0001
	 > checkpoint_period: 1
	 > kernel_init_param: 0.045
	 > epochs: 200
	 > Batch Size: 64
	 Evaluation options
	 > Pool average from videos sequences: False
Running for fold: cross_subject
> 0: ACC: 93.89% Loss: 0.1881 - MAX val_ACC: 69.02% val_Loss: 1.4182
> 1: ACC: 95.84% Loss: 0.1292 - MAX val_ACC: 69.73% val_Loss: 1.4563
> 2: ACC: 95.33% Loss: 0.1451 - MAX val_ACC: 69.11% val_Loss: 1.4821
> 3: ACC: 97.30% Loss: 0.0897 - MAX val_ACC: 70.51% val_Loss: 1.4264
> 4: ACC: 95.42% Loss: 0.1413 - MAX val_ACC: 69.15% val_Loss: 1.4715
Running for fold: cross_setup
***** Training parameters for train_temp_rn *****
	 Output path: /demo/ARN-LSTM/runs/models/NTU-V2/temp_rel_att_lstm/fold_cross_setup//rerun_0
	 Dataset: NTU-V2
	 Dataset fold: cross_setup
	 Skeleton info
	 > selected_joints: ['Nose', 'Neck', 'MidHip', 'RWrist', 'LWrist', 'RAnkle', 'LAnkle']
	 > add_joint_idx: False
	 > add_body_part: False
	 > timesteps: 32
	 > skip_timesteps: None
	 > normalization: NTU
	 > sample_method: all
	 > seq_step: 16
	 > arch: temp-lstm
	 Model info
	 > rel_type: temp_stream
	 > fuse_type: None
	 > compute_distance: False
	 > compute_motion: False
	 > use_relations: True
	 > use_attention: True
	 > return_attention: False
	 Kernel Init info
	 > kernel_init_type: TruncatedNormal
	 > kernel_init_param: 0.045
	 > kernel_init_seed: None
	 Training options
	 > Batch Size: 64
	 > Epochs: 200
	 > Checkpoint Period: 1
	 > Learning Rate: 0.0001
	 > Dropout rate: 0.1
	 > Training Subsample Ratio: None
Reading data...
> Using DataGenerator
Creating model...
batch_size: None
Model: "temp_rel_net"
_________________________________________________________________
 Layer (type)                Output Shape              Param #   
=================================================================
 input_1 (InputLayer)        [(None, 13, 32, 42)]      0         
                                                                 
 time_distributed (TimeDistr  (None, 13, 100)          3148700   
 ibuted)                                                         
                                                                 
 lstm (LSTM)                 (None, 256)               365568    
                                                                 
 model (Dense)               (None, 120)               30840     
                                                                 
=================================================================
Total params: 3,545,108
Trainable params: 3,545,108
Non-trainable params: 0
_________________________________________________________________
WARNING:tensorflow:`period` argument is deprecated. Please use `save_freq` to specify the frequency in number of batches seen.
WARNING:tensorflow:`batch_size` is no longer needed in the `TensorBoard` Callback and will be ignored in TensorFlow 2.0.
WARNING:tensorflow:`period` argument is deprecated. Please use `save_freq` to specify the frequency in number of batches seen.
Compiling model...
Starting training...
Epoch 1/200
2024-07-22 19:18:30.472263: I tensorflow/stream_executor/cuda/cuda_blas.cc:1786] TensorFloat-32 will be used for the matrix multiplication. This will only be logged once.
2024-07-22 19:18:30.601588: I tensorflow/stream_executor/cuda/cuda_dnn.cc:368] Loaded cuDNN version 8907
186/186 - 162s - loss: 3.5821 - accuracy: 0.0663 - recall_m: 0.0000e+00 - precision_m: 0.0000e+00 - f1_m: 0.0000e+00 - val_loss: 3.0545 - val_accuracy: 0.1194 - val_recall_m: 0.0000e+00 - val_precision_m: 0.0000e+00 - val_f1_m: 0.0000e+00 - 162s/epoch - 873ms/step
Epoch 2/200
186/186 - 133s - loss: 2.8420 - accuracy: 0.1654 - recall_m: 0.0000e+00 - precision_m: 0.0000e+00 - f1_m: 0.0000e+00 - val_loss: 2.6444 - val_accuracy: 0.2153 - val_recall_m: 0.0000e+00 - val_precision_m: 0.0000e+00 - val_f1_m: 0.0000e+00 - 133s/epoch - 716ms/step
Epoch 3/200
186/186 - 133s - loss: 2.5481 - accuracy: 0.2347 - recall_m: 0.0000e+00 - precision_m: 0.0000e+00 - f1_m: 0.0000e+00 - val_loss: 2.4527 - val_accuracy: 0.2498 - val_recall_m: 0.0000e+00 - val_precision_m: 0.0000e+00 - val_f1_m: 0.0000e+00 - 133s/epoch - 714ms/step
Epoch 4/200
186/186 - 133s - loss: 2.3962 - accuracy: 0.2540 - recall_m: 0.0000e+00 - precision_m: 0.0000e+00 - f1_m: 0.0000e+00 - val_loss: 2.3610 - val_accuracy: 0.2536 - val_recall_m: 0.0000e+00 - val_precision_m: 0.0000e+00 - val_f1_m: 0.0000e+00 - 133s/epoch - 713ms/step
Epoch 5/200
186/186 - 133s - loss: 2.2917 - accuracy: 0.2832 - recall_m: 0.0074 - precision_m: 0.3280 - f1_m: 0.0144 - val_loss: 2.2564 - val_accuracy: 0.2868 - val_recall_m: 0.0250 - val_precision_m: 0.4294 - val_f1_m: 0.0467 - 133s/epoch - 714ms/step
Epoch 6/200
186/186 - 133s - loss: 2.2021 - accuracy: 0.2988 - recall_m: 0.0306 - precision_m: 0.7919 - f1_m: 0.0584 - val_loss: 2.1798 - val_accuracy: 0.3073 - val_recall_m: 0.0378 - val_precision_m: 0.4713 - val_f1_m: 0.0689 - 133s/epoch - 714ms/step
Epoch 7/200
186/186 - 133s - loss: 2.0900 - accuracy: 0.3436 - recall_m: 0.0533 - precision_m: 0.8612 - f1_m: 0.0989 - val_loss: 2.0781 - val_accuracy: 0.3601 - val_recall_m: 0.0844 - val_precision_m: 0.8177 - val_f1_m: 0.1514 - 133s/epoch - 714ms/step
Epoch 8/200
186/186 - 133s - loss: 1.9571 - accuracy: 0.3958 - recall_m: 0.1168 - precision_m: 0.8592 - f1_m: 0.2028 - val_loss: 1.9205 - val_accuracy: 0.4046 - val_recall_m: 0.1364 - val_precision_m: 0.8114 - val_f1_m: 0.2314 - 133s/epoch - 713ms/step
Epoch 9/200
186/186 - 133s - loss: 1.8408 - accuracy: 0.4295 - recall_m: 0.1498 - precision_m: 0.8227 - f1_m: 0.2507 - val_loss: 1.8144 - val_accuracy: 0.4380 - val_recall_m: 0.1747 - val_precision_m: 0.8069 - val_f1_m: 0.2839 - 133s/epoch - 714ms/step
Epoch 10/200
186/186 - 133s - loss: 1.7485 - accuracy: 0.4523 - recall_m: 0.1850 - precision_m: 0.8288 - f1_m: 0.2998 - val_loss: 1.7729 - val_accuracy: 0.4464 - val_recall_m: 0.1975 - val_precision_m: 0.8014 - val_f1_m: 0.3143 - 133s/epoch - 716ms/step
Epoch 11/200
186/186 - 133s - loss: 1.6862 - accuracy: 0.4672 - recall_m: 0.2114 - precision_m: 0.8215 - f1_m: 0.3338 - val_loss: 1.7156 - val_accuracy: 0.4597 - val_recall_m: 0.2328 - val_precision_m: 0.7891 - val_f1_m: 0.3570 - 133s/epoch - 714ms/step
Epoch 12/200
186/186 - 133s - loss: 1.6237 - accuracy: 0.4835 - recall_m: 0.2366 - precision_m: 0.8236 - f1_m: 0.3651 - val_loss: 1.6533 - val_accuracy: 0.4763 - val_recall_m: 0.2521 - val_precision_m: 0.8024 - val_f1_m: 0.3812 - 133s/epoch - 713ms/step
Epoch 13/200
186/186 - 133s - loss: 1.5647 - accuracy: 0.5007 - recall_m: 0.2621 - precision_m: 0.8288 - f1_m: 0.3957 - val_loss: 1.6223 - val_accuracy: 0.4855 - val_recall_m: 0.2574 - val_precision_m: 0.8052 - val_f1_m: 0.3876 - 133s/epoch - 715ms/step
Epoch 14/200
186/186 - 133s - loss: 1.5218 - accuracy: 0.5142 - recall_m: 0.2814 - precision_m: 0.8168 - f1_m: 0.4158 - val_loss: 1.5811 - val_accuracy: 0.4994 - val_recall_m: 0.2777 - val_precision_m: 0.7813 - val_f1_m: 0.4074 - 133s/epoch - 714ms/step
Epoch 15/200
186/186 - 133s - loss: 1.4707 - accuracy: 0.5296 - recall_m: 0.2958 - precision_m: 0.8158 - f1_m: 0.4317 - val_loss: 1.5613 - val_accuracy: 0.5039 - val_recall_m: 0.2988 - val_precision_m: 0.7732 - val_f1_m: 0.4288 - 133s/epoch - 714ms/step
Epoch 16/200
186/186 - 133s - loss: 1.4262 - accuracy: 0.5411 - recall_m: 0.3192 - precision_m: 0.8182 - f1_m: 0.4570 - val_loss: 1.5109 - val_accuracy: 0.5160 - val_recall_m: 0.3113 - val_precision_m: 0.7772 - val_f1_m: 0.4425 - 133s/epoch - 716ms/step
Epoch 17/200
186/186 - 133s - loss: 1.3874 - accuracy: 0.5511 - recall_m: 0.3373 - precision_m: 0.8211 - f1_m: 0.4759 - val_loss: 1.5016 - val_accuracy: 0.5176 - val_recall_m: 0.3160 - val_precision_m: 0.7782 - val_f1_m: 0.4465 - 133s/epoch - 716ms/step
Epoch 18/200
186/186 - 133s - loss: 1.3608 - accuracy: 0.5622 - recall_m: 0.3530 - precision_m: 0.8143 - f1_m: 0.4902 - val_loss: 1.4510 - val_accuracy: 0.5347 - val_recall_m: 0.3470 - val_precision_m: 0.7602 - val_f1_m: 0.4736 - 133s/epoch - 714ms/step
Epoch 19/200
186/186 - 133s - loss: 1.3175 - accuracy: 0.5760 - recall_m: 0.3691 - precision_m: 0.8181 - f1_m: 0.5068 - val_loss: 1.4397 - val_accuracy: 0.5431 - val_recall_m: 0.3470 - val_precision_m: 0.7649 - val_f1_m: 0.4747 - 133s/epoch - 713ms/step
Epoch 20/200
186/186 - 133s - loss: 1.2910 - accuracy: 0.5824 - recall_m: 0.3810 - precision_m: 0.8217 - f1_m: 0.5184 - val_loss: 1.4037 - val_accuracy: 0.5502 - val_recall_m: 0.3727 - val_precision_m: 0.7521 - val_f1_m: 0.4962 - 133s/epoch - 714ms/step
Epoch 21/200
186/186 - 133s - loss: 1.2622 - accuracy: 0.5948 - recall_m: 0.3945 - precision_m: 0.8135 - f1_m: 0.5296 - val_loss: 1.4016 - val_accuracy: 0.5501 - val_recall_m: 0.3694 - val_precision_m: 0.7524 - val_f1_m: 0.4932 - 133s/epoch - 715ms/step
Epoch 22/200
186/186 - 133s - loss: 1.2349 - accuracy: 0.6043 - recall_m: 0.4077 - precision_m: 0.8184 - f1_m: 0.5425 - val_loss: 1.3752 - val_accuracy: 0.5607 - val_recall_m: 0.3809 - val_precision_m: 0.7590 - val_f1_m: 0.5047 - 133s/epoch - 713ms/step
Epoch 23/200
186/186 - 133s - loss: 1.2080 - accuracy: 0.6125 - recall_m: 0.4234 - precision_m: 0.8139 - f1_m: 0.5550 - val_loss: 1.3718 - val_accuracy: 0.5598 - val_recall_m: 0.3877 - val_precision_m: 0.7551 - val_f1_m: 0.5098 - 133s/epoch - 713ms/step
Epoch 24/200
186/186 - 133s - loss: 1.1884 - accuracy: 0.6109 - recall_m: 0.4301 - precision_m: 0.8175 - f1_m: 0.5623 - val_loss: 1.3142 - val_accuracy: 0.5811 - val_recall_m: 0.4123 - val_precision_m: 0.7618 - val_f1_m: 0.5327 - 133s/epoch - 716ms/step
Epoch 25/200
186/186 - 133s - loss: 1.1705 - accuracy: 0.6197 - recall_m: 0.4449 - precision_m: 0.8146 - f1_m: 0.5740 - val_loss: 1.3425 - val_accuracy: 0.5646 - val_recall_m: 0.4141 - val_precision_m: 0.7398 - val_f1_m: 0.5290 - 133s/epoch - 713ms/step
Epoch 26/200
186/186 - 133s - loss: 1.1460 - accuracy: 0.6263 - recall_m: 0.4572 - precision_m: 0.8226 - f1_m: 0.5861 - val_loss: 1.2883 - val_accuracy: 0.5850 - val_recall_m: 0.4293 - val_precision_m: 0.7569 - val_f1_m: 0.5456 - 133s/epoch - 713ms/step
Epoch 27/200
186/186 - 133s - loss: 1.1283 - accuracy: 0.6306 - recall_m: 0.4701 - precision_m: 0.8217 - f1_m: 0.5961 - val_loss: 1.2905 - val_accuracy: 0.5819 - val_recall_m: 0.4215 - val_precision_m: 0.7649 - val_f1_m: 0.5412 - 133s/epoch - 715ms/step
Epoch 28/200
186/186 - 133s - loss: 1.1039 - accuracy: 0.6381 - recall_m: 0.4824 - precision_m: 0.8199 - f1_m: 0.6056 - val_loss: 1.2999 - val_accuracy: 0.5771 - val_recall_m: 0.4404 - val_precision_m: 0.7405 - val_f1_m: 0.5503 - 133s/epoch - 713ms/step
Epoch 29/200
186/186 - 132s - loss: 1.0807 - accuracy: 0.6471 - recall_m: 0.4946 - precision_m: 0.8190 - f1_m: 0.6152 - val_loss: 1.2725 - val_accuracy: 0.5933 - val_recall_m: 0.4401 - val_precision_m: 0.7548 - val_f1_m: 0.5538 - 132s/epoch - 712ms/step
Epoch 30/200
186/186 - 132s - loss: 1.0721 - accuracy: 0.6505 - recall_m: 0.4999 - precision_m: 0.8221 - f1_m: 0.6203 - val_loss: 1.2754 - val_accuracy: 0.5897 - val_recall_m: 0.4471 - val_precision_m: 0.7537 - val_f1_m: 0.5589 - 132s/epoch - 712ms/step
Epoch 31/200
186/186 - 133s - loss: 1.0569 - accuracy: 0.6517 - recall_m: 0.5077 - precision_m: 0.8208 - f1_m: 0.6261 - val_loss: 1.2699 - val_accuracy: 0.5935 - val_recall_m: 0.4656 - val_precision_m: 0.7420 - val_f1_m: 0.5700 - 133s/epoch - 715ms/step
Epoch 32/200
186/186 - 133s - loss: 1.0467 - accuracy: 0.6581 - recall_m: 0.5167 - precision_m: 0.8221 - f1_m: 0.6331 - val_loss: 1.2429 - val_accuracy: 0.5988 - val_recall_m: 0.4701 - val_precision_m: 0.7466 - val_f1_m: 0.5750 - 133s/epoch - 714ms/step
Epoch 33/200
186/186 - 133s - loss: 1.0187 - accuracy: 0.6657 - recall_m: 0.5307 - precision_m: 0.8315 - f1_m: 0.6465 - val_loss: 1.2491 - val_accuracy: 0.5989 - val_recall_m: 0.4673 - val_precision_m: 0.7504 - val_f1_m: 0.5734 - 133s/epoch - 713ms/step
Epoch 34/200
186/186 - 133s - loss: 1.0134 - accuracy: 0.6646 - recall_m: 0.5330 - precision_m: 0.8234 - f1_m: 0.6454 - val_loss: 1.2260 - val_accuracy: 0.6051 - val_recall_m: 0.4902 - val_precision_m: 0.7442 - val_f1_m: 0.5890 - 133s/epoch - 716ms/step
Epoch 35/200
186/186 - 133s - loss: 0.9933 - accuracy: 0.6746 - recall_m: 0.5406 - precision_m: 0.8258 - f1_m: 0.6523 - val_loss: 1.2243 - val_accuracy: 0.6075 - val_recall_m: 0.4896 - val_precision_m: 0.7537 - val_f1_m: 0.5916 - 133s/epoch - 713ms/step
Epoch 36/200
186/186 - 133s - loss: 0.9755 - accuracy: 0.6808 - recall_m: 0.5556 - precision_m: 0.8305 - f1_m: 0.6645 - val_loss: 1.2243 - val_accuracy: 0.6057 - val_recall_m: 0.4931 - val_precision_m: 0.7405 - val_f1_m: 0.5903 - 133s/epoch - 715ms/step
Epoch 37/200
186/186 - 133s - loss: 0.9777 - accuracy: 0.6767 - recall_m: 0.5555 - precision_m: 0.8260 - f1_m: 0.6632 - val_loss: 1.2438 - val_accuracy: 0.5987 - val_recall_m: 0.4935 - val_precision_m: 0.7325 - val_f1_m: 0.5881 - 133s/epoch - 714ms/step
Epoch 38/200
186/186 - 133s - loss: 0.9562 - accuracy: 0.6828 - recall_m: 0.5639 - precision_m: 0.8281 - f1_m: 0.6697 - val_loss: 1.2081 - val_accuracy: 0.6090 - val_recall_m: 0.4978 - val_precision_m: 0.7491 - val_f1_m: 0.5964 - 133s/epoch - 713ms/step
Epoch 39/200
186/186 - 132s - loss: 0.9355 - accuracy: 0.6930 - recall_m: 0.5748 - precision_m: 0.8360 - f1_m: 0.6800 - val_loss: 1.2052 - val_accuracy: 0.6142 - val_recall_m: 0.5004 - val_precision_m: 0.7475 - val_f1_m: 0.5975 - 132s/epoch - 712ms/step
Epoch 40/200
186/186 - 133s - loss: 0.9343 - accuracy: 0.6891 - recall_m: 0.5726 - precision_m: 0.8289 - f1_m: 0.6761 - val_loss: 1.2227 - val_accuracy: 0.6071 - val_recall_m: 0.4959 - val_precision_m: 0.7445 - val_f1_m: 0.5934 - 133s/epoch - 713ms/step
Epoch 41/200
186/186 - 133s - loss: 0.9205 - accuracy: 0.6936 - recall_m: 0.5780 - precision_m: 0.8346 - f1_m: 0.6818 - val_loss: 1.1992 - val_accuracy: 0.6176 - val_recall_m: 0.5193 - val_precision_m: 0.7377 - val_f1_m: 0.6079 - 133s/epoch - 715ms/step
Epoch 42/200
186/186 - 133s - loss: 0.9096 - accuracy: 0.6946 - recall_m: 0.5820 - precision_m: 0.8331 - f1_m: 0.6842 - val_loss: 1.1975 - val_accuracy: 0.6143 - val_recall_m: 0.5207 - val_precision_m: 0.7340 - val_f1_m: 0.6078 - 133s/epoch - 715ms/step
Epoch 43/200
186/186 - 133s - loss: 0.8967 - accuracy: 0.7012 - recall_m: 0.5939 - precision_m: 0.8331 - f1_m: 0.6925 - val_loss: 1.2149 - val_accuracy: 0.6079 - val_recall_m: 0.5107 - val_precision_m: 0.7393 - val_f1_m: 0.6021 - 133s/epoch - 714ms/step
Epoch 44/200
186/186 - 133s - loss: 0.8812 - accuracy: 0.7073 - recall_m: 0.5999 - precision_m: 0.8405 - f1_m: 0.6989 - val_loss: 1.1899 - val_accuracy: 0.6201 - val_recall_m: 0.5259 - val_precision_m: 0.7496 - val_f1_m: 0.6162 - 133s/epoch - 714ms/step
Epoch 45/200
186/186 - 132s - loss: 0.8791 - accuracy: 0.7037 - recall_m: 0.6003 - precision_m: 0.8298 - f1_m: 0.6955 - val_loss: 1.1811 - val_accuracy: 0.6210 - val_recall_m: 0.5241 - val_precision_m: 0.7484 - val_f1_m: 0.6147 - 132s/epoch - 712ms/step
Epoch 46/200
186/186 - 133s - loss: 0.8473 - accuracy: 0.7145 - recall_m: 0.6098 - precision_m: 0.8434 - f1_m: 0.7067 - val_loss: 1.1711 - val_accuracy: 0.6288 - val_recall_m: 0.5339 - val_precision_m: 0.7464 - val_f1_m: 0.6210 - 133s/epoch - 714ms/step
Epoch 47/200
186/186 - 133s - loss: 0.8441 - accuracy: 0.7150 - recall_m: 0.6160 - precision_m: 0.8392 - f1_m: 0.7096 - val_loss: 1.1617 - val_accuracy: 0.6302 - val_recall_m: 0.5395 - val_precision_m: 0.7423 - val_f1_m: 0.6232 - 133s/epoch - 714ms/step
Epoch 48/200
186/186 - 133s - loss: 0.8309 - accuracy: 0.7244 - recall_m: 0.6225 - precision_m: 0.8459 - f1_m: 0.7162 - val_loss: 1.1787 - val_accuracy: 0.6259 - val_recall_m: 0.5400 - val_precision_m: 0.7424 - val_f1_m: 0.6234 - 133s/epoch - 714ms/step
Epoch 49/200
186/186 - 133s - loss: 0.8304 - accuracy: 0.7247 - recall_m: 0.6241 - precision_m: 0.8424 - f1_m: 0.7160 - val_loss: 1.1814 - val_accuracy: 0.6245 - val_recall_m: 0.5326 - val_precision_m: 0.7443 - val_f1_m: 0.6194 - 133s/epoch - 713ms/step
Epoch 50/200
186/186 - 132s - loss: 0.8167 - accuracy: 0.7265 - recall_m: 0.6274 - precision_m: 0.8479 - f1_m: 0.7202 - val_loss: 1.1781 - val_accuracy: 0.6264 - val_recall_m: 0.5446 - val_precision_m: 0.7407 - val_f1_m: 0.6263 - 132s/epoch - 712ms/step
Epoch 51/200
186/186 - 133s - loss: 0.7997 - accuracy: 0.7324 - recall_m: 0.6363 - precision_m: 0.8511 - f1_m: 0.7272 - val_loss: 1.1554 - val_accuracy: 0.6337 - val_recall_m: 0.5489 - val_precision_m: 0.7504 - val_f1_m: 0.6325 - 133s/epoch - 715ms/step
Epoch 52/200
186/186 - 133s - loss: 0.7953 - accuracy: 0.7302 - recall_m: 0.6353 - precision_m: 0.8458 - f1_m: 0.7247 - val_loss: 1.1601 - val_accuracy: 0.6303 - val_recall_m: 0.5453 - val_precision_m: 0.7395 - val_f1_m: 0.6264 - 133s/epoch - 712ms/step
Epoch 53/200
186/186 - 133s - loss: 0.7838 - accuracy: 0.7386 - recall_m: 0.6444 - precision_m: 0.8479 - f1_m: 0.7312 - val_loss: 1.1732 - val_accuracy: 0.6290 - val_recall_m: 0.5379 - val_precision_m: 0.7427 - val_f1_m: 0.6222 - 133s/epoch - 713ms/step
Epoch 54/200
186/186 - 133s - loss: 0.7709 - accuracy: 0.7416 - recall_m: 0.6522 - precision_m: 0.8535 - f1_m: 0.7385 - val_loss: 1.1644 - val_accuracy: 0.6351 - val_recall_m: 0.5509 - val_precision_m: 0.7415 - val_f1_m: 0.6307 - 133s/epoch - 715ms/step
Epoch 55/200
186/186 - 133s - loss: 0.7581 - accuracy: 0.7433 - recall_m: 0.6547 - precision_m: 0.8554 - f1_m: 0.7407 - val_loss: 1.1751 - val_accuracy: 0.6338 - val_recall_m: 0.5558 - val_precision_m: 0.7475 - val_f1_m: 0.6363 - 133s/epoch - 714ms/step
Epoch 56/200
186/186 - 133s - loss: 0.7636 - accuracy: 0.7388 - recall_m: 0.6545 - precision_m: 0.8480 - f1_m: 0.7380 - val_loss: 1.1601 - val_accuracy: 0.6367 - val_recall_m: 0.5569 - val_precision_m: 0.7413 - val_f1_m: 0.6346 - 133s/epoch - 714ms/step
Epoch 57/200
186/186 - 133s - loss: 0.7521 - accuracy: 0.7487 - recall_m: 0.6630 - precision_m: 0.8560 - f1_m: 0.7464 - val_loss: 1.1636 - val_accuracy: 0.6390 - val_recall_m: 0.5620 - val_precision_m: 0.7349 - val_f1_m: 0.6357 - 133s/epoch - 713ms/step
Epoch 58/200
186/186 - 133s - loss: 0.7305 - accuracy: 0.7537 - recall_m: 0.6680 - precision_m: 0.8590 - f1_m: 0.7507 - val_loss: 1.1533 - val_accuracy: 0.6398 - val_recall_m: 0.5698 - val_precision_m: 0.7339 - val_f1_m: 0.6403 - 133s/epoch - 715ms/step
Epoch 59/200
186/186 - 133s - loss: 0.7200 - accuracy: 0.7574 - recall_m: 0.6739 - precision_m: 0.8632 - f1_m: 0.7561 - val_loss: 1.1618 - val_accuracy: 0.6406 - val_recall_m: 0.5701 - val_precision_m: 0.7411 - val_f1_m: 0.6431 - 133s/epoch - 715ms/step
Epoch 60/200
186/186 - 133s - loss: 0.7188 - accuracy: 0.7570 - recall_m: 0.6759 - precision_m: 0.8568 - f1_m: 0.7547 - val_loss: 1.1457 - val_accuracy: 0.6442 - val_recall_m: 0.5742 - val_precision_m: 0.7485 - val_f1_m: 0.6486 - 133s/epoch - 714ms/step
Epoch 61/200
186/186 - 133s - loss: 0.7011 - accuracy: 0.7625 - recall_m: 0.6816 - precision_m: 0.8636 - f1_m: 0.7611 - val_loss: 1.1319 - val_accuracy: 0.6504 - val_recall_m: 0.5789 - val_precision_m: 0.7464 - val_f1_m: 0.6507 - 133s/epoch - 714ms/step
Epoch 62/200
186/186 - 133s - loss: 0.6909 - accuracy: 0.7695 - recall_m: 0.6881 - precision_m: 0.8693 - f1_m: 0.7675 - val_loss: 1.1467 - val_accuracy: 0.6450 - val_recall_m: 0.5722 - val_precision_m: 0.7377 - val_f1_m: 0.6434 - 133s/epoch - 714ms/step
Epoch 63/200
186/186 - 133s - loss: 0.7050 - accuracy: 0.7615 - recall_m: 0.6822 - precision_m: 0.8612 - f1_m: 0.7607 - val_loss: 1.1499 - val_accuracy: 0.6445 - val_recall_m: 0.5732 - val_precision_m: 0.7428 - val_f1_m: 0.6456 - 133s/epoch - 713ms/step
Epoch 64/200
186/186 - 133s - loss: 0.6767 - accuracy: 0.7701 - recall_m: 0.6929 - precision_m: 0.8684 - f1_m: 0.7700 - val_loss: 1.1396 - val_accuracy: 0.6518 - val_recall_m: 0.5816 - val_precision_m: 0.7453 - val_f1_m: 0.6522 - 133s/epoch - 713ms/step
Epoch 65/200
186/186 - 133s - loss: 0.6603 - accuracy: 0.7833 - recall_m: 0.7033 - precision_m: 0.8735 - f1_m: 0.7785 - val_loss: 1.1773 - val_accuracy: 0.6348 - val_recall_m: 0.5687 - val_precision_m: 0.7334 - val_f1_m: 0.6393 - 133s/epoch - 714ms/step
Epoch 66/200
186/186 - 133s - loss: 0.6561 - accuracy: 0.7796 - recall_m: 0.7070 - precision_m: 0.8738 - f1_m: 0.7808 - val_loss: 1.1662 - val_accuracy: 0.6400 - val_recall_m: 0.5784 - val_precision_m: 0.7289 - val_f1_m: 0.6439 - 133s/epoch - 715ms/step
Epoch 67/200
186/186 - 133s - loss: 0.6628 - accuracy: 0.7734 - recall_m: 0.7032 - precision_m: 0.8653 - f1_m: 0.7751 - val_loss: 1.1554 - val_accuracy: 0.6487 - val_recall_m: 0.5851 - val_precision_m: 0.7413 - val_f1_m: 0.6528 - 133s/epoch - 715ms/step
Epoch 68/200
186/186 - 133s - loss: 0.6489 - accuracy: 0.7786 - recall_m: 0.7090 - precision_m: 0.8694 - f1_m: 0.7802 - val_loss: 1.1562 - val_accuracy: 0.6491 - val_recall_m: 0.5876 - val_precision_m: 0.7413 - val_f1_m: 0.6538 - 133s/epoch - 715ms/step
Epoch 69/200
186/186 - 133s - loss: 0.6301 - accuracy: 0.7892 - recall_m: 0.7161 - precision_m: 0.8762 - f1_m: 0.7875 - val_loss: 1.1716 - val_accuracy: 0.6466 - val_recall_m: 0.5815 - val_precision_m: 0.7323 - val_f1_m: 0.6470 - 133s/epoch - 714ms/step
Epoch 70/200
186/186 - 133s - loss: 0.6283 - accuracy: 0.7915 - recall_m: 0.7204 - precision_m: 0.8745 - f1_m: 0.7894 - val_loss: 1.1641 - val_accuracy: 0.6485 - val_recall_m: 0.5903 - val_precision_m: 0.7349 - val_f1_m: 0.6537 - 133s/epoch - 714ms/step
Epoch 71/200
186/186 - 133s - loss: 0.6154 - accuracy: 0.7936 - recall_m: 0.7226 - precision_m: 0.8792 - f1_m: 0.7927 - val_loss: 1.1494 - val_accuracy: 0.6537 - val_recall_m: 0.5893 - val_precision_m: 0.7451 - val_f1_m: 0.6568 - 133s/epoch - 715ms/step
Epoch 72/200
186/186 - 133s - loss: 0.6073 - accuracy: 0.7926 - recall_m: 0.7207 - precision_m: 0.8802 - f1_m: 0.7917 - val_loss: 1.1497 - val_accuracy: 0.6519 - val_recall_m: 0.5914 - val_precision_m: 0.7387 - val_f1_m: 0.6558 - 133s/epoch - 713ms/step
Epoch 73/200
186/186 - 132s - loss: 0.5960 - accuracy: 0.8005 - recall_m: 0.7325 - precision_m: 0.8823 - f1_m: 0.7997 - val_loss: 1.2195 - val_accuracy: 0.6346 - val_recall_m: 0.5705 - val_precision_m: 0.7223 - val_f1_m: 0.6363 - 132s/epoch - 712ms/step
Epoch 74/200
186/186 - 133s - loss: 0.6048 - accuracy: 0.7980 - recall_m: 0.7314 - precision_m: 0.8760 - f1_m: 0.7967 - val_loss: 1.1252 - val_accuracy: 0.6616 - val_recall_m: 0.6026 - val_precision_m: 0.7434 - val_f1_m: 0.6644 - 133s/epoch - 715ms/step
Epoch 75/200
186/186 - 133s - loss: 0.5784 - accuracy: 0.8058 - recall_m: 0.7412 - precision_m: 0.8862 - f1_m: 0.8065 - val_loss: 1.1503 - val_accuracy: 0.6590 - val_recall_m: 0.6011 - val_precision_m: 0.7353 - val_f1_m: 0.6604 - 133s/epoch - 714ms/step
Epoch 76/200
186/186 - 133s - loss: 0.5785 - accuracy: 0.8061 - recall_m: 0.7427 - precision_m: 0.8844 - f1_m: 0.8068 - val_loss: 1.1429 - val_accuracy: 0.6563 - val_recall_m: 0.5991 - val_precision_m: 0.7440 - val_f1_m: 0.6628 - 133s/epoch - 717ms/step
Epoch 77/200
186/186 - 133s - loss: 0.5618 - accuracy: 0.8112 - recall_m: 0.7477 - precision_m: 0.8861 - f1_m: 0.8105 - val_loss: 1.1376 - val_accuracy: 0.6629 - val_recall_m: 0.6078 - val_precision_m: 0.7413 - val_f1_m: 0.6670 - 133s/epoch - 715ms/step
Epoch 78/200
186/186 - 133s - loss: 0.5611 - accuracy: 0.8128 - recall_m: 0.7518 - precision_m: 0.8866 - f1_m: 0.8131 - val_loss: 1.1618 - val_accuracy: 0.6543 - val_recall_m: 0.6017 - val_precision_m: 0.7333 - val_f1_m: 0.6601 - 133s/epoch - 713ms/step
Epoch 79/200
186/186 - 133s - loss: 0.5514 - accuracy: 0.8153 - recall_m: 0.7536 - precision_m: 0.8891 - f1_m: 0.8150 - val_loss: 1.1740 - val_accuracy: 0.6512 - val_recall_m: 0.5997 - val_precision_m: 0.7319 - val_f1_m: 0.6583 - 133s/epoch - 714ms/step
Epoch 80/200
186/186 - 133s - loss: 0.5727 - accuracy: 0.8072 - recall_m: 0.7461 - precision_m: 0.8823 - f1_m: 0.8079 - val_loss: 1.1468 - val_accuracy: 0.6609 - val_recall_m: 0.6110 - val_precision_m: 0.7413 - val_f1_m: 0.6688 - 133s/epoch - 712ms/step
Epoch 81/200
186/186 - 133s - loss: 0.5425 - accuracy: 0.8177 - recall_m: 0.7587 - precision_m: 0.8915 - f1_m: 0.8191 - val_loss: 1.1385 - val_accuracy: 0.6645 - val_recall_m: 0.6101 - val_precision_m: 0.7450 - val_f1_m: 0.6699 - 133s/epoch - 713ms/step
Epoch 82/200
186/186 - 133s - loss: 0.5391 - accuracy: 0.8174 - recall_m: 0.7574 - precision_m: 0.8878 - f1_m: 0.8169 - val_loss: 1.1664 - val_accuracy: 0.6574 - val_recall_m: 0.6064 - val_precision_m: 0.7357 - val_f1_m: 0.6638 - 133s/epoch - 716ms/step
Epoch 83/200
186/186 - 133s - loss: 0.5301 - accuracy: 0.8212 - recall_m: 0.7635 - precision_m: 0.8924 - f1_m: 0.8223 - val_loss: 1.1573 - val_accuracy: 0.6615 - val_recall_m: 0.6156 - val_precision_m: 0.7369 - val_f1_m: 0.6699 - 133s/epoch - 713ms/step
Epoch 84/200
186/186 - 133s - loss: 0.5186 - accuracy: 0.8264 - recall_m: 0.7669 - precision_m: 0.8943 - f1_m: 0.8251 - val_loss: 1.1526 - val_accuracy: 0.6629 - val_recall_m: 0.6122 - val_precision_m: 0.7391 - val_f1_m: 0.6686 - 133s/epoch - 714ms/step
Epoch 85/200
186/186 - 133s - loss: 0.5063 - accuracy: 0.8315 - recall_m: 0.7776 - precision_m: 0.8971 - f1_m: 0.8325 - val_loss: 1.1898 - val_accuracy: 0.6599 - val_recall_m: 0.6129 - val_precision_m: 0.7308 - val_f1_m: 0.6656 - 133s/epoch - 715ms/step
Epoch 86/200
186/186 - 132s - loss: 0.5267 - accuracy: 0.8205 - recall_m: 0.7668 - precision_m: 0.8909 - f1_m: 0.8237 - val_loss: 1.1528 - val_accuracy: 0.6621 - val_recall_m: 0.6123 - val_precision_m: 0.7350 - val_f1_m: 0.6671 - 132s/epoch - 712ms/step
Epoch 87/200
186/186 - 133s - loss: 0.5007 - accuracy: 0.8280 - recall_m: 0.7739 - precision_m: 0.8924 - f1_m: 0.8284 - val_loss: 1.1712 - val_accuracy: 0.6578 - val_recall_m: 0.6117 - val_precision_m: 0.7324 - val_f1_m: 0.6656 - 133s/epoch - 716ms/step
Epoch 88/200
186/186 - 133s - loss: 0.4842 - accuracy: 0.8387 - recall_m: 0.7844 - precision_m: 0.9014 - f1_m: 0.8383 - val_loss: 1.1646 - val_accuracy: 0.6672 - val_recall_m: 0.6220 - val_precision_m: 0.7411 - val_f1_m: 0.6753 - 133s/epoch - 714ms/step
Epoch 89/200
186/186 - 133s - loss: 0.4853 - accuracy: 0.8362 - recall_m: 0.7823 - precision_m: 0.9000 - f1_m: 0.8364 - val_loss: 1.1790 - val_accuracy: 0.6599 - val_recall_m: 0.6143 - val_precision_m: 0.7349 - val_f1_m: 0.6684 - 133s/epoch - 713ms/step
Epoch 90/200
186/186 - 133s - loss: 0.4708 - accuracy: 0.8404 - recall_m: 0.7896 - precision_m: 0.8993 - f1_m: 0.8404 - val_loss: 1.1598 - val_accuracy: 0.6655 - val_recall_m: 0.6241 - val_precision_m: 0.7409 - val_f1_m: 0.6765 - 133s/epoch - 715ms/step
Epoch 91/200
186/186 - 133s - loss: 0.4700 - accuracy: 0.8425 - recall_m: 0.7913 - precision_m: 0.9006 - f1_m: 0.8420 - val_loss: 1.1846 - val_accuracy: 0.6632 - val_recall_m: 0.6211 - val_precision_m: 0.7355 - val_f1_m: 0.6725 - 133s/epoch - 713ms/step
Epoch 92/200
186/186 - 133s - loss: 0.4560 - accuracy: 0.8460 - recall_m: 0.7963 - precision_m: 0.9058 - f1_m: 0.8472 - val_loss: 1.1576 - val_accuracy: 0.6703 - val_recall_m: 0.6308 - val_precision_m: 0.7375 - val_f1_m: 0.6792 - 133s/epoch - 714ms/step
Epoch 93/200
186/186 - 133s - loss: 0.4598 - accuracy: 0.8472 - recall_m: 0.7946 - precision_m: 0.9027 - f1_m: 0.8447 - val_loss: 1.2020 - val_accuracy: 0.6627 - val_recall_m: 0.6196 - val_precision_m: 0.7319 - val_f1_m: 0.6702 - 133s/epoch - 715ms/step
Epoch 94/200
186/186 - 133s - loss: 0.4597 - accuracy: 0.8464 - recall_m: 0.7951 - precision_m: 0.9030 - f1_m: 0.8452 - val_loss: 1.2002 - val_accuracy: 0.6677 - val_recall_m: 0.6228 - val_precision_m: 0.7317 - val_f1_m: 0.6720 - 133s/epoch - 713ms/step
Epoch 95/200
186/186 - 133s - loss: 0.4479 - accuracy: 0.8507 - recall_m: 0.8041 - precision_m: 0.9049 - f1_m: 0.8511 - val_loss: 1.1817 - val_accuracy: 0.6697 - val_recall_m: 0.6283 - val_precision_m: 0.7350 - val_f1_m: 0.6765 - 133s/epoch - 715ms/step
Epoch 96/200
186/186 - 133s - loss: 0.4251 - accuracy: 0.8611 - recall_m: 0.8166 - precision_m: 0.9139 - f1_m: 0.8621 - val_loss: 1.2510 - val_accuracy: 0.6566 - val_recall_m: 0.6174 - val_precision_m: 0.7193 - val_f1_m: 0.6636 - 133s/epoch - 714ms/step
Epoch 97/200
186/186 - 133s - loss: 0.4403 - accuracy: 0.8493 - recall_m: 0.8079 - precision_m: 0.9043 - f1_m: 0.8529 - val_loss: 1.1852 - val_accuracy: 0.6703 - val_recall_m: 0.6282 - val_precision_m: 0.7338 - val_f1_m: 0.6761 - 133s/epoch - 712ms/step
Epoch 98/200
186/186 - 133s - loss: 0.4342 - accuracy: 0.8551 - recall_m: 0.8121 - precision_m: 0.9084 - f1_m: 0.8572 - val_loss: 1.1750 - val_accuracy: 0.6736 - val_recall_m: 0.6344 - val_precision_m: 0.7384 - val_f1_m: 0.6815 - 133s/epoch - 716ms/step
Epoch 99/200
186/186 - 133s - loss: 0.4254 - accuracy: 0.8570 - recall_m: 0.8112 - precision_m: 0.9094 - f1_m: 0.8571 - val_loss: 1.2056 - val_accuracy: 0.6652 - val_recall_m: 0.6275 - val_precision_m: 0.7283 - val_f1_m: 0.6733 - 133s/epoch - 714ms/step
Epoch 100/200
186/186 - 133s - loss: 0.4308 - accuracy: 0.8538 - recall_m: 0.8116 - precision_m: 0.9064 - f1_m: 0.8560 - val_loss: 1.1978 - val_accuracy: 0.6733 - val_recall_m: 0.6345 - val_precision_m: 0.7322 - val_f1_m: 0.6790 - 133s/epoch - 715ms/step
Epoch 101/200
186/186 - 133s - loss: 0.4175 - accuracy: 0.8591 - recall_m: 0.8166 - precision_m: 0.9090 - f1_m: 0.8600 - val_loss: 1.1925 - val_accuracy: 0.6747 - val_recall_m: 0.6385 - val_precision_m: 0.7345 - val_f1_m: 0.6823 - 133s/epoch - 713ms/step
Epoch 102/200
186/186 - 133s - loss: 0.3956 - accuracy: 0.8657 - recall_m: 0.8243 - precision_m: 0.9147 - f1_m: 0.8668 - val_loss: 1.1938 - val_accuracy: 0.6709 - val_recall_m: 0.6360 - val_precision_m: 0.7326 - val_f1_m: 0.6799 - 133s/epoch - 715ms/step
Epoch 103/200
186/186 - 133s - loss: 0.3997 - accuracy: 0.8656 - recall_m: 0.8269 - precision_m: 0.9152 - f1_m: 0.8684 - val_loss: 1.1969 - val_accuracy: 0.6703 - val_recall_m: 0.6322 - val_precision_m: 0.7265 - val_f1_m: 0.6754 - 133s/epoch - 716ms/step
Epoch 104/200
186/186 - 133s - loss: 0.4166 - accuracy: 0.8577 - recall_m: 0.8161 - precision_m: 0.9080 - f1_m: 0.8592 - val_loss: 1.1968 - val_accuracy: 0.6745 - val_recall_m: 0.6415 - val_precision_m: 0.7373 - val_f1_m: 0.6853 - 133s/epoch - 715ms/step
Epoch 105/200
186/186 - 133s - loss: 0.3804 - accuracy: 0.8713 - recall_m: 0.8309 - precision_m: 0.9171 - f1_m: 0.8715 - val_loss: 1.2048 - val_accuracy: 0.6758 - val_recall_m: 0.6397 - val_precision_m: 0.7321 - val_f1_m: 0.6820 - 133s/epoch - 715ms/step
Epoch 106/200
186/186 - 133s - loss: 0.3962 - accuracy: 0.8664 - recall_m: 0.8283 - precision_m: 0.9111 - f1_m: 0.8673 - val_loss: 1.2043 - val_accuracy: 0.6720 - val_recall_m: 0.6376 - val_precision_m: 0.7319 - val_f1_m: 0.6808 - 133s/epoch - 713ms/step
Epoch 107/200
186/186 - 133s - loss: 0.3758 - accuracy: 0.8744 - recall_m: 0.8347 - precision_m: 0.9206 - f1_m: 0.8752 - val_loss: 1.2302 - val_accuracy: 0.6722 - val_recall_m: 0.6375 - val_precision_m: 0.7337 - val_f1_m: 0.6815 - 133s/epoch - 715ms/step
Epoch 108/200
186/186 - 133s - loss: 0.3811 - accuracy: 0.8729 - recall_m: 0.8334 - precision_m: 0.9146 - f1_m: 0.8718 - val_loss: 1.1980 - val_accuracy: 0.6769 - val_recall_m: 0.6436 - val_precision_m: 0.7366 - val_f1_m: 0.6862 - 133s/epoch - 714ms/step
Epoch 109/200
186/186 - 132s - loss: 0.3630 - accuracy: 0.8797 - recall_m: 0.8407 - precision_m: 0.9236 - f1_m: 0.8799 - val_loss: 1.1961 - val_accuracy: 0.6795 - val_recall_m: 0.6454 - val_precision_m: 0.7367 - val_f1_m: 0.6873 - 132s/epoch - 712ms/step
Epoch 110/200
186/186 - 133s - loss: 0.3555 - accuracy: 0.8817 - recall_m: 0.8451 - precision_m: 0.9238 - f1_m: 0.8824 - val_loss: 1.2276 - val_accuracy: 0.6742 - val_recall_m: 0.6440 - val_precision_m: 0.7307 - val_f1_m: 0.6840 - 133s/epoch - 713ms/step
Epoch 111/200
186/186 - 133s - loss: 0.3541 - accuracy: 0.8823 - recall_m: 0.8477 - precision_m: 0.9247 - f1_m: 0.8842 - val_loss: 1.2288 - val_accuracy: 0.6717 - val_recall_m: 0.6392 - val_precision_m: 0.7304 - val_f1_m: 0.6809 - 133s/epoch - 716ms/step
Epoch 112/200
186/186 - 133s - loss: 0.3604 - accuracy: 0.8804 - recall_m: 0.8457 - precision_m: 0.9212 - f1_m: 0.8815 - val_loss: 1.2262 - val_accuracy: 0.6770 - val_recall_m: 0.6429 - val_precision_m: 0.7330 - val_f1_m: 0.6843 - 133s/epoch - 715ms/step
Epoch 113/200
186/186 - 133s - loss: 0.3516 - accuracy: 0.8819 - recall_m: 0.8466 - precision_m: 0.9214 - f1_m: 0.8821 - val_loss: 1.2451 - val_accuracy: 0.6763 - val_recall_m: 0.6476 - val_precision_m: 0.7304 - val_f1_m: 0.6855 - 133s/epoch - 712ms/step
Epoch 114/200
186/186 - 133s - loss: 0.3588 - accuracy: 0.8808 - recall_m: 0.8471 - precision_m: 0.9192 - f1_m: 0.8814 - val_loss: 1.2253 - val_accuracy: 0.6759 - val_recall_m: 0.6438 - val_precision_m: 0.7287 - val_f1_m: 0.6830 - 133s/epoch - 715ms/step
Epoch 115/200
186/186 - 133s - loss: 0.3540 - accuracy: 0.8813 - recall_m: 0.8471 - precision_m: 0.9188 - f1_m: 0.8812 - val_loss: 1.2363 - val_accuracy: 0.6722 - val_recall_m: 0.6411 - val_precision_m: 0.7256 - val_f1_m: 0.6802 - 133s/epoch - 714ms/step
Epoch 116/200
186/186 - 133s - loss: 0.3423 - accuracy: 0.8849 - recall_m: 0.8519 - precision_m: 0.9267 - f1_m: 0.8874 - val_loss: 1.2466 - val_accuracy: 0.6726 - val_recall_m: 0.6422 - val_precision_m: 0.7234 - val_f1_m: 0.6797 - 133s/epoch - 714ms/step
Epoch 117/200
186/186 - 132s - loss: 0.3263 - accuracy: 0.8911 - recall_m: 0.8580 - precision_m: 0.9268 - f1_m: 0.8908 - val_loss: 1.2335 - val_accuracy: 0.6782 - val_recall_m: 0.6461 - val_precision_m: 0.7296 - val_f1_m: 0.6845 - 132s/epoch - 712ms/step
Epoch 118/200
186/186 - 133s - loss: 0.3194 - accuracy: 0.8969 - recall_m: 0.8649 - precision_m: 0.9301 - f1_m: 0.8961 - val_loss: 1.2364 - val_accuracy: 0.6795 - val_recall_m: 0.6501 - val_precision_m: 0.7309 - val_f1_m: 0.6875 - 133s/epoch - 713ms/step
Epoch 119/200
186/186 - 133s - loss: 0.3248 - accuracy: 0.8910 - recall_m: 0.8609 - precision_m: 0.9273 - f1_m: 0.8926 - val_loss: 1.2679 - val_accuracy: 0.6759 - val_recall_m: 0.6468 - val_precision_m: 0.7262 - val_f1_m: 0.6836 - 133s/epoch - 715ms/step
Epoch 120/200
186/186 - 133s - loss: 0.3220 - accuracy: 0.8930 - recall_m: 0.8641 - precision_m: 0.9279 - f1_m: 0.8946 - val_loss: 1.2430 - val_accuracy: 0.6808 - val_recall_m: 0.6537 - val_precision_m: 0.7327 - val_f1_m: 0.6903 - 133s/epoch - 713ms/step
Epoch 121/200
186/186 - 133s - loss: 0.3168 - accuracy: 0.8936 - recall_m: 0.8652 - precision_m: 0.9294 - f1_m: 0.8959 - val_loss: 1.2252 - val_accuracy: 0.6812 - val_recall_m: 0.6573 - val_precision_m: 0.7335 - val_f1_m: 0.6927 - 133s/epoch - 713ms/step
Epoch 122/200
186/186 - 133s - loss: 0.3097 - accuracy: 0.8982 - recall_m: 0.8709 - precision_m: 0.9320 - f1_m: 0.9002 - val_loss: 1.2903 - val_accuracy: 0.6699 - val_recall_m: 0.6446 - val_precision_m: 0.7202 - val_f1_m: 0.6798 - 133s/epoch - 714ms/step
Epoch 123/200
186/186 - 133s - loss: 0.3011 - accuracy: 0.8998 - recall_m: 0.8699 - precision_m: 0.9340 - f1_m: 0.9005 - val_loss: 1.2504 - val_accuracy: 0.6804 - val_recall_m: 0.6516 - val_precision_m: 0.7296 - val_f1_m: 0.6878 - 133s/epoch - 714ms/step
Epoch 124/200
186/186 - 133s - loss: 0.3052 - accuracy: 0.8961 - recall_m: 0.8667 - precision_m: 0.9285 - f1_m: 0.8963 - val_loss: 1.2847 - val_accuracy: 0.6714 - val_recall_m: 0.6440 - val_precision_m: 0.7224 - val_f1_m: 0.6804 - 133s/epoch - 714ms/step
Epoch 125/200
186/186 - 133s - loss: 0.3138 - accuracy: 0.8941 - recall_m: 0.8657 - precision_m: 0.9258 - f1_m: 0.8945 - val_loss: 1.2703 - val_accuracy: 0.6736 - val_recall_m: 0.6495 - val_precision_m: 0.7211 - val_f1_m: 0.6829 - 133s/epoch - 713ms/step
Epoch 126/200
186/186 - 133s - loss: 0.3313 - accuracy: 0.8888 - recall_m: 0.8607 - precision_m: 0.9234 - f1_m: 0.8907 - val_loss: 1.2676 - val_accuracy: 0.6804 - val_recall_m: 0.6576 - val_precision_m: 0.7302 - val_f1_m: 0.6915 - 133s/epoch - 714ms/step
Epoch 127/200
186/186 - 133s - loss: 0.2891 - accuracy: 0.9044 - recall_m: 0.8779 - precision_m: 0.9375 - f1_m: 0.9064 - val_loss: 1.2539 - val_accuracy: 0.6785 - val_recall_m: 0.6520 - val_precision_m: 0.7268 - val_f1_m: 0.6868 - 133s/epoch - 713ms/step
Epoch 128/200
186/186 - 133s - loss: 0.2790 - accuracy: 0.9069 - recall_m: 0.8820 - precision_m: 0.9395 - f1_m: 0.9095 - val_loss: 1.2506 - val_accuracy: 0.6794 - val_recall_m: 0.6528 - val_precision_m: 0.7279 - val_f1_m: 0.6876 - 133s/epoch - 714ms/step
Epoch 129/200
186/186 - 133s - loss: 0.2691 - accuracy: 0.9091 - recall_m: 0.8872 - precision_m: 0.9380 - f1_m: 0.9117 - val_loss: 1.2809 - val_accuracy: 0.6792 - val_recall_m: 0.6537 - val_precision_m: 0.7271 - val_f1_m: 0.6878 - 133s/epoch - 714ms/step
Epoch 130/200
186/186 - 133s - loss: 0.2903 - accuracy: 0.9023 - recall_m: 0.8781 - precision_m: 0.9338 - f1_m: 0.9048 - val_loss: 1.2641 - val_accuracy: 0.6827 - val_recall_m: 0.6578 - val_precision_m: 0.7305 - val_f1_m: 0.6916 - 133s/epoch - 714ms/step
Epoch 131/200
186/186 - 133s - loss: 0.2884 - accuracy: 0.9058 - recall_m: 0.8787 - precision_m: 0.9327 - f1_m: 0.9047 - val_loss: 1.2712 - val_accuracy: 0.6824 - val_recall_m: 0.6577 - val_precision_m: 0.7267 - val_f1_m: 0.6900 - 133s/epoch - 713ms/step
Epoch 132/200
186/186 - 133s - loss: 0.3092 - accuracy: 0.8989 - recall_m: 0.8733 - precision_m: 0.9295 - f1_m: 0.9003 - val_loss: 1.3199 - val_accuracy: 0.6731 - val_recall_m: 0.6524 - val_precision_m: 0.7201 - val_f1_m: 0.6841 - 133s/epoch - 714ms/step
Epoch 133/200
186/186 - 132s - loss: 0.3274 - accuracy: 0.8895 - recall_m: 0.8617 - precision_m: 0.9222 - f1_m: 0.8907 - val_loss: 1.2523 - val_accuracy: 0.6855 - val_recall_m: 0.6595 - val_precision_m: 0.7327 - val_f1_m: 0.6937 - 132s/epoch - 712ms/step
Epoch 134/200
186/186 - 133s - loss: 0.2953 - accuracy: 0.9032 - recall_m: 0.8801 - precision_m: 0.9322 - f1_m: 0.9052 - val_loss: 1.2934 - val_accuracy: 0.6783 - val_recall_m: 0.6536 - val_precision_m: 0.7244 - val_f1_m: 0.6867 - 133s/epoch - 716ms/step
Epoch 135/200
186/186 - 133s - loss: 0.2688 - accuracy: 0.9117 - recall_m: 0.8893 - precision_m: 0.9394 - f1_m: 0.9135 - val_loss: 1.2734 - val_accuracy: 0.6813 - val_recall_m: 0.6595 - val_precision_m: 0.7291 - val_f1_m: 0.6920 - 133s/epoch - 714ms/step
Epoch 136/200
186/186 - 133s - loss: 0.2499 - accuracy: 0.9191 - recall_m: 0.8958 - precision_m: 0.9456 - f1_m: 0.9199 - val_loss: 1.2794 - val_accuracy: 0.6815 - val_recall_m: 0.6582 - val_precision_m: 0.7272 - val_f1_m: 0.6905 - 133s/epoch - 713ms/step
Epoch 137/200
186/186 - 133s - loss: 0.2548 - accuracy: 0.9171 - recall_m: 0.8941 - precision_m: 0.9447 - f1_m: 0.9185 - val_loss: 1.3284 - val_accuracy: 0.6792 - val_recall_m: 0.6567 - val_precision_m: 0.7221 - val_f1_m: 0.6875 - 133s/epoch - 714ms/step
Epoch 138/200
186/186 - 133s - loss: 0.2944 - accuracy: 0.9034 - recall_m: 0.8810 - precision_m: 0.9318 - f1_m: 0.9055 - val_loss: 1.3545 - val_accuracy: 0.6698 - val_recall_m: 0.6469 - val_precision_m: 0.7133 - val_f1_m: 0.6780 - 133s/epoch - 714ms/step
Epoch 139/200
186/186 - 133s - loss: 0.2958 - accuracy: 0.8994 - recall_m: 0.8749 - precision_m: 0.9281 - f1_m: 0.9005 - val_loss: 1.2865 - val_accuracy: 0.6814 - val_recall_m: 0.6586 - val_precision_m: 0.7266 - val_f1_m: 0.6904 - 133s/epoch - 713ms/step
Epoch 140/200
186/186 - 133s - loss: 0.2554 - accuracy: 0.9148 - recall_m: 0.8936 - precision_m: 0.9414 - f1_m: 0.9166 - val_loss: 1.3096 - val_accuracy: 0.6849 - val_recall_m: 0.6616 - val_precision_m: 0.7284 - val_f1_m: 0.6930 - 133s/epoch - 713ms/step
Epoch 141/200
186/186 - 133s - loss: 0.2588 - accuracy: 0.9148 - recall_m: 0.8922 - precision_m: 0.9419 - f1_m: 0.9162 - val_loss: 1.3033 - val_accuracy: 0.6864 - val_recall_m: 0.6634 - val_precision_m: 0.7285 - val_f1_m: 0.6936 - 133s/epoch - 714ms/step
Epoch 142/200
186/186 - 134s - loss: 0.2687 - accuracy: 0.9112 - recall_m: 0.8898 - precision_m: 0.9371 - f1_m: 0.9127 - val_loss: 1.2706 - val_accuracy: 0.6898 - val_recall_m: 0.6651 - val_precision_m: 0.7282 - val_f1_m: 0.6948 - 134s/epoch - 718ms/step
Epoch 143/200
186/186 - 133s - loss: 0.2430 - accuracy: 0.9229 - recall_m: 0.8990 - precision_m: 0.9471 - f1_m: 0.9222 - val_loss: 1.2772 - val_accuracy: 0.6896 - val_recall_m: 0.6679 - val_precision_m: 0.7321 - val_f1_m: 0.6981 - 133s/epoch - 714ms/step
Epoch 144/200
186/186 - 133s - loss: 0.2235 - accuracy: 0.9256 - recall_m: 0.9052 - precision_m: 0.9508 - f1_m: 0.9272 - val_loss: 1.2870 - val_accuracy: 0.6881 - val_recall_m: 0.6682 - val_precision_m: 0.7333 - val_f1_m: 0.6988 - 133s/epoch - 715ms/step
Epoch 145/200
186/186 - 133s - loss: 0.2215 - accuracy: 0.9288 - recall_m: 0.9098 - precision_m: 0.9513 - f1_m: 0.9299 - val_loss: 1.3441 - val_accuracy: 0.6807 - val_recall_m: 0.6593 - val_precision_m: 0.7197 - val_f1_m: 0.6877 - 133s/epoch - 714ms/step
Epoch 146/200
186/186 - 133s - loss: 0.2331 - accuracy: 0.9226 - recall_m: 0.9035 - precision_m: 0.9457 - f1_m: 0.9239 - val_loss: 1.3333 - val_accuracy: 0.6802 - val_recall_m: 0.6611 - val_precision_m: 0.7219 - val_f1_m: 0.6897 - 133s/epoch - 714ms/step
Epoch 147/200
186/186 - 133s - loss: 0.2382 - accuracy: 0.9241 - recall_m: 0.9005 - precision_m: 0.9439 - f1_m: 0.9215 - val_loss: 1.3254 - val_accuracy: 0.6820 - val_recall_m: 0.6608 - val_precision_m: 0.7213 - val_f1_m: 0.6893 - 133s/epoch - 713ms/step
Epoch 148/200
186/186 - 133s - loss: 0.2511 - accuracy: 0.9182 - recall_m: 0.8967 - precision_m: 0.9400 - f1_m: 0.9176 - val_loss: 1.3588 - val_accuracy: 0.6791 - val_recall_m: 0.6582 - val_precision_m: 0.7187 - val_f1_m: 0.6868 - 133s/epoch - 713ms/step
Epoch 149/200
186/186 - 133s - loss: 0.2211 - accuracy: 0.9295 - recall_m: 0.9091 - precision_m: 0.9505 - f1_m: 0.9292 - val_loss: 1.3624 - val_accuracy: 0.6794 - val_recall_m: 0.6566 - val_precision_m: 0.7190 - val_f1_m: 0.6860 - 133s/epoch - 713ms/step
Epoch 150/200
186/186 - 133s - loss: 0.2257 - accuracy: 0.9250 - recall_m: 0.9065 - precision_m: 0.9474 - f1_m: 0.9264 - val_loss: 1.3354 - val_accuracy: 0.6815 - val_recall_m: 0.6584 - val_precision_m: 0.7187 - val_f1_m: 0.6868 - 133s/epoch - 715ms/step
Epoch 151/200
186/186 - 133s - loss: 0.1992 - accuracy: 0.9375 - recall_m: 0.9225 - precision_m: 0.9575 - f1_m: 0.9395 - val_loss: 1.3362 - val_accuracy: 0.6819 - val_recall_m: 0.6607 - val_precision_m: 0.7230 - val_f1_m: 0.6901 - 133s/epoch - 718ms/step
Epoch 152/200
186/186 - 133s - loss: 0.2048 - accuracy: 0.9308 - recall_m: 0.9147 - precision_m: 0.9527 - f1_m: 0.9332 - val_loss: 1.3543 - val_accuracy: 0.6853 - val_recall_m: 0.6678 - val_precision_m: 0.7254 - val_f1_m: 0.6950 - 133s/epoch - 714ms/step
Epoch 153/200
186/186 - 133s - loss: 0.2101 - accuracy: 0.9315 - recall_m: 0.9147 - precision_m: 0.9524 - f1_m: 0.9331 - val_loss: 1.3534 - val_accuracy: 0.6860 - val_recall_m: 0.6672 - val_precision_m: 0.7231 - val_f1_m: 0.6937 - 133s/epoch - 715ms/step
Epoch 154/200
186/186 - 133s - loss: 0.2207 - accuracy: 0.9278 - recall_m: 0.9099 - precision_m: 0.9477 - f1_m: 0.9282 - val_loss: 1.3252 - val_accuracy: 0.6906 - val_recall_m: 0.6722 - val_precision_m: 0.7293 - val_f1_m: 0.6992 - 133s/epoch - 715ms/step
Epoch 155/200
186/186 - 133s - loss: 0.2141 - accuracy: 0.9297 - recall_m: 0.9117 - precision_m: 0.9497 - f1_m: 0.9302 - val_loss: 1.3795 - val_accuracy: 0.6780 - val_recall_m: 0.6603 - val_precision_m: 0.7176 - val_f1_m: 0.6874 - 133s/epoch - 717ms/step
Epoch 156/200
186/186 - 133s - loss: 0.2050 - accuracy: 0.9323 - recall_m: 0.9157 - precision_m: 0.9506 - f1_m: 0.9327 - val_loss: 1.3829 - val_accuracy: 0.6821 - val_recall_m: 0.6614 - val_precision_m: 0.7205 - val_f1_m: 0.6892 - 133s/epoch - 715ms/step
Epoch 157/200
186/186 - 134s - loss: 0.2342 - accuracy: 0.9209 - recall_m: 0.9029 - precision_m: 0.9433 - f1_m: 0.9225 - val_loss: 1.3929 - val_accuracy: 0.6790 - val_recall_m: 0.6616 - val_precision_m: 0.7122 - val_f1_m: 0.6856 - 134s/epoch - 718ms/step
Epoch 158/200
186/186 - 133s - loss: 0.2257 - accuracy: 0.9224 - recall_m: 0.9066 - precision_m: 0.9440 - f1_m: 0.9248 - val_loss: 1.3788 - val_accuracy: 0.6818 - val_recall_m: 0.6636 - val_precision_m: 0.7151 - val_f1_m: 0.6880 - 133s/epoch - 713ms/step
Epoch 159/200
186/186 - 133s - loss: 0.2124 - accuracy: 0.9292 - recall_m: 0.9121 - precision_m: 0.9483 - f1_m: 0.9297 - val_loss: 1.3752 - val_accuracy: 0.6891 - val_recall_m: 0.6685 - val_precision_m: 0.7260 - val_f1_m: 0.6956 - 133s/epoch - 712ms/step
Epoch 160/200
186/186 - 133s - loss: 0.1991 - accuracy: 0.9332 - recall_m: 0.9179 - precision_m: 0.9543 - f1_m: 0.9356 - val_loss: 1.4209 - val_accuracy: 0.6736 - val_recall_m: 0.6564 - val_precision_m: 0.7113 - val_f1_m: 0.6824 - 133s/epoch - 715ms/step
Epoch 161/200
186/186 - 133s - loss: 0.1809 - accuracy: 0.9418 - recall_m: 0.9263 - precision_m: 0.9605 - f1_m: 0.9429 - val_loss: 1.3632 - val_accuracy: 0.6854 - val_recall_m: 0.6658 - val_precision_m: 0.7191 - val_f1_m: 0.6910 - 133s/epoch - 712ms/step
Epoch 162/200
186/186 - 133s - loss: 0.1864 - accuracy: 0.9434 - recall_m: 0.9269 - precision_m: 0.9612 - f1_m: 0.9436 - val_loss: 1.4224 - val_accuracy: 0.6802 - val_recall_m: 0.6627 - val_precision_m: 0.7156 - val_f1_m: 0.6878 - 133s/epoch - 714ms/step
Epoch 163/200
186/186 - 133s - loss: 0.2504 - accuracy: 0.9186 - recall_m: 0.8991 - precision_m: 0.9387 - f1_m: 0.9183 - val_loss: 1.3937 - val_accuracy: 0.6813 - val_recall_m: 0.6618 - val_precision_m: 0.7173 - val_f1_m: 0.6881 - 133s/epoch - 715ms/step
Epoch 164/200
186/186 - 133s - loss: 0.2227 - accuracy: 0.9278 - recall_m: 0.9117 - precision_m: 0.9497 - f1_m: 0.9302 - val_loss: 1.3795 - val_accuracy: 0.6815 - val_recall_m: 0.6645 - val_precision_m: 0.7182 - val_f1_m: 0.6899 - 133s/epoch - 714ms/step
Epoch 165/200
186/186 - 133s - loss: 0.2042 - accuracy: 0.9328 - recall_m: 0.9185 - precision_m: 0.9537 - f1_m: 0.9356 - val_loss: 1.3714 - val_accuracy: 0.6872 - val_recall_m: 0.6679 - val_precision_m: 0.7205 - val_f1_m: 0.6929 - 133s/epoch - 715ms/step
Epoch 166/200
186/186 - 133s - loss: 0.1698 - accuracy: 0.9463 - recall_m: 0.9342 - precision_m: 0.9645 - f1_m: 0.9490 - val_loss: 1.3813 - val_accuracy: 0.6846 - val_recall_m: 0.6675 - val_precision_m: 0.7231 - val_f1_m: 0.6938 - 133s/epoch - 713ms/step
Epoch 167/200
186/186 - 133s - loss: 0.1816 - accuracy: 0.9415 - recall_m: 0.9255 - precision_m: 0.9578 - f1_m: 0.9413 - val_loss: 1.4195 - val_accuracy: 0.6820 - val_recall_m: 0.6655 - val_precision_m: 0.7164 - val_f1_m: 0.6896 - 133s/epoch - 716ms/step
Epoch 168/200
186/186 - 133s - loss: 0.2053 - accuracy: 0.9325 - recall_m: 0.9163 - precision_m: 0.9491 - f1_m: 0.9323 - val_loss: 1.4275 - val_accuracy: 0.6859 - val_recall_m: 0.6662 - val_precision_m: 0.7174 - val_f1_m: 0.6904 - 133s/epoch - 713ms/step
Epoch 169/200
186/186 - 133s - loss: 0.1798 - accuracy: 0.9423 - recall_m: 0.9260 - precision_m: 0.9582 - f1_m: 0.9417 - val_loss: 1.3733 - val_accuracy: 0.6874 - val_recall_m: 0.6696 - val_precision_m: 0.7199 - val_f1_m: 0.6934 - 133s/epoch - 714ms/step
Epoch 170/200
186/186 - 133s - loss: 0.1662 - accuracy: 0.9484 - recall_m: 0.9349 - precision_m: 0.9631 - f1_m: 0.9487 - val_loss: 1.4237 - val_accuracy: 0.6883 - val_recall_m: 0.6708 - val_precision_m: 0.7191 - val_f1_m: 0.6938 - 133s/epoch - 715ms/step
Epoch 171/200
186/186 - 133s - loss: 0.1733 - accuracy: 0.9463 - recall_m: 0.9325 - precision_m: 0.9616 - f1_m: 0.9467 - val_loss: 1.4034 - val_accuracy: 0.6850 - val_recall_m: 0.6684 - val_precision_m: 0.7187 - val_f1_m: 0.6922 - 133s/epoch - 718ms/step
Epoch 172/200
186/186 - 133s - loss: 0.1700 - accuracy: 0.9427 - recall_m: 0.9290 - precision_m: 0.9593 - f1_m: 0.9438 - val_loss: 1.4273 - val_accuracy: 0.6864 - val_recall_m: 0.6713 - val_precision_m: 0.7171 - val_f1_m: 0.6932 - 133s/epoch - 716ms/step
Epoch 173/200
186/186 - 133s - loss: 0.1697 - accuracy: 0.9435 - recall_m: 0.9280 - precision_m: 0.9589 - f1_m: 0.9431 - val_loss: 1.4110 - val_accuracy: 0.6839 - val_recall_m: 0.6661 - val_precision_m: 0.7161 - val_f1_m: 0.6899 - 133s/epoch - 715ms/step
Epoch 174/200
186/186 - 133s - loss: 0.1647 - accuracy: 0.9478 - recall_m: 0.9344 - precision_m: 0.9613 - f1_m: 0.9476 - val_loss: 1.4328 - val_accuracy: 0.6829 - val_recall_m: 0.6675 - val_precision_m: 0.7152 - val_f1_m: 0.6902 - 133s/epoch - 714ms/step
Epoch 175/200
186/186 - 133s - loss: 0.2047 - accuracy: 0.9327 - recall_m: 0.9175 - precision_m: 0.9491 - f1_m: 0.9329 - val_loss: 1.3955 - val_accuracy: 0.6904 - val_recall_m: 0.6720 - val_precision_m: 0.7229 - val_f1_m: 0.6961 - 133s/epoch - 716ms/step
Epoch 176/200
186/186 - 133s - loss: 0.1741 - accuracy: 0.9427 - recall_m: 0.9310 - precision_m: 0.9590 - f1_m: 0.9447 - val_loss: 1.4015 - val_accuracy: 0.6939 - val_recall_m: 0.6770 - val_precision_m: 0.7249 - val_f1_m: 0.6998 - 133s/epoch - 716ms/step
Epoch 177/200
186/186 - 133s - loss: 0.1463 - accuracy: 0.9529 - recall_m: 0.9397 - precision_m: 0.9674 - f1_m: 0.9533 - val_loss: 1.4507 - val_accuracy: 0.6827 - val_recall_m: 0.6649 - val_precision_m: 0.7141 - val_f1_m: 0.6883 - 133s/epoch - 714ms/step
Epoch 178/200
186/186 - 133s - loss: 0.1681 - accuracy: 0.9460 - recall_m: 0.9332 - precision_m: 0.9604 - f1_m: 0.9465 - val_loss: 1.4400 - val_accuracy: 0.6857 - val_recall_m: 0.6700 - val_precision_m: 0.7186 - val_f1_m: 0.6931 - 133s/epoch - 714ms/step
Epoch 179/200
186/186 - 133s - loss: 0.1748 - accuracy: 0.9445 - recall_m: 0.9305 - precision_m: 0.9585 - f1_m: 0.9442 - val_loss: 1.4220 - val_accuracy: 0.6874 - val_recall_m: 0.6697 - val_precision_m: 0.7173 - val_f1_m: 0.6923 - 133s/epoch - 713ms/step
Epoch 180/200
186/186 - 133s - loss: 0.2039 - accuracy: 0.9343 - recall_m: 0.9211 - precision_m: 0.9509 - f1_m: 0.9356 - val_loss: 1.4524 - val_accuracy: 0.6785 - val_recall_m: 0.6606 - val_precision_m: 0.7104 - val_f1_m: 0.6842 - 133s/epoch - 714ms/step
Epoch 181/200
186/186 - 133s - loss: 0.1817 - accuracy: 0.9402 - recall_m: 0.9274 - precision_m: 0.9564 - f1_m: 0.9416 - val_loss: 1.4268 - val_accuracy: 0.6835 - val_recall_m: 0.6683 - val_precision_m: 0.7152 - val_f1_m: 0.6906 - 133s/epoch - 716ms/step
Epoch 182/200
186/186 - 133s - loss: 0.1494 - accuracy: 0.9535 - recall_m: 0.9408 - precision_m: 0.9666 - f1_m: 0.9534 - val_loss: 1.4121 - val_accuracy: 0.6883 - val_recall_m: 0.6712 - val_precision_m: 0.7184 - val_f1_m: 0.6937 - 133s/epoch - 714ms/step
Epoch 183/200
186/186 - 133s - loss: 0.1363 - accuracy: 0.9577 - recall_m: 0.9461 - precision_m: 0.9706 - f1_m: 0.9581 - val_loss: 1.4200 - val_accuracy: 0.6918 - val_recall_m: 0.6767 - val_precision_m: 0.7236 - val_f1_m: 0.6990 - 133s/epoch - 714ms/step
Epoch 184/200
186/186 - 133s - loss: 0.1777 - accuracy: 0.9450 - recall_m: 0.9334 - precision_m: 0.9598 - f1_m: 0.9463 - val_loss: 1.4427 - val_accuracy: 0.6867 - val_recall_m: 0.6708 - val_precision_m: 0.7163 - val_f1_m: 0.6925 - 133s/epoch - 715ms/step
Epoch 185/200
186/186 - 133s - loss: 0.1653 - accuracy: 0.9491 - recall_m: 0.9360 - precision_m: 0.9644 - f1_m: 0.9499 - val_loss: 1.4630 - val_accuracy: 0.6835 - val_recall_m: 0.6690 - val_precision_m: 0.7159 - val_f1_m: 0.6913 - 133s/epoch - 715ms/step
Epoch 186/200
186/186 - 133s - loss: 0.1511 - accuracy: 0.9541 - recall_m: 0.9420 - precision_m: 0.9672 - f1_m: 0.9543 - val_loss: 1.4444 - val_accuracy: 0.6853 - val_recall_m: 0.6707 - val_precision_m: 0.7152 - val_f1_m: 0.6919 - 133s/epoch - 714ms/step
Epoch 187/200
186/186 - 133s - loss: 0.1411 - accuracy: 0.9551 - recall_m: 0.9442 - precision_m: 0.9667 - f1_m: 0.9552 - val_loss: 1.4548 - val_accuracy: 0.6882 - val_recall_m: 0.6747 - val_precision_m: 0.7168 - val_f1_m: 0.6948 - 133s/epoch - 715ms/step
Epoch 188/200
186/186 - 133s - loss: 0.1638 - accuracy: 0.9445 - recall_m: 0.9336 - precision_m: 0.9576 - f1_m: 0.9453 - val_loss: 1.5177 - val_accuracy: 0.6808 - val_recall_m: 0.6652 - val_precision_m: 0.7105 - val_f1_m: 0.6868 - 133s/epoch - 713ms/step
Epoch 189/200
186/186 - 132s - loss: 0.1587 - accuracy: 0.9464 - recall_m: 0.9341 - precision_m: 0.9615 - f1_m: 0.9475 - val_loss: 1.4509 - val_accuracy: 0.6870 - val_recall_m: 0.6709 - val_precision_m: 0.7172 - val_f1_m: 0.6928 - 132s/epoch - 712ms/step
Epoch 190/200
186/186 - 133s - loss: 0.1473 - accuracy: 0.9523 - recall_m: 0.9418 - precision_m: 0.9654 - f1_m: 0.9534 - val_loss: 1.4679 - val_accuracy: 0.6827 - val_recall_m: 0.6678 - val_precision_m: 0.7124 - val_f1_m: 0.6891 - 133s/epoch - 716ms/step
Epoch 191/200
186/186 - 133s - loss: 0.1409 - accuracy: 0.9540 - recall_m: 0.9435 - precision_m: 0.9663 - f1_m: 0.9546 - val_loss: 1.4424 - val_accuracy: 0.6933 - val_recall_m: 0.6802 - val_precision_m: 0.7243 - val_f1_m: 0.7013 - 133s/epoch - 716ms/step
Epoch 192/200
186/186 - 133s - loss: 0.1239 - accuracy: 0.9607 - recall_m: 0.9501 - precision_m: 0.9716 - f1_m: 0.9606 - val_loss: 1.4743 - val_accuracy: 0.6883 - val_recall_m: 0.6723 - val_precision_m: 0.7158 - val_f1_m: 0.6931 - 133s/epoch - 713ms/step
Epoch 193/200
186/186 - 134s - loss: 0.1303 - accuracy: 0.9568 - recall_m: 0.9473 - precision_m: 0.9688 - f1_m: 0.9579 - val_loss: 1.4662 - val_accuracy: 0.6909 - val_recall_m: 0.6775 - val_precision_m: 0.7208 - val_f1_m: 0.6982 - 134s/epoch - 719ms/step
Epoch 194/200
186/186 - 133s - loss: 0.1277 - accuracy: 0.9590 - recall_m: 0.9500 - precision_m: 0.9699 - f1_m: 0.9598 - val_loss: 1.5362 - val_accuracy: 0.6825 - val_recall_m: 0.6672 - val_precision_m: 0.7101 - val_f1_m: 0.6877 - 133s/epoch - 713ms/step
Epoch 195/200
186/186 - 133s - loss: 0.1457 - accuracy: 0.9531 - recall_m: 0.9418 - precision_m: 0.9651 - f1_m: 0.9532 - val_loss: 1.4623 - val_accuracy: 0.6919 - val_recall_m: 0.6789 - val_precision_m: 0.7202 - val_f1_m: 0.6987 - 133s/epoch - 713ms/step
Epoch 196/200
186/186 - 133s - loss: 0.1490 - accuracy: 0.9534 - recall_m: 0.9430 - precision_m: 0.9644 - f1_m: 0.9535 - val_loss: 1.4832 - val_accuracy: 0.6881 - val_recall_m: 0.6722 - val_precision_m: 0.7137 - val_f1_m: 0.6920 - 133s/epoch - 717ms/step
Epoch 197/200
186/186 - 133s - loss: 0.1315 - accuracy: 0.9575 - recall_m: 0.9470 - precision_m: 0.9700 - f1_m: 0.9583 - val_loss: 1.5390 - val_accuracy: 0.6761 - val_recall_m: 0.6629 - val_precision_m: 0.7030 - val_f1_m: 0.6821 - 133s/epoch - 716ms/step
Epoch 198/200
186/186 - 133s - loss: 0.1415 - accuracy: 0.9529 - recall_m: 0.9424 - precision_m: 0.9653 - f1_m: 0.9536 - val_loss: 1.4690 - val_accuracy: 0.6888 - val_recall_m: 0.6747 - val_precision_m: 0.7192 - val_f1_m: 0.6959 - 133s/epoch - 713ms/step
Epoch 199/200
186/186 - 133s - loss: 0.1495 - accuracy: 0.9528 - recall_m: 0.9426 - precision_m: 0.9648 - f1_m: 0.9535 - val_loss: 1.4984 - val_accuracy: 0.6867 - val_recall_m: 0.6737 - val_precision_m: 0.7149 - val_f1_m: 0.6934 - 133s/epoch - 714ms/step
Epoch 200/200
186/186 - 133s - loss: 0.1326 - accuracy: 0.9588 - recall_m: 0.9482 - precision_m: 0.9703 - f1_m: 0.9591 - val_loss: 1.4774 - val_accuracy: 0.6924 - val_recall_m: 0.6778 - val_precision_m: 0.7193 - val_f1_m: 0.6977 - 133s/epoch - 715ms/step
202/202 - 27s - 27s/epoch - 135ms/step
Train - Max ACC: 96.07% Min loss: 0.1239
Valid - Max ACC: 69.39% Min loss: 1.1252
> 0: ACC: 94.27% Loss: 0.1741 - MAX val_ACC: 69.39% val_Loss: 1.4015
***** Training parameters for train_temp_rn *****
	 Output path: /demo/ARN-LSTM/runs/models/NTU-V2/temp_rel_att_lstm/fold_cross_setup//rerun_1
	 Dataset: NTU-V2
	 Dataset fold: cross_setup
	 Skeleton info
	 > selected_joints: ['Nose', 'Neck', 'MidHip', 'RWrist', 'LWrist', 'RAnkle', 'LAnkle']
	 > add_joint_idx: False
	 > add_body_part: False
	 > timesteps: 32
	 > skip_timesteps: None
	 > normalization: NTU
	 > sample_method: all
	 > seq_step: 16
	 > arch: temp-lstm
	 Model info
	 > rel_type: temp_stream
	 > fuse_type: None
	 > compute_distance: False
	 > compute_motion: False
	 > use_relations: True
	 > use_attention: True
	 > return_attention: False
	 Kernel Init info
	 > kernel_init_type: TruncatedNormal
	 > kernel_init_param: 0.045
	 > kernel_init_seed: None
	 Training options
	 > Batch Size: 64
	 > Epochs: 200
	 > Checkpoint Period: 1
	 > Learning Rate: 0.0001
	 > Dropout rate: 0.1
	 > Training Subsample Ratio: None
Reading data...
> Using DataGenerator
Creating model...
batch_size: None
Model: "temp_rel_net"
_________________________________________________________________
 Layer (type)                Output Shape              Param #   
=================================================================
 input_3 (InputLayer)        [(None, 13, 32, 42)]      0         
                                                                 
 time_distributed_1 (TimeDis  (None, 13, 100)          3148700   
 tributed)                                                       
                                                                 
 lstm_1 (LSTM)               (None, 256)               365568    
                                                                 
 model (Dense)               (None, 120)               30840     
                                                                 
=================================================================
Total params: 3,545,108
Trainable params: 3,545,108
Non-trainable params: 0
_________________________________________________________________
WARNING:tensorflow:`period` argument is deprecated. Please use `save_freq` to specify the frequency in number of batches seen.
WARNING:tensorflow:`batch_size` is no longer needed in the `TensorBoard` Callback and will be ignored in TensorFlow 2.0.
WARNING:tensorflow:`period` argument is deprecated. Please use `save_freq` to specify the frequency in number of batches seen.
Compiling model...
Starting training...
Epoch 1/200
186/186 - 160s - loss: 3.6013 - accuracy: 0.0732 - recall_m: 0.0000e+00 - precision_m: 0.0000e+00 - f1_m: 0.0000e+00 - val_loss: 3.0611 - val_accuracy: 0.1320 - val_recall_m: 0.0000e+00 - val_precision_m: 0.0000e+00 - val_f1_m: 0.0000e+00 - 160s/epoch - 861ms/step
Epoch 2/200
186/186 - 134s - loss: 2.8928 - accuracy: 0.1455 - recall_m: 0.0000e+00 - precision_m: 0.0000e+00 - f1_m: 0.0000e+00 - val_loss: 2.7135 - val_accuracy: 0.1745 - val_recall_m: 0.0000e+00 - val_precision_m: 0.0000e+00 - val_f1_m: 0.0000e+00 - 134s/epoch - 720ms/step
Epoch 3/200
186/186 - 134s - loss: 2.5871 - accuracy: 0.2105 - recall_m: 0.0000e+00 - precision_m: 0.0000e+00 - f1_m: 0.0000e+00 - val_loss: 2.4919 - val_accuracy: 0.2338 - val_recall_m: 0.0000e+00 - val_precision_m: 0.0000e+00 - val_f1_m: 0.0000e+00 - 134s/epoch - 719ms/step
Epoch 4/200
186/186 - 134s - loss: 2.4145 - accuracy: 0.2615 - recall_m: 5.0403e-04 - precision_m: 0.0269 - f1_m: 9.8754e-04 - val_loss: 2.3635 - val_accuracy: 0.2740 - val_recall_m: 0.0105 - val_precision_m: 0.3094 - val_f1_m: 0.0202 - 134s/epoch - 721ms/step
Epoch 5/200
186/186 - 134s - loss: 2.2744 - accuracy: 0.2986 - recall_m: 0.0196 - precision_m: 0.5228 - f1_m: 0.0373 - val_loss: 2.2065 - val_accuracy: 0.3244 - val_recall_m: 0.0509 - val_precision_m: 0.8727 - val_f1_m: 0.0951 - 134s/epoch - 720ms/step
Epoch 6/200
186/186 - 134s - loss: 2.1352 - accuracy: 0.3366 - recall_m: 0.0635 - precision_m: 0.8967 - f1_m: 0.1174 - val_loss: 2.0950 - val_accuracy: 0.3460 - val_recall_m: 0.0726 - val_precision_m: 0.9054 - val_f1_m: 0.1322 - 134s/epoch - 719ms/step
Epoch 7/200
186/186 - 134s - loss: 2.0087 - accuracy: 0.3777 - recall_m: 0.0911 - precision_m: 0.8927 - f1_m: 0.1634 - val_loss: 1.9705 - val_accuracy: 0.3935 - val_recall_m: 0.1081 - val_precision_m: 0.8645 - val_f1_m: 0.1898 - 134s/epoch - 718ms/step
Epoch 8/200
186/186 - 134s - loss: 1.8752 - accuracy: 0.4182 - recall_m: 0.1321 - precision_m: 0.8633 - f1_m: 0.2264 - val_loss: 1.8748 - val_accuracy: 0.4181 - val_recall_m: 0.1405 - val_precision_m: 0.8247 - val_f1_m: 0.2386 - 134s/epoch - 719ms/step
Epoch 9/200
186/186 - 134s - loss: 1.7652 - accuracy: 0.4479 - recall_m: 0.1741 - precision_m: 0.8210 - f1_m: 0.2846 - val_loss: 1.7512 - val_accuracy: 0.4500 - val_recall_m: 0.1882 - val_precision_m: 0.8150 - val_f1_m: 0.3041 - 134s/epoch - 720ms/step
Epoch 10/200
186/186 - 134s - loss: 1.6893 - accuracy: 0.4618 - recall_m: 0.2098 - precision_m: 0.8140 - f1_m: 0.3310 - val_loss: 1.6962 - val_accuracy: 0.4630 - val_recall_m: 0.2314 - val_precision_m: 0.8206 - val_f1_m: 0.3583 - 134s/epoch - 722ms/step
Epoch 11/200
186/186 - 134s - loss: 1.6253 - accuracy: 0.4728 - recall_m: 0.2367 - precision_m: 0.8181 - f1_m: 0.3646 - val_loss: 1.6645 - val_accuracy: 0.4652 - val_recall_m: 0.2430 - val_precision_m: 0.8025 - val_f1_m: 0.3706 - 134s/epoch - 720ms/step
Epoch 12/200
186/186 - 134s - loss: 1.5718 - accuracy: 0.4932 - recall_m: 0.2562 - precision_m: 0.8169 - f1_m: 0.3876 - val_loss: 1.6008 - val_accuracy: 0.4885 - val_recall_m: 0.2763 - val_precision_m: 0.7861 - val_f1_m: 0.4065 - 134s/epoch - 721ms/step
Epoch 13/200
186/186 - 134s - loss: 1.5380 - accuracy: 0.4984 - recall_m: 0.2832 - precision_m: 0.8062 - f1_m: 0.4169 - val_loss: 1.6049 - val_accuracy: 0.4813 - val_recall_m: 0.2788 - val_precision_m: 0.7780 - val_f1_m: 0.4081 - 134s/epoch - 719ms/step
Epoch 14/200
186/186 - 134s - loss: 1.5058 - accuracy: 0.5111 - recall_m: 0.2983 - precision_m: 0.8046 - f1_m: 0.4328 - val_loss: 1.5461 - val_accuracy: 0.5024 - val_recall_m: 0.2945 - val_precision_m: 0.7901 - val_f1_m: 0.4265 - 134s/epoch - 722ms/step
Epoch 15/200
186/186 - 134s - loss: 1.4573 - accuracy: 0.5202 - recall_m: 0.3146 - precision_m: 0.8100 - f1_m: 0.4510 - val_loss: 1.5456 - val_accuracy: 0.5026 - val_recall_m: 0.3106 - val_precision_m: 0.7619 - val_f1_m: 0.4388 - 134s/epoch - 723ms/step
Epoch 16/200
186/186 - 134s - loss: 1.4334 - accuracy: 0.5336 - recall_m: 0.3268 - precision_m: 0.8059 - f1_m: 0.4627 - val_loss: 1.5869 - val_accuracy: 0.4860 - val_recall_m: 0.3013 - val_precision_m: 0.7565 - val_f1_m: 0.4286 - 134s/epoch - 719ms/step
Epoch 17/200
186/186 - 133s - loss: 1.4142 - accuracy: 0.5389 - recall_m: 0.3339 - precision_m: 0.8066 - f1_m: 0.4700 - val_loss: 1.5348 - val_accuracy: 0.5014 - val_recall_m: 0.3139 - val_precision_m: 0.7675 - val_f1_m: 0.4431 - 133s/epoch - 715ms/step
Epoch 18/200
186/186 - 135s - loss: 1.3705 - accuracy: 0.5501 - recall_m: 0.3511 - precision_m: 0.8129 - f1_m: 0.4884 - val_loss: 1.4978 - val_accuracy: 0.5140 - val_recall_m: 0.3224 - val_precision_m: 0.7609 - val_f1_m: 0.4505 - 135s/epoch - 724ms/step
Epoch 19/200
186/186 - 134s - loss: 1.3506 - accuracy: 0.5562 - recall_m: 0.3548 - precision_m: 0.8006 - f1_m: 0.4896 - val_loss: 1.4421 - val_accuracy: 0.5333 - val_recall_m: 0.3439 - val_precision_m: 0.7665 - val_f1_m: 0.4725 - 134s/epoch - 719ms/step
Epoch 20/200
186/186 - 134s - loss: 1.3197 - accuracy: 0.5672 - recall_m: 0.3726 - precision_m: 0.8151 - f1_m: 0.5096 - val_loss: 1.4363 - val_accuracy: 0.5338 - val_recall_m: 0.3518 - val_precision_m: 0.7645 - val_f1_m: 0.4796 - 134s/epoch - 719ms/step
Epoch 21/200
186/186 - 134s - loss: 1.2950 - accuracy: 0.5716 - recall_m: 0.3830 - precision_m: 0.8113 - f1_m: 0.5181 - val_loss: 1.4654 - val_accuracy: 0.5268 - val_recall_m: 0.3480 - val_precision_m: 0.7607 - val_f1_m: 0.4748 - 134s/epoch - 719ms/step
Epoch 22/200
186/186 - 133s - loss: 1.2864 - accuracy: 0.5752 - recall_m: 0.3892 - precision_m: 0.8084 - f1_m: 0.5232 - val_loss: 1.4155 - val_accuracy: 0.5398 - val_recall_m: 0.3680 - val_precision_m: 0.7599 - val_f1_m: 0.4930 - 133s/epoch - 717ms/step
Epoch 23/200
186/186 - 133s - loss: 1.2554 - accuracy: 0.5914 - recall_m: 0.3980 - precision_m: 0.8131 - f1_m: 0.5325 - val_loss: 1.3822 - val_accuracy: 0.5534 - val_recall_m: 0.3892 - val_precision_m: 0.7506 - val_f1_m: 0.5100 - 133s/epoch - 718ms/step
Epoch 24/200
186/186 - 134s - loss: 1.2230 - accuracy: 0.5969 - recall_m: 0.4143 - precision_m: 0.8134 - f1_m: 0.5473 - val_loss: 1.4073 - val_accuracy: 0.5429 - val_recall_m: 0.3830 - val_precision_m: 0.7489 - val_f1_m: 0.5040 - 134s/epoch - 718ms/step
Epoch 25/200
186/186 - 134s - loss: 1.2022 - accuracy: 0.6070 - recall_m: 0.4344 - precision_m: 0.8174 - f1_m: 0.5653 - val_loss: 1.3838 - val_accuracy: 0.5476 - val_recall_m: 0.4011 - val_precision_m: 0.7321 - val_f1_m: 0.5154 - 134s/epoch - 719ms/step
Epoch 26/200
186/186 - 134s - loss: 1.1875 - accuracy: 0.6082 - recall_m: 0.4397 - precision_m: 0.8111 - f1_m: 0.5685 - val_loss: 1.3475 - val_accuracy: 0.5632 - val_recall_m: 0.4158 - val_precision_m: 0.7488 - val_f1_m: 0.5321 - 134s/epoch - 718ms/step
Epoch 27/200
186/186 - 134s - loss: 1.1680 - accuracy: 0.6195 - recall_m: 0.4497 - precision_m: 0.8113 - f1_m: 0.5769 - val_loss: 1.3778 - val_accuracy: 0.5514 - val_recall_m: 0.4033 - val_precision_m: 0.7456 - val_f1_m: 0.5208 - 134s/epoch - 719ms/step
Epoch 28/200
186/186 - 134s - loss: 1.1539 - accuracy: 0.6209 - recall_m: 0.4582 - precision_m: 0.8151 - f1_m: 0.5851 - val_loss: 1.3204 - val_accuracy: 0.5743 - val_recall_m: 0.4279 - val_precision_m: 0.7477 - val_f1_m: 0.5414 - 134s/epoch - 719ms/step
Epoch 29/200
186/186 - 134s - loss: 1.1217 - accuracy: 0.6270 - recall_m: 0.4739 - precision_m: 0.8125 - f1_m: 0.5969 - val_loss: 1.3384 - val_accuracy: 0.5644 - val_recall_m: 0.4266 - val_precision_m: 0.7386 - val_f1_m: 0.5388 - 134s/epoch - 718ms/step
Epoch 30/200
186/186 - 134s - loss: 1.1087 - accuracy: 0.6325 - recall_m: 0.4786 - precision_m: 0.8157 - f1_m: 0.6015 - val_loss: 1.2943 - val_accuracy: 0.5773 - val_recall_m: 0.4420 - val_precision_m: 0.7489 - val_f1_m: 0.5534 - 134s/epoch - 720ms/step
Epoch 31/200
186/186 - 134s - loss: 1.0885 - accuracy: 0.6361 - recall_m: 0.4908 - precision_m: 0.8173 - f1_m: 0.6117 - val_loss: 1.2971 - val_accuracy: 0.5810 - val_recall_m: 0.4513 - val_precision_m: 0.7416 - val_f1_m: 0.5588 - 134s/epoch - 721ms/step
Epoch 32/200
186/186 - 134s - loss: 1.0797 - accuracy: 0.6440 - recall_m: 0.4941 - precision_m: 0.8178 - f1_m: 0.6144 - val_loss: 1.2871 - val_accuracy: 0.5823 - val_recall_m: 0.4496 - val_precision_m: 0.7469 - val_f1_m: 0.5589 - 134s/epoch - 719ms/step
Epoch 33/200
186/186 - 134s - loss: 1.0482 - accuracy: 0.6534 - recall_m: 0.5116 - precision_m: 0.8267 - f1_m: 0.6307 - val_loss: 1.2945 - val_accuracy: 0.5821 - val_recall_m: 0.4561 - val_precision_m: 0.7396 - val_f1_m: 0.5620 - 134s/epoch - 718ms/step
Epoch 34/200
186/186 - 134s - loss: 1.0455 - accuracy: 0.6493 - recall_m: 0.5132 - precision_m: 0.8170 - f1_m: 0.6288 - val_loss: 1.2721 - val_accuracy: 0.5865 - val_recall_m: 0.4622 - val_precision_m: 0.7384 - val_f1_m: 0.5662 - 134s/epoch - 719ms/step
Epoch 35/200
186/186 - 134s - loss: 1.0226 - accuracy: 0.6580 - recall_m: 0.5219 - precision_m: 0.8191 - f1_m: 0.6365 - val_loss: 1.2537 - val_accuracy: 0.5909 - val_recall_m: 0.4697 - val_precision_m: 0.7387 - val_f1_m: 0.5721 - 134s/epoch - 719ms/step
Epoch 36/200
186/186 - 133s - loss: 1.0136 - accuracy: 0.6651 - recall_m: 0.5288 - precision_m: 0.8236 - f1_m: 0.6426 - val_loss: 1.2806 - val_accuracy: 0.5863 - val_recall_m: 0.4739 - val_precision_m: 0.7283 - val_f1_m: 0.5719 - 133s/epoch - 718ms/step
Epoch 37/200
186/186 - 134s - loss: 0.9886 - accuracy: 0.6712 - recall_m: 0.5454 - precision_m: 0.8323 - f1_m: 0.6578 - val_loss: 1.2512 - val_accuracy: 0.5940 - val_recall_m: 0.4780 - val_precision_m: 0.7376 - val_f1_m: 0.5780 - 134s/epoch - 719ms/step
Epoch 38/200
186/186 - 134s - loss: 0.9782 - accuracy: 0.6747 - recall_m: 0.5451 - precision_m: 0.8256 - f1_m: 0.6554 - val_loss: 1.2942 - val_accuracy: 0.5796 - val_recall_m: 0.4643 - val_precision_m: 0.7346 - val_f1_m: 0.5667 - 134s/epoch - 718ms/step
Epoch 39/200
186/186 - 134s - loss: 0.9522 - accuracy: 0.6818 - recall_m: 0.5516 - precision_m: 0.8310 - f1_m: 0.6620 - val_loss: 1.2861 - val_accuracy: 0.5832 - val_recall_m: 0.4804 - val_precision_m: 0.7226 - val_f1_m: 0.5748 - 134s/epoch - 720ms/step
Epoch 40/200
186/186 - 133s - loss: 0.9540 - accuracy: 0.6839 - recall_m: 0.5632 - precision_m: 0.8324 - f1_m: 0.6708 - val_loss: 1.2587 - val_accuracy: 0.5939 - val_recall_m: 0.4891 - val_precision_m: 0.7268 - val_f1_m: 0.5827 - 133s/epoch - 718ms/step
Epoch 41/200
186/186 - 134s - loss: 0.9387 - accuracy: 0.6851 - recall_m: 0.5645 - precision_m: 0.8306 - f1_m: 0.6707 - val_loss: 1.2325 - val_accuracy: 0.6047 - val_recall_m: 0.4947 - val_precision_m: 0.7394 - val_f1_m: 0.5908 - 134s/epoch - 719ms/step
Epoch 42/200
186/186 - 134s - loss: 0.9191 - accuracy: 0.6949 - recall_m: 0.5749 - precision_m: 0.8403 - f1_m: 0.6815 - val_loss: 1.2323 - val_accuracy: 0.6013 - val_recall_m: 0.5028 - val_precision_m: 0.7335 - val_f1_m: 0.5948 - 134s/epoch - 718ms/step
Epoch 43/200
186/186 - 133s - loss: 0.9026 - accuracy: 0.6968 - recall_m: 0.5817 - precision_m: 0.8372 - f1_m: 0.6853 - val_loss: 1.2281 - val_accuracy: 0.6020 - val_recall_m: 0.4967 - val_precision_m: 0.7309 - val_f1_m: 0.5895 - 133s/epoch - 718ms/step
Epoch 44/200
186/186 - 134s - loss: 0.8927 - accuracy: 0.7016 - recall_m: 0.5901 - precision_m: 0.8405 - f1_m: 0.6922 - val_loss: 1.2067 - val_accuracy: 0.6109 - val_recall_m: 0.5076 - val_precision_m: 0.7390 - val_f1_m: 0.6000 - 134s/epoch - 720ms/step
Epoch 45/200
186/186 - 134s - loss: 0.8771 - accuracy: 0.7049 - recall_m: 0.5934 - precision_m: 0.8406 - f1_m: 0.6945 - val_loss: 1.2303 - val_accuracy: 0.6058 - val_recall_m: 0.5118 - val_precision_m: 0.7268 - val_f1_m: 0.5989 - 134s/epoch - 720ms/step
Epoch 46/200
186/186 - 134s - loss: 0.8827 - accuracy: 0.7005 - recall_m: 0.5914 - precision_m: 0.8356 - f1_m: 0.6915 - val_loss: 1.1655 - val_accuracy: 0.6292 - val_recall_m: 0.5327 - val_precision_m: 0.7505 - val_f1_m: 0.6214 - 134s/epoch - 719ms/step
Epoch 47/200
186/186 - 134s - loss: 0.8466 - accuracy: 0.7145 - recall_m: 0.6079 - precision_m: 0.8452 - f1_m: 0.7061 - val_loss: 1.2475 - val_accuracy: 0.6010 - val_recall_m: 0.5032 - val_precision_m: 0.7206 - val_f1_m: 0.5906 - 134s/epoch - 720ms/step
Epoch 48/200
186/186 - 134s - loss: 0.8469 - accuracy: 0.7149 - recall_m: 0.6083 - precision_m: 0.8434 - f1_m: 0.7057 - val_loss: 1.1638 - val_accuracy: 0.6299 - val_recall_m: 0.5386 - val_precision_m: 0.7454 - val_f1_m: 0.6234 - 134s/epoch - 721ms/step
Epoch 49/200
186/186 - 134s - loss: 0.8278 - accuracy: 0.7229 - recall_m: 0.6220 - precision_m: 0.8508 - f1_m: 0.7173 - val_loss: 1.1780 - val_accuracy: 0.6208 - val_recall_m: 0.5323 - val_precision_m: 0.7403 - val_f1_m: 0.6174 - 134s/epoch - 720ms/step
Epoch 50/200
186/186 - 134s - loss: 0.8208 - accuracy: 0.7242 - recall_m: 0.6215 - precision_m: 0.8449 - f1_m: 0.7152 - val_loss: 1.1756 - val_accuracy: 0.6237 - val_recall_m: 0.5362 - val_precision_m: 0.7331 - val_f1_m: 0.6178 - 134s/epoch - 718ms/step
Epoch 51/200
186/186 - 134s - loss: 0.7873 - accuracy: 0.7355 - recall_m: 0.6405 - precision_m: 0.8557 - f1_m: 0.7317 - val_loss: 1.1781 - val_accuracy: 0.6240 - val_recall_m: 0.5373 - val_precision_m: 0.7371 - val_f1_m: 0.6197 - 134s/epoch - 720ms/step
Epoch 52/200
186/186 - 134s - loss: 0.7943 - accuracy: 0.7319 - recall_m: 0.6350 - precision_m: 0.8462 - f1_m: 0.7246 - val_loss: 1.1621 - val_accuracy: 0.6323 - val_recall_m: 0.5495 - val_precision_m: 0.7400 - val_f1_m: 0.6288 - 134s/epoch - 722ms/step
Epoch 53/200
186/186 - 134s - loss: 0.7746 - accuracy: 0.7416 - recall_m: 0.6426 - precision_m: 0.8519 - f1_m: 0.7318 - val_loss: 1.1470 - val_accuracy: 0.6334 - val_recall_m: 0.5538 - val_precision_m: 0.7371 - val_f1_m: 0.6308 - 134s/epoch - 720ms/step
Epoch 54/200
186/186 - 134s - loss: 0.7610 - accuracy: 0.7432 - recall_m: 0.6529 - precision_m: 0.8546 - f1_m: 0.7393 - val_loss: 1.1708 - val_accuracy: 0.6299 - val_recall_m: 0.5463 - val_precision_m: 0.7391 - val_f1_m: 0.6267 - 134s/epoch - 722ms/step
Epoch 55/200
186/186 - 134s - loss: 0.7535 - accuracy: 0.7455 - recall_m: 0.6549 - precision_m: 0.8531 - f1_m: 0.7401 - val_loss: 1.1526 - val_accuracy: 0.6337 - val_recall_m: 0.5589 - val_precision_m: 0.7395 - val_f1_m: 0.6352 - 134s/epoch - 720ms/step
Epoch 56/200
186/186 - 134s - loss: 0.7423 - accuracy: 0.7481 - recall_m: 0.6612 - precision_m: 0.8547 - f1_m: 0.7446 - val_loss: 1.1354 - val_accuracy: 0.6456 - val_recall_m: 0.5738 - val_precision_m: 0.7415 - val_f1_m: 0.6454 - 134s/epoch - 719ms/step
Epoch 57/200
186/186 - 134s - loss: 0.7246 - accuracy: 0.7567 - recall_m: 0.6710 - precision_m: 0.8592 - f1_m: 0.7527 - val_loss: 1.1205 - val_accuracy: 0.6445 - val_recall_m: 0.5684 - val_precision_m: 0.7385 - val_f1_m: 0.6407 - 134s/epoch - 719ms/step
Epoch 58/200
186/186 - 134s - loss: 0.7174 - accuracy: 0.7562 - recall_m: 0.6748 - precision_m: 0.8576 - f1_m: 0.7545 - val_loss: 1.1621 - val_accuracy: 0.6365 - val_recall_m: 0.5630 - val_precision_m: 0.7335 - val_f1_m: 0.6356 - 134s/epoch - 718ms/step
Epoch 59/200
186/186 - 134s - loss: 0.7162 - accuracy: 0.7597 - recall_m: 0.6781 - precision_m: 0.8581 - f1_m: 0.7568 - val_loss: 1.1368 - val_accuracy: 0.6454 - val_recall_m: 0.5735 - val_precision_m: 0.7407 - val_f1_m: 0.6451 - 134s/epoch - 720ms/step
Epoch 60/200
186/186 - 134s - loss: 0.6923 - accuracy: 0.7652 - recall_m: 0.6869 - precision_m: 0.8613 - f1_m: 0.7634 - val_loss: 1.1316 - val_accuracy: 0.6459 - val_recall_m: 0.5750 - val_precision_m: 0.7400 - val_f1_m: 0.6458 - 134s/epoch - 718ms/step
Epoch 61/200
186/186 - 134s - loss: 0.6990 - accuracy: 0.7653 - recall_m: 0.6839 - precision_m: 0.8622 - f1_m: 0.7622 - val_loss: 1.1485 - val_accuracy: 0.6431 - val_recall_m: 0.5746 - val_precision_m: 0.7341 - val_f1_m: 0.6435 - 134s/epoch - 720ms/step
Epoch 62/200
186/186 - 134s - loss: 0.6782 - accuracy: 0.7695 - recall_m: 0.6939 - precision_m: 0.8625 - f1_m: 0.7683 - val_loss: 1.1332 - val_accuracy: 0.6488 - val_recall_m: 0.5812 - val_precision_m: 0.7381 - val_f1_m: 0.6489 - 134s/epoch - 721ms/step
Epoch 63/200
186/186 - 134s - loss: 0.6619 - accuracy: 0.7771 - recall_m: 0.7027 - precision_m: 0.8669 - f1_m: 0.7756 - val_loss: 1.1421 - val_accuracy: 0.6468 - val_recall_m: 0.5861 - val_precision_m: 0.7339 - val_f1_m: 0.6503 - 134s/epoch - 720ms/step
Epoch 64/200
186/186 - 134s - loss: 0.6672 - accuracy: 0.7722 - recall_m: 0.6987 - precision_m: 0.8643 - f1_m: 0.7720 - val_loss: 1.1471 - val_accuracy: 0.6446 - val_recall_m: 0.5854 - val_precision_m: 0.7380 - val_f1_m: 0.6517 - 134s/epoch - 720ms/step
Epoch 65/200
186/186 - 134s - loss: 0.6589 - accuracy: 0.7806 - recall_m: 0.7040 - precision_m: 0.8646 - f1_m: 0.7755 - val_loss: 1.1151 - val_accuracy: 0.6574 - val_recall_m: 0.5916 - val_precision_m: 0.7461 - val_f1_m: 0.6586 - 134s/epoch - 723ms/step
Epoch 66/200
186/186 - 134s - loss: 0.6324 - accuracy: 0.7871 - recall_m: 0.7135 - precision_m: 0.8706 - f1_m: 0.7836 - val_loss: 1.1294 - val_accuracy: 0.6484 - val_recall_m: 0.5893 - val_precision_m: 0.7361 - val_f1_m: 0.6532 - 134s/epoch - 718ms/step
Epoch 67/200
186/186 - 134s - loss: 0.6306 - accuracy: 0.7884 - recall_m: 0.7187 - precision_m: 0.8714 - f1_m: 0.7870 - val_loss: 1.1513 - val_accuracy: 0.6480 - val_recall_m: 0.5883 - val_precision_m: 0.7303 - val_f1_m: 0.6504 - 134s/epoch - 720ms/step
Epoch 68/200
186/186 - 134s - loss: 0.6146 - accuracy: 0.7932 - recall_m: 0.7245 - precision_m: 0.8750 - f1_m: 0.7919 - val_loss: 1.1404 - val_accuracy: 0.6494 - val_recall_m: 0.5933 - val_precision_m: 0.7291 - val_f1_m: 0.6530 - 134s/epoch - 720ms/step
Epoch 69/200
186/186 - 133s - loss: 0.6264 - accuracy: 0.7851 - recall_m: 0.7189 - precision_m: 0.8702 - f1_m: 0.7868 - val_loss: 1.1638 - val_accuracy: 0.6465 - val_recall_m: 0.5858 - val_precision_m: 0.7259 - val_f1_m: 0.6472 - 133s/epoch - 717ms/step
Epoch 70/200
186/186 - 134s - loss: 0.6157 - accuracy: 0.7909 - recall_m: 0.7237 - precision_m: 0.8701 - f1_m: 0.7896 - val_loss: 1.1441 - val_accuracy: 0.6482 - val_recall_m: 0.5869 - val_precision_m: 0.7346 - val_f1_m: 0.6513 - 134s/epoch - 721ms/step
Epoch 71/200
186/186 - 134s - loss: 0.5993 - accuracy: 0.7976 - recall_m: 0.7335 - precision_m: 0.8799 - f1_m: 0.7994 - val_loss: 1.1410 - val_accuracy: 0.6541 - val_recall_m: 0.5982 - val_precision_m: 0.7361 - val_f1_m: 0.6589 - 134s/epoch - 719ms/step
Epoch 72/200
186/186 - 134s - loss: 0.5875 - accuracy: 0.8034 - recall_m: 0.7391 - precision_m: 0.8780 - f1_m: 0.8019 - val_loss: 1.1903 - val_accuracy: 0.6395 - val_recall_m: 0.5832 - val_precision_m: 0.7224 - val_f1_m: 0.6441 - 134s/epoch - 719ms/step
Epoch 73/200
186/186 - 134s - loss: 0.5906 - accuracy: 0.7969 - recall_m: 0.7371 - precision_m: 0.8760 - f1_m: 0.8001 - val_loss: 1.1539 - val_accuracy: 0.6466 - val_recall_m: 0.5927 - val_precision_m: 0.7366 - val_f1_m: 0.6556 - 134s/epoch - 719ms/step
Epoch 74/200
186/186 - 134s - loss: 0.5724 - accuracy: 0.8069 - recall_m: 0.7426 - precision_m: 0.8835 - f1_m: 0.8063 - val_loss: 1.1358 - val_accuracy: 0.6558 - val_recall_m: 0.6030 - val_precision_m: 0.7372 - val_f1_m: 0.6620 - 134s/epoch - 718ms/step
Epoch 75/200
186/186 - 134s - loss: 0.5656 - accuracy: 0.8063 - recall_m: 0.7484 - precision_m: 0.8817 - f1_m: 0.8090 - val_loss: 1.1464 - val_accuracy: 0.6557 - val_recall_m: 0.6027 - val_precision_m: 0.7388 - val_f1_m: 0.6627 - 134s/epoch - 719ms/step
Epoch 76/200
186/186 - 134s - loss: 0.5551 - accuracy: 0.8129 - recall_m: 0.7535 - precision_m: 0.8854 - f1_m: 0.8136 - val_loss: 1.1642 - val_accuracy: 0.6549 - val_recall_m: 0.6049 - val_precision_m: 0.7273 - val_f1_m: 0.6593 - 134s/epoch - 720ms/step
Epoch 77/200
186/186 - 134s - loss: 0.5592 - accuracy: 0.8089 - recall_m: 0.7527 - precision_m: 0.8820 - f1_m: 0.8117 - val_loss: 1.1177 - val_accuracy: 0.6644 - val_recall_m: 0.6123 - val_precision_m: 0.7384 - val_f1_m: 0.6685 - 134s/epoch - 718ms/step
Epoch 78/200
186/186 - 134s - loss: 0.5439 - accuracy: 0.8173 - recall_m: 0.7565 - precision_m: 0.8871 - f1_m: 0.8160 - val_loss: 1.1303 - val_accuracy: 0.6648 - val_recall_m: 0.6142 - val_precision_m: 0.7431 - val_f1_m: 0.6715 - 134s/epoch - 720ms/step
Epoch 79/200
186/186 - 134s - loss: 0.5349 - accuracy: 0.8183 - recall_m: 0.7604 - precision_m: 0.8877 - f1_m: 0.8187 - val_loss: 1.1210 - val_accuracy: 0.6630 - val_recall_m: 0.6142 - val_precision_m: 0.7378 - val_f1_m: 0.6694 - 134s/epoch - 720ms/step
Epoch 80/200
186/186 - 133s - loss: 0.5310 - accuracy: 0.8209 - recall_m: 0.7632 - precision_m: 0.8848 - f1_m: 0.8190 - val_loss: 1.1570 - val_accuracy: 0.6610 - val_recall_m: 0.6135 - val_precision_m: 0.7350 - val_f1_m: 0.6679 - 133s/epoch - 717ms/step
Epoch 81/200
186/186 - 134s - loss: 0.5179 - accuracy: 0.8260 - recall_m: 0.7680 - precision_m: 0.8961 - f1_m: 0.8265 - val_loss: 1.1361 - val_accuracy: 0.6645 - val_recall_m: 0.6125 - val_precision_m: 0.7387 - val_f1_m: 0.6686 - 134s/epoch - 718ms/step
Epoch 82/200
186/186 - 133s - loss: 0.5206 - accuracy: 0.8247 - recall_m: 0.7703 - precision_m: 0.8919 - f1_m: 0.8261 - val_loss: 1.1348 - val_accuracy: 0.6637 - val_recall_m: 0.6166 - val_precision_m: 0.7400 - val_f1_m: 0.6717 - 133s/epoch - 718ms/step
Epoch 83/200
186/186 - 133s - loss: 0.5059 - accuracy: 0.8285 - recall_m: 0.7761 - precision_m: 0.8948 - f1_m: 0.8308 - val_loss: 1.1579 - val_accuracy: 0.6614 - val_recall_m: 0.6186 - val_precision_m: 0.7315 - val_f1_m: 0.6693 - 133s/epoch - 717ms/step
Epoch 84/200
186/186 - 134s - loss: 0.5059 - accuracy: 0.8287 - recall_m: 0.7746 - precision_m: 0.8920 - f1_m: 0.8287 - val_loss: 1.1544 - val_accuracy: 0.6636 - val_recall_m: 0.6188 - val_precision_m: 0.7361 - val_f1_m: 0.6711 - 134s/epoch - 718ms/step
Epoch 85/200
186/186 - 134s - loss: 0.4967 - accuracy: 0.8334 - recall_m: 0.7852 - precision_m: 0.8962 - f1_m: 0.8365 - val_loss: 1.1752 - val_accuracy: 0.6586 - val_recall_m: 0.6115 - val_precision_m: 0.7312 - val_f1_m: 0.6651 - 134s/epoch - 719ms/step
Epoch 86/200
186/186 - 134s - loss: 0.4844 - accuracy: 0.8353 - recall_m: 0.7854 - precision_m: 0.8982 - f1_m: 0.8376 - val_loss: 1.1888 - val_accuracy: 0.6584 - val_recall_m: 0.6180 - val_precision_m: 0.7259 - val_f1_m: 0.6666 - 134s/epoch - 719ms/step
Epoch 87/200
186/186 - 133s - loss: 0.4777 - accuracy: 0.8380 - recall_m: 0.7861 - precision_m: 0.8993 - f1_m: 0.8384 - val_loss: 1.1598 - val_accuracy: 0.6667 - val_recall_m: 0.6251 - val_precision_m: 0.7325 - val_f1_m: 0.6737 - 133s/epoch - 718ms/step
Epoch 88/200
186/186 - 134s - loss: 0.4850 - accuracy: 0.8368 - recall_m: 0.7882 - precision_m: 0.8978 - f1_m: 0.8390 - val_loss: 1.1640 - val_accuracy: 0.6679 - val_recall_m: 0.6255 - val_precision_m: 0.7346 - val_f1_m: 0.6748 - 134s/epoch - 719ms/step
Epoch 89/200
186/186 - 134s - loss: 0.4661 - accuracy: 0.8445 - recall_m: 0.7969 - precision_m: 0.9042 - f1_m: 0.8467 - val_loss: 1.1768 - val_accuracy: 0.6594 - val_recall_m: 0.6132 - val_precision_m: 0.7270 - val_f1_m: 0.6643 - 134s/epoch - 719ms/step
Epoch 90/200
186/186 - 134s - loss: 0.4590 - accuracy: 0.8446 - recall_m: 0.7946 - precision_m: 0.8999 - f1_m: 0.8435 - val_loss: 1.1798 - val_accuracy: 0.6644 - val_recall_m: 0.6211 - val_precision_m: 0.7285 - val_f1_m: 0.6696 - 134s/epoch - 719ms/step
Epoch 91/200
186/186 - 134s - loss: 0.4542 - accuracy: 0.8471 - recall_m: 0.7989 - precision_m: 0.9028 - f1_m: 0.8473 - val_loss: 1.1598 - val_accuracy: 0.6726 - val_recall_m: 0.6354 - val_precision_m: 0.7352 - val_f1_m: 0.6809 - 134s/epoch - 721ms/step
Epoch 92/200
186/186 - 133s - loss: 0.4575 - accuracy: 0.8411 - recall_m: 0.7964 - precision_m: 0.9008 - f1_m: 0.8449 - val_loss: 1.1878 - val_accuracy: 0.6607 - val_recall_m: 0.6166 - val_precision_m: 0.7280 - val_f1_m: 0.6668 - 133s/epoch - 717ms/step
Epoch 93/200
186/186 - 134s - loss: 0.4668 - accuracy: 0.8414 - recall_m: 0.7907 - precision_m: 0.8981 - f1_m: 0.8405 - val_loss: 1.1642 - val_accuracy: 0.6731 - val_recall_m: 0.6323 - val_precision_m: 0.7366 - val_f1_m: 0.6796 - 134s/epoch - 720ms/step
Epoch 94/200
186/186 - 134s - loss: 0.4666 - accuracy: 0.8399 - recall_m: 0.7952 - precision_m: 0.8972 - f1_m: 0.8427 - val_loss: 1.1543 - val_accuracy: 0.6714 - val_recall_m: 0.6296 - val_precision_m: 0.7381 - val_f1_m: 0.6785 - 134s/epoch - 719ms/step
Epoch 95/200
186/186 - 134s - loss: 0.4546 - accuracy: 0.8462 - recall_m: 0.7986 - precision_m: 0.9015 - f1_m: 0.8465 - val_loss: 1.1910 - val_accuracy: 0.6627 - val_recall_m: 0.6214 - val_precision_m: 0.7241 - val_f1_m: 0.6682 - 134s/epoch - 719ms/step
Epoch 96/200
186/186 - 134s - loss: 0.4333 - accuracy: 0.8551 - recall_m: 0.8090 - precision_m: 0.9074 - f1_m: 0.8550 - val_loss: 1.1979 - val_accuracy: 0.6607 - val_recall_m: 0.6228 - val_precision_m: 0.7255 - val_f1_m: 0.6695 - 134s/epoch - 720ms/step
Epoch 97/200
186/186 - 134s - loss: 0.4252 - accuracy: 0.8543 - recall_m: 0.8139 - precision_m: 0.9090 - f1_m: 0.8585 - val_loss: 1.1412 - val_accuracy: 0.6791 - val_recall_m: 0.6422 - val_precision_m: 0.7405 - val_f1_m: 0.6871 - 134s/epoch - 719ms/step
Epoch 98/200
186/186 - 134s - loss: 0.4225 - accuracy: 0.8563 - recall_m: 0.8172 - precision_m: 0.9081 - f1_m: 0.8599 - val_loss: 1.1932 - val_accuracy: 0.6630 - val_recall_m: 0.6256 - val_precision_m: 0.7255 - val_f1_m: 0.6710 - 134s/epoch - 718ms/step
Epoch 99/200
186/186 - 134s - loss: 0.4273 - accuracy: 0.8526 - recall_m: 0.8107 - precision_m: 0.9061 - f1_m: 0.8553 - val_loss: 1.2274 - val_accuracy: 0.6615 - val_recall_m: 0.6228 - val_precision_m: 0.7219 - val_f1_m: 0.6679 - 134s/epoch - 718ms/step
Epoch 100/200
186/186 - 134s - loss: 0.4039 - accuracy: 0.8609 - recall_m: 0.8206 - precision_m: 0.9120 - f1_m: 0.8635 - val_loss: 1.1807 - val_accuracy: 0.6751 - val_recall_m: 0.6417 - val_precision_m: 0.7346 - val_f1_m: 0.6841 - 134s/epoch - 718ms/step
Epoch 101/200
186/186 - 134s - loss: 0.3861 - accuracy: 0.8708 - recall_m: 0.8336 - precision_m: 0.9155 - f1_m: 0.8723 - val_loss: 1.1953 - val_accuracy: 0.6722 - val_recall_m: 0.6375 - val_precision_m: 0.7273 - val_f1_m: 0.6787 - 134s/epoch - 720ms/step
Epoch 102/200
186/186 - 134s - loss: 0.4331 - accuracy: 0.8524 - recall_m: 0.8134 - precision_m: 0.9028 - f1_m: 0.8554 - val_loss: 1.2382 - val_accuracy: 0.6602 - val_recall_m: 0.6244 - val_precision_m: 0.7193 - val_f1_m: 0.6677 - 134s/epoch - 719ms/step
Epoch 103/200
186/186 - 134s - loss: 0.4242 - accuracy: 0.8570 - recall_m: 0.8171 - precision_m: 0.9064 - f1_m: 0.8591 - val_loss: 1.2024 - val_accuracy: 0.6670 - val_recall_m: 0.6336 - val_precision_m: 0.7292 - val_f1_m: 0.6772 - 134s/epoch - 721ms/step
Epoch 104/200
186/186 - 134s - loss: 0.4253 - accuracy: 0.8599 - recall_m: 0.8184 - precision_m: 0.9098 - f1_m: 0.8614 - val_loss: 1.1715 - val_accuracy: 0.6756 - val_recall_m: 0.6415 - val_precision_m: 0.7353 - val_f1_m: 0.6845 - 134s/epoch - 722ms/step
Epoch 105/200
186/186 - 134s - loss: 0.3765 - accuracy: 0.8723 - recall_m: 0.8337 - precision_m: 0.9154 - f1_m: 0.8723 - val_loss: 1.1905 - val_accuracy: 0.6724 - val_recall_m: 0.6429 - val_precision_m: 0.7326 - val_f1_m: 0.6840 - 134s/epoch - 721ms/step
Epoch 106/200
186/186 - 134s - loss: 0.3682 - accuracy: 0.8786 - recall_m: 0.8410 - precision_m: 0.9205 - f1_m: 0.8787 - val_loss: 1.2395 - val_accuracy: 0.6623 - val_recall_m: 0.6262 - val_precision_m: 0.7172 - val_f1_m: 0.6679 - 134s/epoch - 721ms/step
Epoch 107/200
186/186 - 134s - loss: 0.3690 - accuracy: 0.8740 - recall_m: 0.8376 - precision_m: 0.9188 - f1_m: 0.8761 - val_loss: 1.1946 - val_accuracy: 0.6771 - val_recall_m: 0.6439 - val_precision_m: 0.7306 - val_f1_m: 0.6838 - 134s/epoch - 720ms/step
Epoch 108/200
186/186 - 134s - loss: 0.3801 - accuracy: 0.8723 - recall_m: 0.8360 - precision_m: 0.9139 - f1_m: 0.8729 - val_loss: 1.2228 - val_accuracy: 0.6720 - val_recall_m: 0.6404 - val_precision_m: 0.7264 - val_f1_m: 0.6800 - 134s/epoch - 718ms/step
Epoch 109/200
186/186 - 134s - loss: 0.4062 - accuracy: 0.8619 - recall_m: 0.8252 - precision_m: 0.9087 - f1_m: 0.8645 - val_loss: 1.2244 - val_accuracy: 0.6661 - val_recall_m: 0.6310 - val_precision_m: 0.7190 - val_f1_m: 0.6715 - 134s/epoch - 720ms/step
Epoch 110/200
186/186 - 134s - loss: 0.3621 - accuracy: 0.8776 - recall_m: 0.8429 - precision_m: 0.9224 - f1_m: 0.8805 - val_loss: 1.2074 - val_accuracy: 0.6691 - val_recall_m: 0.6350 - val_precision_m: 0.7258 - val_f1_m: 0.6767 - 134s/epoch - 720ms/step
Epoch 111/200
186/186 - 134s - loss: 0.3634 - accuracy: 0.8769 - recall_m: 0.8428 - precision_m: 0.9190 - f1_m: 0.8789 - val_loss: 1.2176 - val_accuracy: 0.6729 - val_recall_m: 0.6421 - val_precision_m: 0.7286 - val_f1_m: 0.6819 - 134s/epoch - 720ms/step
Epoch 112/200
186/186 - 134s - loss: 0.3452 - accuracy: 0.8881 - recall_m: 0.8524 - precision_m: 0.9275 - f1_m: 0.8881 - val_loss: 1.1969 - val_accuracy: 0.6796 - val_recall_m: 0.6478 - val_precision_m: 0.7318 - val_f1_m: 0.6866 - 134s/epoch - 720ms/step
Epoch 113/200
186/186 - 134s - loss: 0.3383 - accuracy: 0.8901 - recall_m: 0.8552 - precision_m: 0.9276 - f1_m: 0.8896 - val_loss: 1.2205 - val_accuracy: 0.6753 - val_recall_m: 0.6429 - val_precision_m: 0.7289 - val_f1_m: 0.6826 - 134s/epoch - 718ms/step
Epoch 114/200
186/186 - 134s - loss: 0.3330 - accuracy: 0.8875 - recall_m: 0.8552 - precision_m: 0.9274 - f1_m: 0.8895 - val_loss: 1.2227 - val_accuracy: 0.6790 - val_recall_m: 0.6505 - val_precision_m: 0.7300 - val_f1_m: 0.6874 - 134s/epoch - 720ms/step
Epoch 115/200
186/186 - 134s - loss: 0.3477 - accuracy: 0.8812 - recall_m: 0.8500 - precision_m: 0.9225 - f1_m: 0.8844 - val_loss: 1.2366 - val_accuracy: 0.6717 - val_recall_m: 0.6410 - val_precision_m: 0.7229 - val_f1_m: 0.6789 - 134s/epoch - 722ms/step
Epoch 116/200
186/186 - 134s - loss: 0.3377 - accuracy: 0.8848 - recall_m: 0.8530 - precision_m: 0.9230 - f1_m: 0.8863 - val_loss: 1.2349 - val_accuracy: 0.6766 - val_recall_m: 0.6469 - val_precision_m: 0.7247 - val_f1_m: 0.6830 - 134s/epoch - 718ms/step
Epoch 117/200
186/186 - 134s - loss: 0.3411 - accuracy: 0.8822 - recall_m: 0.8518 - precision_m: 0.9212 - f1_m: 0.8849 - val_loss: 1.2181 - val_accuracy: 0.6784 - val_recall_m: 0.6481 - val_precision_m: 0.7312 - val_f1_m: 0.6865 - 134s/epoch - 719ms/step
Epoch 118/200
186/186 - 134s - loss: 0.3302 - accuracy: 0.8897 - recall_m: 0.8606 - precision_m: 0.9276 - f1_m: 0.8926 - val_loss: 1.2421 - val_accuracy: 0.6721 - val_recall_m: 0.6450 - val_precision_m: 0.7256 - val_f1_m: 0.6824 - 134s/epoch - 720ms/step
Epoch 119/200
186/186 - 134s - loss: 0.3366 - accuracy: 0.8831 - recall_m: 0.8550 - precision_m: 0.9220 - f1_m: 0.8870 - val_loss: 1.2263 - val_accuracy: 0.6801 - val_recall_m: 0.6511 - val_precision_m: 0.7303 - val_f1_m: 0.6878 - 134s/epoch - 719ms/step
Epoch 120/200
186/186 - 134s - loss: 0.3235 - accuracy: 0.8921 - recall_m: 0.8617 - precision_m: 0.9241 - f1_m: 0.8915 - val_loss: 1.2232 - val_accuracy: 0.6776 - val_recall_m: 0.6484 - val_precision_m: 0.7276 - val_f1_m: 0.6851 - 134s/epoch - 719ms/step
Epoch 121/200
186/186 - 134s - loss: 0.3204 - accuracy: 0.8916 - recall_m: 0.8625 - precision_m: 0.9289 - f1_m: 0.8942 - val_loss: 1.2297 - val_accuracy: 0.6820 - val_recall_m: 0.6553 - val_precision_m: 0.7326 - val_f1_m: 0.6912 - 134s/epoch - 719ms/step
Epoch 122/200
186/186 - 134s - loss: 0.3085 - accuracy: 0.8970 - recall_m: 0.8687 - precision_m: 0.9304 - f1_m: 0.8982 - val_loss: 1.2580 - val_accuracy: 0.6742 - val_recall_m: 0.6453 - val_precision_m: 0.7198 - val_f1_m: 0.6799 - 134s/epoch - 720ms/step
Epoch 123/200
186/186 - 134s - loss: 0.2931 - accuracy: 0.9030 - recall_m: 0.8768 - precision_m: 0.9367 - f1_m: 0.9055 - val_loss: 1.2403 - val_accuracy: 0.6824 - val_recall_m: 0.6561 - val_precision_m: 0.7264 - val_f1_m: 0.6889 - 134s/epoch - 719ms/step
Epoch 124/200
186/186 - 134s - loss: 0.3038 - accuracy: 0.8983 - recall_m: 0.8695 - precision_m: 0.9318 - f1_m: 0.8993 - val_loss: 1.2746 - val_accuracy: 0.6755 - val_recall_m: 0.6500 - val_precision_m: 0.7202 - val_f1_m: 0.6828 - 134s/epoch - 718ms/step
Epoch 125/200
186/186 - 134s - loss: 0.3209 - accuracy: 0.8927 - recall_m: 0.8656 - precision_m: 0.9236 - f1_m: 0.8934 - val_loss: 1.2683 - val_accuracy: 0.6785 - val_recall_m: 0.6534 - val_precision_m: 0.7257 - val_f1_m: 0.6871 - 134s/epoch - 719ms/step
Epoch 126/200
186/186 - 134s - loss: 0.3104 - accuracy: 0.8982 - recall_m: 0.8705 - precision_m: 0.9296 - f1_m: 0.8989 - val_loss: 1.2552 - val_accuracy: 0.6800 - val_recall_m: 0.6549 - val_precision_m: 0.7252 - val_f1_m: 0.6877 - 134s/epoch - 719ms/step
Epoch 127/200
186/186 - 134s - loss: 0.3059 - accuracy: 0.8990 - recall_m: 0.8732 - precision_m: 0.9314 - f1_m: 0.9011 - val_loss: 1.2810 - val_accuracy: 0.6757 - val_recall_m: 0.6513 - val_precision_m: 0.7225 - val_f1_m: 0.6845 - 134s/epoch - 719ms/step
Epoch 128/200
186/186 - 133s - loss: 0.3031 - accuracy: 0.8990 - recall_m: 0.8708 - precision_m: 0.9322 - f1_m: 0.9002 - val_loss: 1.2466 - val_accuracy: 0.6814 - val_recall_m: 0.6576 - val_precision_m: 0.7278 - val_f1_m: 0.6904 - 133s/epoch - 718ms/step
Epoch 129/200
186/186 - 134s - loss: 0.2942 - accuracy: 0.9026 - recall_m: 0.8765 - precision_m: 0.9344 - f1_m: 0.9043 - val_loss: 1.4008 - val_accuracy: 0.6517 - val_recall_m: 0.6284 - val_precision_m: 0.7037 - val_f1_m: 0.6634 - 134s/epoch - 719ms/step
Epoch 130/200
186/186 - 134s - loss: 0.3075 - accuracy: 0.8958 - recall_m: 0.8696 - precision_m: 0.9284 - f1_m: 0.8978 - val_loss: 1.2592 - val_accuracy: 0.6813 - val_recall_m: 0.6558 - val_precision_m: 0.7243 - val_f1_m: 0.6878 - 134s/epoch - 719ms/step
Epoch 131/200
186/186 - 134s - loss: 0.2870 - accuracy: 0.9030 - recall_m: 0.8780 - precision_m: 0.9325 - f1_m: 0.9042 - val_loss: 1.2434 - val_accuracy: 0.6853 - val_recall_m: 0.6593 - val_precision_m: 0.7340 - val_f1_m: 0.6941 - 134s/epoch - 719ms/step
Epoch 132/200
186/186 - 134s - loss: 0.2692 - accuracy: 0.9129 - recall_m: 0.8853 - precision_m: 0.9421 - f1_m: 0.9126 - val_loss: 1.2755 - val_accuracy: 0.6829 - val_recall_m: 0.6618 - val_precision_m: 0.7254 - val_f1_m: 0.6917 - 134s/epoch - 720ms/step
Epoch 133/200
186/186 - 133s - loss: 0.2755 - accuracy: 0.9076 - recall_m: 0.8830 - precision_m: 0.9349 - f1_m: 0.9081 - val_loss: 1.2912 - val_accuracy: 0.6804 - val_recall_m: 0.6572 - val_precision_m: 0.7247 - val_f1_m: 0.6888 - 133s/epoch - 716ms/step
Epoch 134/200
186/186 - 134s - loss: 0.2752 - accuracy: 0.9080 - recall_m: 0.8837 - precision_m: 0.9356 - f1_m: 0.9087 - val_loss: 1.2894 - val_accuracy: 0.6808 - val_recall_m: 0.6558 - val_precision_m: 0.7234 - val_f1_m: 0.6874 - 134s/epoch - 719ms/step
Epoch 135/200
186/186 - 134s - loss: 0.2725 - accuracy: 0.9080 - recall_m: 0.8836 - precision_m: 0.9369 - f1_m: 0.9092 - val_loss: 1.2874 - val_accuracy: 0.6778 - val_recall_m: 0.6541 - val_precision_m: 0.7196 - val_f1_m: 0.6848 - 134s/epoch - 718ms/step
Epoch 136/200
186/186 - 134s - loss: 0.2619 - accuracy: 0.9136 - recall_m: 0.8875 - precision_m: 0.9407 - f1_m: 0.9131 - val_loss: 1.2935 - val_accuracy: 0.6817 - val_recall_m: 0.6597 - val_precision_m: 0.7221 - val_f1_m: 0.6890 - 134s/epoch - 718ms/step
Epoch 137/200
186/186 - 133s - loss: 0.2555 - accuracy: 0.9145 - recall_m: 0.8898 - precision_m: 0.9425 - f1_m: 0.9151 - val_loss: 1.3014 - val_accuracy: 0.6826 - val_recall_m: 0.6586 - val_precision_m: 0.7221 - val_f1_m: 0.6884 - 133s/epoch - 717ms/step
Epoch 138/200
186/186 - 134s - loss: 0.2637 - accuracy: 0.9134 - recall_m: 0.8905 - precision_m: 0.9415 - f1_m: 0.9151 - val_loss: 1.2990 - val_accuracy: 0.6790 - val_recall_m: 0.6570 - val_precision_m: 0.7207 - val_f1_m: 0.6869 - 134s/epoch - 718ms/step
Epoch 139/200
186/186 - 134s - loss: 0.2537 - accuracy: 0.9146 - recall_m: 0.8908 - precision_m: 0.9423 - f1_m: 0.9156 - val_loss: 1.2953 - val_accuracy: 0.6817 - val_recall_m: 0.6576 - val_precision_m: 0.7214 - val_f1_m: 0.6876 - 134s/epoch - 718ms/step
Epoch 140/200
186/186 - 134s - loss: 0.3019 - accuracy: 0.8994 - recall_m: 0.8746 - precision_m: 0.9283 - f1_m: 0.9004 - val_loss: 1.2764 - val_accuracy: 0.6840 - val_recall_m: 0.6598 - val_precision_m: 0.7249 - val_f1_m: 0.6903 - 134s/epoch - 719ms/step
Epoch 141/200
186/186 - 134s - loss: 0.2541 - accuracy: 0.9158 - recall_m: 0.8954 - precision_m: 0.9451 - f1_m: 0.9194 - val_loss: 1.2967 - val_accuracy: 0.6860 - val_recall_m: 0.6648 - val_precision_m: 0.7282 - val_f1_m: 0.6945 - 134s/epoch - 721ms/step
Epoch 142/200
186/186 - 133s - loss: 0.2364 - accuracy: 0.9214 - recall_m: 0.8985 - precision_m: 0.9475 - f1_m: 0.9222 - val_loss: 1.3207 - val_accuracy: 0.6814 - val_recall_m: 0.6616 - val_precision_m: 0.7189 - val_f1_m: 0.6886 - 133s/epoch - 718ms/step
Epoch 143/200
186/186 - 133s - loss: 0.2371 - accuracy: 0.9226 - recall_m: 0.8988 - precision_m: 0.9469 - f1_m: 0.9220 - val_loss: 1.3124 - val_accuracy: 0.6810 - val_recall_m: 0.6610 - val_precision_m: 0.7190 - val_f1_m: 0.6884 - 133s/epoch - 718ms/step
Epoch 144/200
186/186 - 134s - loss: 0.2441 - accuracy: 0.9178 - recall_m: 0.8959 - precision_m: 0.9437 - f1_m: 0.9190 - val_loss: 1.3282 - val_accuracy: 0.6757 - val_recall_m: 0.6549 - val_precision_m: 0.7138 - val_f1_m: 0.6827 - 134s/epoch - 720ms/step
Epoch 145/200
186/186 - 134s - loss: 0.2411 - accuracy: 0.9209 - recall_m: 0.9005 - precision_m: 0.9464 - f1_m: 0.9226 - val_loss: 1.3560 - val_accuracy: 0.6752 - val_recall_m: 0.6530 - val_precision_m: 0.7135 - val_f1_m: 0.6815 - 134s/epoch - 721ms/step
Epoch 146/200
186/186 - 134s - loss: 0.2325 - accuracy: 0.9235 - recall_m: 0.9031 - precision_m: 0.9473 - f1_m: 0.9245 - val_loss: 1.3510 - val_accuracy: 0.6748 - val_recall_m: 0.6518 - val_precision_m: 0.7138 - val_f1_m: 0.6810 - 134s/epoch - 721ms/step
Epoch 147/200
186/186 - 134s - loss: 0.2343 - accuracy: 0.9229 - recall_m: 0.9018 - precision_m: 0.9467 - f1_m: 0.9235 - val_loss: 1.3250 - val_accuracy: 0.6870 - val_recall_m: 0.6679 - val_precision_m: 0.7255 - val_f1_m: 0.6950 - 134s/epoch - 719ms/step
Epoch 148/200
186/186 - 134s - loss: 0.2307 - accuracy: 0.9236 - recall_m: 0.9028 - precision_m: 0.9475 - f1_m: 0.9245 - val_loss: 1.3226 - val_accuracy: 0.6859 - val_recall_m: 0.6654 - val_precision_m: 0.7211 - val_f1_m: 0.6916 - 134s/epoch - 719ms/step
Epoch 149/200
186/186 - 134s - loss: 0.2233 - accuracy: 0.9269 - recall_m: 0.9061 - precision_m: 0.9500 - f1_m: 0.9273 - val_loss: 1.4931 - val_accuracy: 0.6564 - val_recall_m: 0.6361 - val_precision_m: 0.6951 - val_f1_m: 0.6639 - 134s/epoch - 718ms/step
Epoch 150/200
186/186 - 134s - loss: 0.2987 - accuracy: 0.8994 - recall_m: 0.8770 - precision_m: 0.9252 - f1_m: 0.9003 - val_loss: 1.3352 - val_accuracy: 0.6852 - val_recall_m: 0.6653 - val_precision_m: 0.7254 - val_f1_m: 0.6936 - 134s/epoch - 719ms/step
Epoch 151/200
186/186 - 134s - loss: 0.2496 - accuracy: 0.9177 - recall_m: 0.8953 - precision_m: 0.9420 - f1_m: 0.9179 - val_loss: 1.3532 - val_accuracy: 0.6753 - val_recall_m: 0.6523 - val_precision_m: 0.7153 - val_f1_m: 0.6819 - 134s/epoch - 720ms/step
Epoch 152/200
186/186 - 134s - loss: 0.2305 - accuracy: 0.9241 - recall_m: 0.9048 - precision_m: 0.9458 - f1_m: 0.9247 - val_loss: 1.3415 - val_accuracy: 0.6866 - val_recall_m: 0.6662 - val_precision_m: 0.7253 - val_f1_m: 0.6940 - 134s/epoch - 719ms/step
Epoch 153/200
186/186 - 134s - loss: 0.2294 - accuracy: 0.9242 - recall_m: 0.9038 - precision_m: 0.9443 - f1_m: 0.9235 - val_loss: 1.3345 - val_accuracy: 0.6867 - val_recall_m: 0.6657 - val_precision_m: 0.7256 - val_f1_m: 0.6939 - 134s/epoch - 722ms/step
Epoch 154/200
186/186 - 134s - loss: 0.1995 - accuracy: 0.9351 - recall_m: 0.9170 - precision_m: 0.9551 - f1_m: 0.9355 - val_loss: 1.3602 - val_accuracy: 0.6841 - val_recall_m: 0.6653 - val_precision_m: 0.7205 - val_f1_m: 0.6914 - 134s/epoch - 720ms/step
Epoch 155/200
186/186 - 134s - loss: 0.1997 - accuracy: 0.9338 - recall_m: 0.9153 - precision_m: 0.9538 - f1_m: 0.9340 - val_loss: 1.3447 - val_accuracy: 0.6849 - val_recall_m: 0.6679 - val_precision_m: 0.7233 - val_f1_m: 0.6941 - 134s/epoch - 720ms/step
Epoch 156/200
186/186 - 134s - loss: 0.2014 - accuracy: 0.9343 - recall_m: 0.9147 - precision_m: 0.9542 - f1_m: 0.9339 - val_loss: 1.3694 - val_accuracy: 0.6874 - val_recall_m: 0.6673 - val_precision_m: 0.7238 - val_f1_m: 0.6939 - 134s/epoch - 719ms/step
Epoch 157/200
186/186 - 134s - loss: 0.2211 - accuracy: 0.9250 - recall_m: 0.9056 - precision_m: 0.9467 - f1_m: 0.9255 - val_loss: 1.3566 - val_accuracy: 0.6815 - val_recall_m: 0.6613 - val_precision_m: 0.7192 - val_f1_m: 0.6886 - 134s/epoch - 721ms/step
Epoch 158/200
186/186 - 134s - loss: 0.2094 - accuracy: 0.9329 - recall_m: 0.9154 - precision_m: 0.9515 - f1_m: 0.9329 - val_loss: 1.3988 - val_accuracy: 0.6762 - val_recall_m: 0.6587 - val_precision_m: 0.7141 - val_f1_m: 0.6849 - 134s/epoch - 719ms/step
Epoch 159/200
186/186 - 133s - loss: 0.2101 - accuracy: 0.9316 - recall_m: 0.9139 - precision_m: 0.9516 - f1_m: 0.9322 - val_loss: 1.4148 - val_accuracy: 0.6754 - val_recall_m: 0.6554 - val_precision_m: 0.7099 - val_f1_m: 0.6811 - 133s/epoch - 717ms/step
Epoch 160/200
186/186 - 134s - loss: 0.2479 - accuracy: 0.9197 - recall_m: 0.8981 - precision_m: 0.9404 - f1_m: 0.9186 - val_loss: 1.3921 - val_accuracy: 0.6752 - val_recall_m: 0.6578 - val_precision_m: 0.7123 - val_f1_m: 0.6835 - 134s/epoch - 722ms/step
Epoch 161/200
186/186 - 134s - loss: 0.2391 - accuracy: 0.9193 - recall_m: 0.9006 - precision_m: 0.9425 - f1_m: 0.9209 - val_loss: 1.3806 - val_accuracy: 0.6754 - val_recall_m: 0.6556 - val_precision_m: 0.7128 - val_f1_m: 0.6826 - 134s/epoch - 722ms/step
Epoch 162/200
186/186 - 134s - loss: 0.1967 - accuracy: 0.9348 - recall_m: 0.9168 - precision_m: 0.9541 - f1_m: 0.9349 - val_loss: 1.3436 - val_accuracy: 0.6895 - val_recall_m: 0.6699 - val_precision_m: 0.7223 - val_f1_m: 0.6947 - 134s/epoch - 720ms/step
Epoch 163/200
186/186 - 134s - loss: 0.1913 - accuracy: 0.9370 - recall_m: 0.9199 - precision_m: 0.9547 - f1_m: 0.9369 - val_loss: 1.3583 - val_accuracy: 0.6911 - val_recall_m: 0.6740 - val_precision_m: 0.7245 - val_f1_m: 0.6980 - 134s/epoch - 718ms/step
Epoch 164/200
186/186 - 134s - loss: 0.1775 - accuracy: 0.9429 - recall_m: 0.9265 - precision_m: 0.9595 - f1_m: 0.9426 - val_loss: 1.3800 - val_accuracy: 0.6885 - val_recall_m: 0.6720 - val_precision_m: 0.7222 - val_f1_m: 0.6958 - 134s/epoch - 719ms/step
Epoch 165/200
186/186 - 134s - loss: 0.1824 - accuracy: 0.9406 - recall_m: 0.9234 - precision_m: 0.9575 - f1_m: 0.9400 - val_loss: 1.4188 - val_accuracy: 0.6815 - val_recall_m: 0.6668 - val_precision_m: 0.7178 - val_f1_m: 0.6910 - 134s/epoch - 718ms/step
Epoch 166/200
186/186 - 134s - loss: 0.2177 - accuracy: 0.9283 - recall_m: 0.9100 - precision_m: 0.9476 - f1_m: 0.9282 - val_loss: 1.3791 - val_accuracy: 0.6850 - val_recall_m: 0.6681 - val_precision_m: 0.7204 - val_f1_m: 0.6929 - 134s/epoch - 719ms/step
Epoch 167/200
186/186 - 134s - loss: 0.1761 - accuracy: 0.9436 - recall_m: 0.9280 - precision_m: 0.9609 - f1_m: 0.9440 - val_loss: 1.3867 - val_accuracy: 0.6833 - val_recall_m: 0.6668 - val_precision_m: 0.7181 - val_f1_m: 0.6911 - 134s/epoch - 722ms/step
Epoch 168/200
186/186 - 134s - loss: 0.2319 - accuracy: 0.9252 - recall_m: 0.9070 - precision_m: 0.9457 - f1_m: 0.9258 - val_loss: 1.3970 - val_accuracy: 0.6872 - val_recall_m: 0.6696 - val_precision_m: 0.7191 - val_f1_m: 0.6931 - 134s/epoch - 722ms/step
Epoch 169/200
186/186 - 134s - loss: 0.1801 - accuracy: 0.9427 - recall_m: 0.9250 - precision_m: 0.9585 - f1_m: 0.9414 - val_loss: 1.3813 - val_accuracy: 0.6878 - val_recall_m: 0.6724 - val_precision_m: 0.7218 - val_f1_m: 0.6959 - 134s/epoch - 722ms/step
Epoch 170/200
186/186 - 134s - loss: 0.1876 - accuracy: 0.9386 - recall_m: 0.9231 - precision_m: 0.9578 - f1_m: 0.9400 - val_loss: 1.3688 - val_accuracy: 0.6923 - val_recall_m: 0.6747 - val_precision_m: 0.7250 - val_f1_m: 0.6986 - 134s/epoch - 719ms/step
Epoch 171/200
186/186 - 134s - loss: 0.1716 - accuracy: 0.9464 - recall_m: 0.9304 - precision_m: 0.9611 - f1_m: 0.9454 - val_loss: 1.4074 - val_accuracy: 0.6839 - val_recall_m: 0.6685 - val_precision_m: 0.7178 - val_f1_m: 0.6918 - 134s/epoch - 718ms/step
Epoch 172/200
186/186 - 134s - loss: 0.1812 - accuracy: 0.9407 - recall_m: 0.9258 - precision_m: 0.9578 - f1_m: 0.9414 - val_loss: 1.4204 - val_accuracy: 0.6788 - val_recall_m: 0.6633 - val_precision_m: 0.7111 - val_f1_m: 0.6860 - 134s/epoch - 718ms/step
Epoch 173/200
186/186 - 134s - loss: 0.1750 - accuracy: 0.9445 - recall_m: 0.9281 - precision_m: 0.9600 - f1_m: 0.9436 - val_loss: 1.4308 - val_accuracy: 0.6780 - val_recall_m: 0.6624 - val_precision_m: 0.7099 - val_f1_m: 0.6850 - 134s/epoch - 718ms/step
Epoch 174/200
186/186 - 134s - loss: 0.1644 - accuracy: 0.9457 - recall_m: 0.9321 - precision_m: 0.9614 - f1_m: 0.9464 - val_loss: 1.3946 - val_accuracy: 0.6923 - val_recall_m: 0.6751 - val_precision_m: 0.7227 - val_f1_m: 0.6978 - 134s/epoch - 720ms/step
Epoch 175/200
186/186 - 134s - loss: 0.1545 - accuracy: 0.9502 - recall_m: 0.9369 - precision_m: 0.9644 - f1_m: 0.9503 - val_loss: 1.4300 - val_accuracy: 0.6836 - val_recall_m: 0.6683 - val_precision_m: 0.7146 - val_f1_m: 0.6903 - 134s/epoch - 720ms/step
Epoch 176/200
186/186 - 133s - loss: 0.1738 - accuracy: 0.9427 - recall_m: 0.9294 - precision_m: 0.9584 - f1_m: 0.9436 - val_loss: 1.4346 - val_accuracy: 0.6818 - val_recall_m: 0.6655 - val_precision_m: 0.7127 - val_f1_m: 0.6880 - 133s/epoch - 717ms/step
Epoch 177/200
186/186 - 134s - loss: 0.1911 - accuracy: 0.9385 - recall_m: 0.9227 - precision_m: 0.9533 - f1_m: 0.9376 - val_loss: 1.4453 - val_accuracy: 0.6837 - val_recall_m: 0.6681 - val_precision_m: 0.7132 - val_f1_m: 0.6895 - 134s/epoch - 719ms/step
Epoch 178/200
186/186 - 134s - loss: 0.1691 - accuracy: 0.9468 - recall_m: 0.9325 - precision_m: 0.9642 - f1_m: 0.9479 - val_loss: 1.4171 - val_accuracy: 0.6842 - val_recall_m: 0.6651 - val_precision_m: 0.7124 - val_f1_m: 0.6875 - 134s/epoch - 719ms/step
Epoch 179/200
186/186 - 134s - loss: 0.1483 - accuracy: 0.9521 - recall_m: 0.9388 - precision_m: 0.9662 - f1_m: 0.9522 - val_loss: 1.4177 - val_accuracy: 0.6898 - val_recall_m: 0.6735 - val_precision_m: 0.7179 - val_f1_m: 0.6947 - 134s/epoch - 720ms/step
Epoch 180/200
186/186 - 134s - loss: 0.1588 - accuracy: 0.9488 - recall_m: 0.9354 - precision_m: 0.9620 - f1_m: 0.9484 - val_loss: 1.4681 - val_accuracy: 0.6802 - val_recall_m: 0.6644 - val_precision_m: 0.7110 - val_f1_m: 0.6866 - 134s/epoch - 720ms/step
Epoch 181/200
186/186 - 134s - loss: 0.1734 - accuracy: 0.9424 - recall_m: 0.9278 - precision_m: 0.9573 - f1_m: 0.9422 - val_loss: 1.4585 - val_accuracy: 0.6776 - val_recall_m: 0.6617 - val_precision_m: 0.7078 - val_f1_m: 0.6836 - 134s/epoch - 719ms/step
Epoch 182/200
186/186 - 134s - loss: 0.2032 - accuracy: 0.9351 - recall_m: 0.9216 - precision_m: 0.9504 - f1_m: 0.9356 - val_loss: 1.4190 - val_accuracy: 0.6870 - val_recall_m: 0.6708 - val_precision_m: 0.7203 - val_f1_m: 0.6943 - 134s/epoch - 720ms/step
Epoch 183/200
186/186 - 134s - loss: 0.1605 - accuracy: 0.9472 - recall_m: 0.9341 - precision_m: 0.9618 - f1_m: 0.9476 - val_loss: 1.4232 - val_accuracy: 0.6904 - val_recall_m: 0.6735 - val_precision_m: 0.7196 - val_f1_m: 0.6954 - 134s/epoch - 718ms/step
Epoch 184/200
186/186 - 134s - loss: 0.1772 - accuracy: 0.9402 - recall_m: 0.9279 - precision_m: 0.9552 - f1_m: 0.9413 - val_loss: 1.4610 - val_accuracy: 0.6879 - val_recall_m: 0.6732 - val_precision_m: 0.7154 - val_f1_m: 0.6934 - 134s/epoch - 718ms/step
Epoch 185/200
186/186 - 133s - loss: 0.1517 - accuracy: 0.9514 - recall_m: 0.9374 - precision_m: 0.9654 - f1_m: 0.9511 - val_loss: 1.4280 - val_accuracy: 0.6861 - val_recall_m: 0.6715 - val_precision_m: 0.7189 - val_f1_m: 0.6940 - 133s/epoch - 717ms/step
Epoch 186/200
186/186 - 134s - loss: 0.1379 - accuracy: 0.9562 - recall_m: 0.9436 - precision_m: 0.9678 - f1_m: 0.9554 - val_loss: 1.4393 - val_accuracy: 0.6884 - val_recall_m: 0.6722 - val_precision_m: 0.7192 - val_f1_m: 0.6946 - 134s/epoch - 719ms/step
Epoch 187/200
186/186 - 133s - loss: 0.1428 - accuracy: 0.9560 - recall_m: 0.9437 - precision_m: 0.9686 - f1_m: 0.9559 - val_loss: 1.4390 - val_accuracy: 0.6862 - val_recall_m: 0.6730 - val_precision_m: 0.7174 - val_f1_m: 0.6941 - 133s/epoch - 717ms/step
Epoch 188/200
186/186 - 133s - loss: 0.1493 - accuracy: 0.9488 - recall_m: 0.9375 - precision_m: 0.9635 - f1_m: 0.9502 - val_loss: 1.4812 - val_accuracy: 0.6796 - val_recall_m: 0.6661 - val_precision_m: 0.7091 - val_f1_m: 0.6866 - 133s/epoch - 717ms/step
Epoch 189/200
186/186 - 134s - loss: 0.1675 - accuracy: 0.9467 - recall_m: 0.9334 - precision_m: 0.9599 - f1_m: 0.9464 - val_loss: 1.4765 - val_accuracy: 0.6800 - val_recall_m: 0.6644 - val_precision_m: 0.7093 - val_f1_m: 0.6858 - 134s/epoch - 719ms/step
Epoch 190/200
186/186 - 134s - loss: 0.1592 - accuracy: 0.9481 - recall_m: 0.9347 - precision_m: 0.9610 - f1_m: 0.9476 - val_loss: 1.5105 - val_accuracy: 0.6805 - val_recall_m: 0.6662 - val_precision_m: 0.7112 - val_f1_m: 0.6877 - 134s/epoch - 718ms/step
Epoch 191/200
186/186 - 134s - loss: 0.1788 - accuracy: 0.9413 - recall_m: 0.9292 - precision_m: 0.9540 - f1_m: 0.9413 - val_loss: 1.4628 - val_accuracy: 0.6841 - val_recall_m: 0.6687 - val_precision_m: 0.7137 - val_f1_m: 0.6901 - 134s/epoch - 718ms/step
Epoch 192/200
186/186 - 134s - loss: 0.1454 - accuracy: 0.9513 - recall_m: 0.9407 - precision_m: 0.9652 - f1_m: 0.9527 - val_loss: 1.5081 - val_accuracy: 0.6850 - val_recall_m: 0.6691 - val_precision_m: 0.7125 - val_f1_m: 0.6898 - 134s/epoch - 718ms/step
Epoch 193/200
186/186 - 133s - loss: 0.1333 - accuracy: 0.9590 - recall_m: 0.9469 - precision_m: 0.9711 - f1_m: 0.9588 - val_loss: 1.4359 - val_accuracy: 0.6950 - val_recall_m: 0.6815 - val_precision_m: 0.7220 - val_f1_m: 0.7009 - 133s/epoch - 718ms/step
Epoch 194/200
186/186 - 134s - loss: 0.1371 - accuracy: 0.9566 - recall_m: 0.9448 - precision_m: 0.9691 - f1_m: 0.9567 - val_loss: 1.4838 - val_accuracy: 0.6885 - val_recall_m: 0.6747 - val_precision_m: 0.7173 - val_f1_m: 0.6947 - 134s/epoch - 718ms/step
Epoch 195/200
186/186 - 133s - loss: 0.1530 - accuracy: 0.9488 - recall_m: 0.9360 - precision_m: 0.9621 - f1_m: 0.9487 - val_loss: 1.4759 - val_accuracy: 0.6850 - val_recall_m: 0.6712 - val_precision_m: 0.7151 - val_f1_m: 0.6921 - 133s/epoch - 717ms/step
Epoch 196/200
186/186 - 133s - loss: 0.1541 - accuracy: 0.9493 - recall_m: 0.9376 - precision_m: 0.9618 - f1_m: 0.9494 - val_loss: 1.5316 - val_accuracy: 0.6787 - val_recall_m: 0.6635 - val_precision_m: 0.7079 - val_f1_m: 0.6847 - 133s/epoch - 718ms/step
Epoch 197/200
186/186 - 133s - loss: 0.1664 - accuracy: 0.9471 - recall_m: 0.9353 - precision_m: 0.9600 - f1_m: 0.9474 - val_loss: 1.5036 - val_accuracy: 0.6818 - val_recall_m: 0.6682 - val_precision_m: 0.7110 - val_f1_m: 0.6887 - 133s/epoch - 717ms/step
Epoch 198/200
186/186 - 134s - loss: 0.1302 - accuracy: 0.9574 - recall_m: 0.9464 - precision_m: 0.9693 - f1_m: 0.9577 - val_loss: 1.4928 - val_accuracy: 0.6817 - val_recall_m: 0.6668 - val_precision_m: 0.7129 - val_f1_m: 0.6887 - 134s/epoch - 719ms/step
Epoch 199/200
186/186 - 134s - loss: 0.1152 - accuracy: 0.9631 - recall_m: 0.9525 - precision_m: 0.9742 - f1_m: 0.9632 - val_loss: 1.5283 - val_accuracy: 0.6850 - val_recall_m: 0.6713 - val_precision_m: 0.7120 - val_f1_m: 0.6908 - 134s/epoch - 718ms/step
Epoch 200/200
186/186 - 134s - loss: 0.1202 - accuracy: 0.9635 - recall_m: 0.9533 - precision_m: 0.9748 - f1_m: 0.9639 - val_loss: 1.4998 - val_accuracy: 0.6911 - val_recall_m: 0.6771 - val_precision_m: 0.7165 - val_f1_m: 0.6960 - 134s/epoch - 718ms/step
202/202 - 28s - 28s/epoch - 137ms/step
Train - Max ACC: 96.35% Min loss: 0.1152
Valid - Max ACC: 69.50% Min loss: 1.1151
> 1: ACC: 95.90% Loss: 0.1333 - MAX val_ACC: 69.50% val_Loss: 1.4359
***** Training parameters for train_temp_rn *****
	 Output path: /demo/ARN-LSTM/runs/models/NTU-V2/temp_rel_att_lstm/fold_cross_setup//rerun_2
	 Dataset: NTU-V2
	 Dataset fold: cross_setup
	 Skeleton info
	 > selected_joints: ['Nose', 'Neck', 'MidHip', 'RWrist', 'LWrist', 'RAnkle', 'LAnkle']
	 > add_joint_idx: False
	 > add_body_part: False
	 > timesteps: 32
	 > skip_timesteps: None
	 > normalization: NTU
	 > sample_method: all
	 > seq_step: 16
	 > arch: temp-lstm
	 Model info
	 > rel_type: temp_stream
	 > fuse_type: None
	 > compute_distance: False
	 > compute_motion: False
	 > use_relations: True
	 > use_attention: True
	 > return_attention: False
	 Kernel Init info
	 > kernel_init_type: TruncatedNormal
	 > kernel_init_param: 0.045
	 > kernel_init_seed: None
	 Training options
	 > Batch Size: 64
	 > Epochs: 200
	 > Checkpoint Period: 1
	 > Learning Rate: 0.0001
	 > Dropout rate: 0.1
	 > Training Subsample Ratio: None
Reading data...
> Using DataGenerator
Creating model...
batch_size: None
Model: "temp_rel_net"
_________________________________________________________________
 Layer (type)                Output Shape              Param #   
=================================================================
 input_5 (InputLayer)        [(None, 13, 32, 42)]      0         
                                                                 
 time_distributed_2 (TimeDis  (None, 13, 100)          3148700   
 tributed)                                                       
                                                                 
 lstm_2 (LSTM)               (None, 256)               365568    
                                                                 
 model (Dense)               (None, 120)               30840     
                                                                 
=================================================================
Total params: 3,545,108
Trainable params: 3,545,108
Non-trainable params: 0
_________________________________________________________________
WARNING:tensorflow:`period` argument is deprecated. Please use `save_freq` to specify the frequency in number of batches seen.
WARNING:tensorflow:`batch_size` is no longer needed in the `TensorBoard` Callback and will be ignored in TensorFlow 2.0.
WARNING:tensorflow:`period` argument is deprecated. Please use `save_freq` to specify the frequency in number of batches seen.
Compiling model...
Starting training...
Epoch 1/200
186/186 - 161s - loss: 3.5862 - accuracy: 0.0651 - recall_m: 0.0000e+00 - precision_m: 0.0000e+00 - f1_m: 0.0000e+00 - val_loss: 3.0835 - val_accuracy: 0.0859 - val_recall_m: 0.0000e+00 - val_precision_m: 0.0000e+00 - val_f1_m: 0.0000e+00 - 161s/epoch - 865ms/step
Epoch 2/200
186/186 - 134s - loss: 2.9155 - accuracy: 0.1362 - recall_m: 0.0000e+00 - precision_m: 0.0000e+00 - f1_m: 0.0000e+00 - val_loss: 2.7157 - val_accuracy: 0.1854 - val_recall_m: 0.0000e+00 - val_precision_m: 0.0000e+00 - val_f1_m: 0.0000e+00 - 134s/epoch - 720ms/step
Epoch 3/200
186/186 - 134s - loss: 2.5981 - accuracy: 0.2060 - recall_m: 0.0000e+00 - precision_m: 0.0000e+00 - f1_m: 0.0000e+00 - val_loss: 2.4806 - val_accuracy: 0.2436 - val_recall_m: 0.0000e+00 - val_precision_m: 0.0000e+00 - val_f1_m: 0.0000e+00 - 134s/epoch - 719ms/step
Epoch 4/200
186/186 - 134s - loss: 2.4082 - accuracy: 0.2603 - recall_m: 8.4005e-04 - precision_m: 0.0376 - f1_m: 0.0016 - val_loss: 2.3408 - val_accuracy: 0.2627 - val_recall_m: 0.0012 - val_precision_m: 0.0792 - val_f1_m: 0.0024 - 134s/epoch - 721ms/step
Epoch 5/200
186/186 - 134s - loss: 2.2642 - accuracy: 0.2894 - recall_m: 0.0169 - precision_m: 0.5699 - f1_m: 0.0325 - val_loss: 2.2485 - val_accuracy: 0.2844 - val_recall_m: 0.0306 - val_precision_m: 0.4139 - val_f1_m: 0.0565 - 134s/epoch - 722ms/step
Epoch 6/200
186/186 - 134s - loss: 2.1526 - accuracy: 0.3183 - recall_m: 0.0396 - precision_m: 0.8796 - f1_m: 0.0750 - val_loss: 2.1600 - val_accuracy: 0.3157 - val_recall_m: 0.0511 - val_precision_m: 0.6668 - val_f1_m: 0.0924 - 134s/epoch - 721ms/step
Epoch 7/200
186/186 - 134s - loss: 2.0640 - accuracy: 0.3441 - recall_m: 0.0735 - precision_m: 0.9189 - f1_m: 0.1345 - val_loss: 2.0697 - val_accuracy: 0.3412 - val_recall_m: 0.0870 - val_precision_m: 0.8507 - val_f1_m: 0.1550 - 134s/epoch - 722ms/step
Epoch 8/200
186/186 - 134s - loss: 1.9938 - accuracy: 0.3602 - recall_m: 0.1052 - precision_m: 0.8753 - f1_m: 0.1861 - val_loss: 2.0405 - val_accuracy: 0.3510 - val_recall_m: 0.0971 - val_precision_m: 0.8426 - val_f1_m: 0.1702 - 134s/epoch - 722ms/step
Epoch 9/200
186/186 - 134s - loss: 1.9370 - accuracy: 0.3805 - recall_m: 0.1256 - precision_m: 0.8326 - f1_m: 0.2155 - val_loss: 1.9583 - val_accuracy: 0.3757 - val_recall_m: 0.1439 - val_precision_m: 0.7550 - val_f1_m: 0.2387 - 134s/epoch - 720ms/step
Epoch 10/200
186/186 - 134s - loss: 1.8759 - accuracy: 0.4004 - recall_m: 0.1561 - precision_m: 0.8122 - f1_m: 0.2595 - val_loss: 1.9225 - val_accuracy: 0.3905 - val_recall_m: 0.1521 - val_precision_m: 0.8044 - val_f1_m: 0.2526 - 134s/epoch - 719ms/step
Epoch 11/200
186/186 - 134s - loss: 1.8063 - accuracy: 0.4181 - recall_m: 0.1676 - precision_m: 0.8047 - f1_m: 0.2750 - val_loss: 1.8329 - val_accuracy: 0.4121 - val_recall_m: 0.1812 - val_precision_m: 0.7444 - val_f1_m: 0.2886 - 134s/epoch - 721ms/step
Epoch 12/200
186/186 - 134s - loss: 1.7495 - accuracy: 0.4369 - recall_m: 0.1847 - precision_m: 0.8077 - f1_m: 0.2978 - val_loss: 1.8264 - val_accuracy: 0.4168 - val_recall_m: 0.1778 - val_precision_m: 0.7784 - val_f1_m: 0.2866 - 134s/epoch - 720ms/step
Epoch 13/200
186/186 - 134s - loss: 1.6902 - accuracy: 0.4570 - recall_m: 0.2043 - precision_m: 0.8094 - f1_m: 0.3235 - val_loss: 1.7408 - val_accuracy: 0.4460 - val_recall_m: 0.2085 - val_precision_m: 0.7876 - val_f1_m: 0.3275 - 134s/epoch - 719ms/step
Epoch 14/200
186/186 - 134s - loss: 1.6489 - accuracy: 0.4695 - recall_m: 0.2233 - precision_m: 0.8082 - f1_m: 0.3477 - val_loss: 1.6966 - val_accuracy: 0.4495 - val_recall_m: 0.2366 - val_precision_m: 0.7749 - val_f1_m: 0.3602 - 134s/epoch - 719ms/step
Epoch 15/200
186/186 - 134s - loss: 1.6013 - accuracy: 0.4816 - recall_m: 0.2456 - precision_m: 0.8169 - f1_m: 0.3753 - val_loss: 1.6964 - val_accuracy: 0.4593 - val_recall_m: 0.2495 - val_precision_m: 0.7697 - val_f1_m: 0.3749 - 134s/epoch - 719ms/step
Epoch 16/200
186/186 - 134s - loss: 1.5720 - accuracy: 0.4895 - recall_m: 0.2607 - precision_m: 0.8092 - f1_m: 0.3919 - val_loss: 1.6383 - val_accuracy: 0.4754 - val_recall_m: 0.2618 - val_precision_m: 0.7799 - val_f1_m: 0.3895 - 134s/epoch - 720ms/step
Epoch 17/200
186/186 - 134s - loss: 1.5293 - accuracy: 0.5074 - recall_m: 0.2763 - precision_m: 0.8102 - f1_m: 0.4095 - val_loss: 1.6406 - val_accuracy: 0.4735 - val_recall_m: 0.2748 - val_precision_m: 0.7721 - val_f1_m: 0.4031 - 134s/epoch - 720ms/step
Epoch 18/200
186/186 - 134s - loss: 1.4971 - accuracy: 0.5183 - recall_m: 0.2983 - precision_m: 0.8108 - f1_m: 0.4338 - val_loss: 1.5865 - val_accuracy: 0.4898 - val_recall_m: 0.2960 - val_precision_m: 0.7526 - val_f1_m: 0.4230 - 134s/epoch - 721ms/step
Epoch 19/200
186/186 - 134s - loss: 1.4636 - accuracy: 0.5286 - recall_m: 0.3072 - precision_m: 0.8107 - f1_m: 0.4432 - val_loss: 1.5463 - val_accuracy: 0.5072 - val_recall_m: 0.3042 - val_precision_m: 0.7685 - val_f1_m: 0.4339 - 134s/epoch - 721ms/step
Epoch 20/200
186/186 - 134s - loss: 1.4374 - accuracy: 0.5318 - recall_m: 0.3206 - precision_m: 0.8023 - f1_m: 0.4555 - val_loss: 1.5185 - val_accuracy: 0.5145 - val_recall_m: 0.3110 - val_precision_m: 0.7675 - val_f1_m: 0.4405 - 134s/epoch - 721ms/step
Epoch 21/200
186/186 - 134s - loss: 1.4125 - accuracy: 0.5389 - recall_m: 0.3280 - precision_m: 0.8059 - f1_m: 0.4641 - val_loss: 1.5185 - val_accuracy: 0.5145 - val_recall_m: 0.3220 - val_precision_m: 0.7565 - val_f1_m: 0.4499 - 134s/epoch - 720ms/step
Epoch 22/200
186/186 - 134s - loss: 1.3756 - accuracy: 0.5528 - recall_m: 0.3411 - precision_m: 0.8080 - f1_m: 0.4776 - val_loss: 1.5130 - val_accuracy: 0.5183 - val_recall_m: 0.3270 - val_precision_m: 0.7540 - val_f1_m: 0.4544 - 134s/epoch - 719ms/step
Epoch 23/200
186/186 - 134s - loss: 1.3462 - accuracy: 0.5571 - recall_m: 0.3558 - precision_m: 0.8131 - f1_m: 0.4928 - val_loss: 1.4654 - val_accuracy: 0.5303 - val_recall_m: 0.3373 - val_precision_m: 0.7625 - val_f1_m: 0.4655 - 134s/epoch - 720ms/step
Epoch 24/200
186/186 - 134s - loss: 1.3185 - accuracy: 0.5734 - recall_m: 0.3667 - precision_m: 0.8131 - f1_m: 0.5034 - val_loss: 1.4509 - val_accuracy: 0.5370 - val_recall_m: 0.3400 - val_precision_m: 0.7707 - val_f1_m: 0.4692 - 134s/epoch - 720ms/step
Epoch 25/200
186/186 - 134s - loss: 1.2853 - accuracy: 0.5840 - recall_m: 0.3856 - precision_m: 0.8177 - f1_m: 0.5223 - val_loss: 1.4220 - val_accuracy: 0.5462 - val_recall_m: 0.3555 - val_precision_m: 0.7732 - val_f1_m: 0.4845 - 134s/epoch - 722ms/step
Epoch 26/200
186/186 - 134s - loss: 1.2536 - accuracy: 0.5908 - recall_m: 0.3949 - precision_m: 0.8213 - f1_m: 0.5308 - val_loss: 1.4085 - val_accuracy: 0.5537 - val_recall_m: 0.3693 - val_precision_m: 0.7583 - val_f1_m: 0.4944 - 134s/epoch - 720ms/step
Epoch 27/200
186/186 - 134s - loss: 1.2261 - accuracy: 0.6029 - recall_m: 0.4090 - precision_m: 0.8182 - f1_m: 0.5432 - val_loss: 1.3679 - val_accuracy: 0.5672 - val_recall_m: 0.3935 - val_precision_m: 0.7546 - val_f1_m: 0.5150 - 134s/epoch - 721ms/step
Epoch 28/200
186/186 - 134s - loss: 1.1981 - accuracy: 0.6108 - recall_m: 0.4247 - precision_m: 0.8180 - f1_m: 0.5574 - val_loss: 1.3697 - val_accuracy: 0.5589 - val_recall_m: 0.4068 - val_precision_m: 0.7415 - val_f1_m: 0.5231 - 134s/epoch - 721ms/step
Epoch 29/200
186/186 - 134s - loss: 1.1768 - accuracy: 0.6157 - recall_m: 0.4351 - precision_m: 0.8207 - f1_m: 0.5670 - val_loss: 1.3306 - val_accuracy: 0.5784 - val_recall_m: 0.4086 - val_precision_m: 0.7563 - val_f1_m: 0.5285 - 134s/epoch - 718ms/step
Epoch 30/200
186/186 - 134s - loss: 1.1458 - accuracy: 0.6273 - recall_m: 0.4538 - precision_m: 0.8185 - f1_m: 0.5823 - val_loss: 1.3635 - val_accuracy: 0.5641 - val_recall_m: 0.4066 - val_precision_m: 0.7558 - val_f1_m: 0.5260 - 134s/epoch - 720ms/step
Epoch 31/200
186/186 - 134s - loss: 1.1226 - accuracy: 0.6354 - recall_m: 0.4685 - precision_m: 0.8263 - f1_m: 0.5966 - val_loss: 1.3533 - val_accuracy: 0.5678 - val_recall_m: 0.4267 - val_precision_m: 0.7313 - val_f1_m: 0.5368 - 134s/epoch - 720ms/step
Epoch 32/200
186/186 - 134s - loss: 1.1086 - accuracy: 0.6355 - recall_m: 0.4784 - precision_m: 0.8251 - f1_m: 0.6041 - val_loss: 1.2740 - val_accuracy: 0.5901 - val_recall_m: 0.4443 - val_precision_m: 0.7605 - val_f1_m: 0.5587 - 134s/epoch - 719ms/step
Epoch 33/200
186/186 - 134s - loss: 1.0870 - accuracy: 0.6426 - recall_m: 0.4927 - precision_m: 0.8219 - f1_m: 0.6147 - val_loss: 1.2842 - val_accuracy: 0.5839 - val_recall_m: 0.4527 - val_precision_m: 0.7427 - val_f1_m: 0.5606 - 134s/epoch - 719ms/step
Epoch 34/200
186/186 - 134s - loss: 1.0714 - accuracy: 0.6494 - recall_m: 0.4994 - precision_m: 0.8225 - f1_m: 0.6198 - val_loss: 1.2698 - val_accuracy: 0.5880 - val_recall_m: 0.4585 - val_precision_m: 0.7444 - val_f1_m: 0.5654 - 134s/epoch - 720ms/step
Epoch 35/200
186/186 - 134s - loss: 1.0496 - accuracy: 0.6526 - recall_m: 0.5068 - precision_m: 0.8233 - f1_m: 0.6257 - val_loss: 1.2613 - val_accuracy: 0.5970 - val_recall_m: 0.4658 - val_precision_m: 0.7529 - val_f1_m: 0.5737 - 134s/epoch - 720ms/step
Epoch 36/200
186/186 - 134s - loss: 1.0284 - accuracy: 0.6586 - recall_m: 0.5199 - precision_m: 0.8259 - f1_m: 0.6367 - val_loss: 1.2479 - val_accuracy: 0.5958 - val_recall_m: 0.4727 - val_precision_m: 0.7480 - val_f1_m: 0.5771 - 134s/epoch - 720ms/step
Epoch 37/200
186/186 - 134s - loss: 1.0105 - accuracy: 0.6656 - recall_m: 0.5346 - precision_m: 0.8278 - f1_m: 0.6483 - val_loss: 1.2422 - val_accuracy: 0.5992 - val_recall_m: 0.4724 - val_precision_m: 0.7609 - val_f1_m: 0.5804 - 134s/epoch - 720ms/step
Epoch 38/200
186/186 - 134s - loss: 0.9903 - accuracy: 0.6707 - recall_m: 0.5369 - precision_m: 0.8276 - f1_m: 0.6500 - val_loss: 1.2043 - val_accuracy: 0.6121 - val_recall_m: 0.4877 - val_precision_m: 0.7608 - val_f1_m: 0.5923 - 134s/epoch - 721ms/step
Epoch 39/200
186/186 - 134s - loss: 0.9806 - accuracy: 0.6771 - recall_m: 0.5475 - precision_m: 0.8295 - f1_m: 0.6584 - val_loss: 1.2070 - val_accuracy: 0.6126 - val_recall_m: 0.4988 - val_precision_m: 0.7543 - val_f1_m: 0.5985 - 134s/epoch - 718ms/step
Epoch 40/200
186/186 - 134s - loss: 0.9583 - accuracy: 0.6782 - recall_m: 0.5513 - precision_m: 0.8335 - f1_m: 0.6626 - val_loss: 1.2314 - val_accuracy: 0.6065 - val_recall_m: 0.4918 - val_precision_m: 0.7438 - val_f1_m: 0.5903 - 134s/epoch - 719ms/step
Epoch 41/200
186/186 - 134s - loss: 0.9505 - accuracy: 0.6877 - recall_m: 0.5666 - precision_m: 0.8331 - f1_m: 0.6733 - val_loss: 1.2193 - val_accuracy: 0.6050 - val_recall_m: 0.4991 - val_precision_m: 0.7412 - val_f1_m: 0.5945 - 134s/epoch - 719ms/step
Epoch 42/200
186/186 - 134s - loss: 0.9314 - accuracy: 0.6928 - recall_m: 0.5684 - precision_m: 0.8363 - f1_m: 0.6754 - val_loss: 1.1947 - val_accuracy: 0.6113 - val_recall_m: 0.5050 - val_precision_m: 0.7482 - val_f1_m: 0.6010 - 134s/epoch - 720ms/step
Epoch 43/200
186/186 - 134s - loss: 0.9154 - accuracy: 0.6932 - recall_m: 0.5764 - precision_m: 0.8339 - f1_m: 0.6803 - val_loss: 1.2059 - val_accuracy: 0.6093 - val_recall_m: 0.5154 - val_precision_m: 0.7314 - val_f1_m: 0.6033 - 134s/epoch - 718ms/step
Epoch 44/200
186/186 - 134s - loss: 0.9074 - accuracy: 0.6991 - recall_m: 0.5801 - precision_m: 0.8356 - f1_m: 0.6835 - val_loss: 1.1706 - val_accuracy: 0.6224 - val_recall_m: 0.5220 - val_precision_m: 0.7463 - val_f1_m: 0.6124 - 134s/epoch - 722ms/step
Epoch 45/200
186/186 - 134s - loss: 0.8832 - accuracy: 0.7084 - recall_m: 0.5927 - precision_m: 0.8406 - f1_m: 0.6943 - val_loss: 1.1683 - val_accuracy: 0.6214 - val_recall_m: 0.5251 - val_precision_m: 0.7465 - val_f1_m: 0.6147 - 134s/epoch - 720ms/step
Epoch 46/200
186/186 - 134s - loss: 0.8684 - accuracy: 0.7095 - recall_m: 0.5999 - precision_m: 0.8411 - f1_m: 0.6992 - val_loss: 1.1797 - val_accuracy: 0.6173 - val_recall_m: 0.5213 - val_precision_m: 0.7405 - val_f1_m: 0.6102 - 134s/epoch - 721ms/step
Epoch 47/200
186/186 - 134s - loss: 0.8685 - accuracy: 0.7131 - recall_m: 0.6004 - precision_m: 0.8373 - f1_m: 0.6981 - val_loss: 1.1570 - val_accuracy: 0.6259 - val_recall_m: 0.5305 - val_precision_m: 0.7528 - val_f1_m: 0.6204 - 134s/epoch - 720ms/step
Epoch 48/200
186/186 - 134s - loss: 0.8579 - accuracy: 0.7149 - recall_m: 0.6043 - precision_m: 0.8348 - f1_m: 0.7001 - val_loss: 1.1585 - val_accuracy: 0.6236 - val_recall_m: 0.5300 - val_precision_m: 0.7501 - val_f1_m: 0.6191 - 134s/epoch - 719ms/step
Epoch 49/200
186/186 - 134s - loss: 0.8356 - accuracy: 0.7211 - recall_m: 0.6170 - precision_m: 0.8483 - f1_m: 0.7132 - val_loss: 1.1410 - val_accuracy: 0.6348 - val_recall_m: 0.5386 - val_precision_m: 0.7581 - val_f1_m: 0.6280 - 134s/epoch - 719ms/step
Epoch 50/200
186/186 - 134s - loss: 0.8218 - accuracy: 0.7237 - recall_m: 0.6236 - precision_m: 0.8453 - f1_m: 0.7168 - val_loss: 1.1449 - val_accuracy: 0.6337 - val_recall_m: 0.5425 - val_precision_m: 0.7497 - val_f1_m: 0.6279 - 134s/epoch - 719ms/step
Epoch 51/200
186/186 - 134s - loss: 0.8092 - accuracy: 0.7279 - recall_m: 0.6307 - precision_m: 0.8455 - f1_m: 0.7216 - val_loss: 1.1389 - val_accuracy: 0.6338 - val_recall_m: 0.5466 - val_precision_m: 0.7424 - val_f1_m: 0.6280 - 134s/epoch - 719ms/step
Epoch 52/200
186/186 - 134s - loss: 0.8049 - accuracy: 0.7296 - recall_m: 0.6324 - precision_m: 0.8461 - f1_m: 0.7228 - val_loss: 1.1295 - val_accuracy: 0.6353 - val_recall_m: 0.5504 - val_precision_m: 0.7498 - val_f1_m: 0.6331 - 134s/epoch - 720ms/step
Epoch 53/200
186/186 - 134s - loss: 0.7948 - accuracy: 0.7336 - recall_m: 0.6403 - precision_m: 0.8433 - f1_m: 0.7270 - val_loss: 1.1412 - val_accuracy: 0.6359 - val_recall_m: 0.5474 - val_precision_m: 0.7535 - val_f1_m: 0.6323 - 134s/epoch - 719ms/step
Epoch 54/200
186/186 - 134s - loss: 0.7815 - accuracy: 0.7382 - recall_m: 0.6456 - precision_m: 0.8477 - f1_m: 0.7319 - val_loss: 1.1162 - val_accuracy: 0.6439 - val_recall_m: 0.5599 - val_precision_m: 0.7541 - val_f1_m: 0.6411 - 134s/epoch - 719ms/step
Epoch 55/200
186/186 - 134s - loss: 0.7607 - accuracy: 0.7450 - recall_m: 0.6554 - precision_m: 0.8531 - f1_m: 0.7406 - val_loss: 1.1495 - val_accuracy: 0.6326 - val_recall_m: 0.5618 - val_precision_m: 0.7400 - val_f1_m: 0.6374 - 134s/epoch - 719ms/step
Epoch 56/200
186/186 - 134s - loss: 0.7521 - accuracy: 0.7496 - recall_m: 0.6622 - precision_m: 0.8550 - f1_m: 0.7455 - val_loss: 1.1076 - val_accuracy: 0.6483 - val_recall_m: 0.5719 - val_precision_m: 0.7535 - val_f1_m: 0.6487 - 134s/epoch - 719ms/step
Epoch 57/200
186/186 - 134s - loss: 0.7336 - accuracy: 0.7560 - recall_m: 0.6704 - precision_m: 0.8576 - f1_m: 0.7517 - val_loss: 1.1217 - val_accuracy: 0.6459 - val_recall_m: 0.5736 - val_precision_m: 0.7499 - val_f1_m: 0.6485 - 134s/epoch - 720ms/step
Epoch 58/200
186/186 - 134s - loss: 0.7334 - accuracy: 0.7575 - recall_m: 0.6711 - precision_m: 0.8586 - f1_m: 0.7527 - val_loss: 1.1434 - val_accuracy: 0.6437 - val_recall_m: 0.5634 - val_precision_m: 0.7468 - val_f1_m: 0.6405 - 134s/epoch - 719ms/step
Epoch 59/200
186/186 - 134s - loss: 0.7143 - accuracy: 0.7597 - recall_m: 0.6764 - precision_m: 0.8603 - f1_m: 0.7565 - val_loss: 1.1002 - val_accuracy: 0.6529 - val_recall_m: 0.5787 - val_precision_m: 0.7543 - val_f1_m: 0.6535 - 134s/epoch - 720ms/step
Epoch 60/200
186/186 - 134s - loss: 0.7048 - accuracy: 0.7637 - recall_m: 0.6819 - precision_m: 0.8588 - f1_m: 0.7595 - val_loss: 1.1054 - val_accuracy: 0.6534 - val_recall_m: 0.5783 - val_precision_m: 0.7526 - val_f1_m: 0.6525 - 134s/epoch - 720ms/step
Epoch 61/200
186/186 - 134s - loss: 0.7085 - accuracy: 0.7658 - recall_m: 0.6849 - precision_m: 0.8598 - f1_m: 0.7617 - val_loss: 1.1259 - val_accuracy: 0.6462 - val_recall_m: 0.5813 - val_precision_m: 0.7403 - val_f1_m: 0.6499 - 134s/epoch - 720ms/step
Epoch 62/200
186/186 - 134s - loss: 0.6897 - accuracy: 0.7676 - recall_m: 0.6896 - precision_m: 0.8637 - f1_m: 0.7662 - val_loss: 1.1446 - val_accuracy: 0.6395 - val_recall_m: 0.5725 - val_precision_m: 0.7428 - val_f1_m: 0.6453 - 134s/epoch - 720ms/step
Epoch 63/200
186/186 - 134s - loss: 0.6783 - accuracy: 0.7745 - recall_m: 0.6949 - precision_m: 0.8628 - f1_m: 0.7691 - val_loss: 1.0913 - val_accuracy: 0.6582 - val_recall_m: 0.5931 - val_precision_m: 0.7502 - val_f1_m: 0.6611 - 134s/epoch - 721ms/step
Epoch 64/200
186/186 - 134s - loss: 0.6678 - accuracy: 0.7731 - recall_m: 0.6981 - precision_m: 0.8648 - f1_m: 0.7718 - val_loss: 1.1393 - val_accuracy: 0.6467 - val_recall_m: 0.5760 - val_precision_m: 0.7428 - val_f1_m: 0.6474 - 134s/epoch - 719ms/step
Epoch 65/200
186/186 - 134s - loss: 0.6525 - accuracy: 0.7846 - recall_m: 0.7101 - precision_m: 0.8693 - f1_m: 0.7810 - val_loss: 1.1309 - val_accuracy: 0.6496 - val_recall_m: 0.5815 - val_precision_m: 0.7396 - val_f1_m: 0.6499 - 134s/epoch - 719ms/step
Epoch 66/200
186/186 - 134s - loss: 0.6357 - accuracy: 0.7880 - recall_m: 0.7175 - precision_m: 0.8733 - f1_m: 0.7871 - val_loss: 1.1140 - val_accuracy: 0.6539 - val_recall_m: 0.5968 - val_precision_m: 0.7426 - val_f1_m: 0.6605 - 134s/epoch - 721ms/step
Epoch 67/200
186/186 - 134s - loss: 0.6354 - accuracy: 0.7857 - recall_m: 0.7176 - precision_m: 0.8725 - f1_m: 0.7869 - val_loss: 1.0994 - val_accuracy: 0.6618 - val_recall_m: 0.5950 - val_precision_m: 0.7432 - val_f1_m: 0.6596 - 134s/epoch - 721ms/step
Epoch 68/200
186/186 - 134s - loss: 0.6248 - accuracy: 0.7912 - recall_m: 0.7241 - precision_m: 0.8700 - f1_m: 0.7897 - val_loss: 1.1062 - val_accuracy: 0.6604 - val_recall_m: 0.6019 - val_precision_m: 0.7462 - val_f1_m: 0.6649 - 134s/epoch - 720ms/step
Epoch 69/200
186/186 - 134s - loss: 0.5999 - accuracy: 0.7996 - recall_m: 0.7348 - precision_m: 0.8807 - f1_m: 0.8006 - val_loss: 1.0923 - val_accuracy: 0.6659 - val_recall_m: 0.6097 - val_precision_m: 0.7514 - val_f1_m: 0.6720 - 134s/epoch - 720ms/step
Epoch 70/200
186/186 - 134s - loss: 0.5993 - accuracy: 0.8018 - recall_m: 0.7359 - precision_m: 0.8765 - f1_m: 0.7994 - val_loss: 1.1103 - val_accuracy: 0.6562 - val_recall_m: 0.6023 - val_precision_m: 0.7389 - val_f1_m: 0.6625 - 134s/epoch - 720ms/step
Epoch 71/200
186/186 - 134s - loss: 0.5847 - accuracy: 0.8040 - recall_m: 0.7425 - precision_m: 0.8794 - f1_m: 0.8046 - val_loss: 1.1033 - val_accuracy: 0.6642 - val_recall_m: 0.6063 - val_precision_m: 0.7460 - val_f1_m: 0.6675 - 134s/epoch - 719ms/step
Epoch 72/200
186/186 - 134s - loss: 0.5830 - accuracy: 0.8057 - recall_m: 0.7440 - precision_m: 0.8800 - f1_m: 0.8057 - val_loss: 1.1419 - val_accuracy: 0.6526 - val_recall_m: 0.6016 - val_precision_m: 0.7334 - val_f1_m: 0.6600 - 134s/epoch - 721ms/step
Epoch 73/200
186/186 - 134s - loss: 0.5929 - accuracy: 0.8028 - recall_m: 0.7380 - precision_m: 0.8733 - f1_m: 0.7995 - val_loss: 1.1123 - val_accuracy: 0.6623 - val_recall_m: 0.6132 - val_precision_m: 0.7459 - val_f1_m: 0.6720 - 134s/epoch - 720ms/step
Epoch 74/200
186/186 - 134s - loss: 0.5748 - accuracy: 0.8069 - recall_m: 0.7468 - precision_m: 0.8747 - f1_m: 0.8051 - val_loss: 1.1594 - val_accuracy: 0.6463 - val_recall_m: 0.6013 - val_precision_m: 0.7260 - val_f1_m: 0.6568 - 134s/epoch - 719ms/step
Epoch 75/200
186/186 - 134s - loss: 0.5496 - accuracy: 0.8146 - recall_m: 0.7548 - precision_m: 0.8865 - f1_m: 0.8147 - val_loss: 1.1296 - val_accuracy: 0.6598 - val_recall_m: 0.6078 - val_precision_m: 0.7368 - val_f1_m: 0.6651 - 134s/epoch - 720ms/step
Epoch 76/200
186/186 - 134s - loss: 0.5461 - accuracy: 0.8162 - recall_m: 0.7537 - precision_m: 0.8853 - f1_m: 0.8137 - val_loss: 1.1168 - val_accuracy: 0.6658 - val_recall_m: 0.6113 - val_precision_m: 0.7367 - val_f1_m: 0.6670 - 134s/epoch - 721ms/step
Epoch 77/200
186/186 - 134s - loss: 0.5296 - accuracy: 0.8246 - recall_m: 0.7662 - precision_m: 0.8887 - f1_m: 0.8224 - val_loss: 1.1088 - val_accuracy: 0.6697 - val_recall_m: 0.6233 - val_precision_m: 0.7389 - val_f1_m: 0.6752 - 134s/epoch - 722ms/step
Epoch 78/200
186/186 - 134s - loss: 0.5257 - accuracy: 0.8242 - recall_m: 0.7685 - precision_m: 0.8874 - f1_m: 0.8233 - val_loss: 1.1114 - val_accuracy: 0.6705 - val_recall_m: 0.6245 - val_precision_m: 0.7454 - val_f1_m: 0.6785 - 134s/epoch - 719ms/step
Epoch 79/200
186/186 - 134s - loss: 0.5238 - accuracy: 0.8274 - recall_m: 0.7705 - precision_m: 0.8911 - f1_m: 0.8258 - val_loss: 1.0936 - val_accuracy: 0.6776 - val_recall_m: 0.6351 - val_precision_m: 0.7478 - val_f1_m: 0.6860 - 134s/epoch - 721ms/step
Epoch 80/200
186/186 - 134s - loss: 0.5238 - accuracy: 0.8255 - recall_m: 0.7711 - precision_m: 0.8898 - f1_m: 0.8258 - val_loss: 1.1218 - val_accuracy: 0.6717 - val_recall_m: 0.6173 - val_precision_m: 0.7440 - val_f1_m: 0.6738 - 134s/epoch - 719ms/step
Epoch 81/200
186/186 - 134s - loss: 0.5141 - accuracy: 0.8257 - recall_m: 0.7720 - precision_m: 0.8910 - f1_m: 0.8267 - val_loss: 1.1069 - val_accuracy: 0.6768 - val_recall_m: 0.6300 - val_precision_m: 0.7480 - val_f1_m: 0.6828 - 134s/epoch - 719ms/step
Epoch 82/200
186/186 - 134s - loss: 0.4944 - accuracy: 0.8320 - recall_m: 0.7845 - precision_m: 0.8948 - f1_m: 0.8355 - val_loss: 1.1233 - val_accuracy: 0.6717 - val_recall_m: 0.6222 - val_precision_m: 0.7444 - val_f1_m: 0.6768 - 134s/epoch - 719ms/step
Epoch 83/200
186/186 - 134s - loss: 0.4840 - accuracy: 0.8366 - recall_m: 0.7879 - precision_m: 0.8975 - f1_m: 0.8387 - val_loss: 1.1220 - val_accuracy: 0.6673 - val_recall_m: 0.6235 - val_precision_m: 0.7407 - val_f1_m: 0.6761 - 134s/epoch - 719ms/step
Epoch 84/200
186/186 - 134s - loss: 0.4930 - accuracy: 0.8340 - recall_m: 0.7853 - precision_m: 0.8953 - f1_m: 0.8362 - val_loss: 1.1470 - val_accuracy: 0.6664 - val_recall_m: 0.6204 - val_precision_m: 0.7345 - val_f1_m: 0.6717 - 134s/epoch - 719ms/step
Epoch 85/200
186/186 - 134s - loss: 0.4981 - accuracy: 0.8327 - recall_m: 0.7826 - precision_m: 0.8946 - f1_m: 0.8344 - val_loss: 1.1102 - val_accuracy: 0.6786 - val_recall_m: 0.6337 - val_precision_m: 0.7439 - val_f1_m: 0.6835 - 134s/epoch - 718ms/step
Epoch 86/200
186/186 - 134s - loss: 0.4793 - accuracy: 0.8409 - recall_m: 0.7920 - precision_m: 0.8999 - f1_m: 0.8421 - val_loss: 1.1441 - val_accuracy: 0.6700 - val_recall_m: 0.6268 - val_precision_m: 0.7385 - val_f1_m: 0.6771 - 134s/epoch - 718ms/step
Epoch 87/200
186/186 - 134s - loss: 0.4784 - accuracy: 0.8413 - recall_m: 0.7946 - precision_m: 0.8961 - f1_m: 0.8419 - val_loss: 1.1430 - val_accuracy: 0.6709 - val_recall_m: 0.6293 - val_precision_m: 0.7400 - val_f1_m: 0.6792 - 134s/epoch - 720ms/step
Epoch 88/200
186/186 - 134s - loss: 0.4538 - accuracy: 0.8481 - recall_m: 0.7999 - precision_m: 0.9040 - f1_m: 0.8483 - val_loss: 1.1223 - val_accuracy: 0.6779 - val_recall_m: 0.6353 - val_precision_m: 0.7444 - val_f1_m: 0.6844 - 134s/epoch - 719ms/step
Epoch 89/200
186/186 - 134s - loss: 0.4396 - accuracy: 0.8539 - recall_m: 0.8071 - precision_m: 0.9080 - f1_m: 0.8542 - val_loss: 1.1479 - val_accuracy: 0.6706 - val_recall_m: 0.6309 - val_precision_m: 0.7348 - val_f1_m: 0.6779 - 134s/epoch - 720ms/step
Epoch 90/200
186/186 - 134s - loss: 0.4620 - accuracy: 0.8480 - recall_m: 0.7998 - precision_m: 0.8997 - f1_m: 0.8464 - val_loss: 1.1294 - val_accuracy: 0.6772 - val_recall_m: 0.6322 - val_precision_m: 0.7455 - val_f1_m: 0.6833 - 134s/epoch - 720ms/step
Epoch 91/200
186/186 - 134s - loss: 0.4367 - accuracy: 0.8511 - recall_m: 0.8082 - precision_m: 0.9052 - f1_m: 0.8535 - val_loss: 1.1315 - val_accuracy: 0.6726 - val_recall_m: 0.6299 - val_precision_m: 0.7357 - val_f1_m: 0.6777 - 134s/epoch - 718ms/step
Epoch 92/200
186/186 - 134s - loss: 0.4386 - accuracy: 0.8514 - recall_m: 0.8084 - precision_m: 0.9031 - f1_m: 0.8527 - val_loss: 1.1541 - val_accuracy: 0.6702 - val_recall_m: 0.6305 - val_precision_m: 0.7350 - val_f1_m: 0.6777 - 134s/epoch - 719ms/step
Epoch 93/200
186/186 - 134s - loss: 0.4264 - accuracy: 0.8586 - recall_m: 0.8156 - precision_m: 0.9096 - f1_m: 0.8596 - val_loss: 1.1564 - val_accuracy: 0.6735 - val_recall_m: 0.6378 - val_precision_m: 0.7391 - val_f1_m: 0.6839 - 134s/epoch - 720ms/step
Epoch 94/200
186/186 - 134s - loss: 0.4095 - accuracy: 0.8620 - recall_m: 0.8209 - precision_m: 0.9123 - f1_m: 0.8638 - val_loss: 1.1436 - val_accuracy: 0.6770 - val_recall_m: 0.6391 - val_precision_m: 0.7421 - val_f1_m: 0.6859 - 134s/epoch - 719ms/step
Epoch 95/200
186/186 - 134s - loss: 0.4070 - accuracy: 0.8642 - recall_m: 0.8261 - precision_m: 0.9124 - f1_m: 0.8668 - val_loss: 1.1542 - val_accuracy: 0.6769 - val_recall_m: 0.6384 - val_precision_m: 0.7360 - val_f1_m: 0.6828 - 134s/epoch - 720ms/step
Epoch 96/200
186/186 - 134s - loss: 0.4200 - accuracy: 0.8600 - recall_m: 0.8193 - precision_m: 0.9099 - f1_m: 0.8619 - val_loss: 1.2013 - val_accuracy: 0.6647 - val_recall_m: 0.6287 - val_precision_m: 0.7227 - val_f1_m: 0.6717 - 134s/epoch - 719ms/step
Epoch 97/200
186/186 - 134s - loss: 0.4120 - accuracy: 0.8625 - recall_m: 0.8226 - precision_m: 0.9111 - f1_m: 0.8641 - val_loss: 1.2062 - val_accuracy: 0.6631 - val_recall_m: 0.6257 - val_precision_m: 0.7258 - val_f1_m: 0.6713 - 134s/epoch - 719ms/step
Epoch 98/200
186/186 - 134s - loss: 0.4013 - accuracy: 0.8643 - recall_m: 0.8261 - precision_m: 0.9127 - f1_m: 0.8669 - val_loss: 1.1682 - val_accuracy: 0.6780 - val_recall_m: 0.6478 - val_precision_m: 0.7381 - val_f1_m: 0.6892 - 134s/epoch - 719ms/step
Epoch 99/200
186/186 - 134s - loss: 0.3999 - accuracy: 0.8650 - recall_m: 0.8264 - precision_m: 0.9136 - f1_m: 0.8675 - val_loss: 1.1702 - val_accuracy: 0.6739 - val_recall_m: 0.6399 - val_precision_m: 0.7376 - val_f1_m: 0.6844 - 134s/epoch - 719ms/step
Epoch 100/200
186/186 - 134s - loss: 0.3815 - accuracy: 0.8737 - recall_m: 0.8342 - precision_m: 0.9177 - f1_m: 0.8736 - val_loss: 1.2107 - val_accuracy: 0.6716 - val_recall_m: 0.6341 - val_precision_m: 0.7331 - val_f1_m: 0.6793 - 134s/epoch - 721ms/step
Epoch 101/200
186/186 - 134s - loss: 0.3653 - accuracy: 0.8794 - recall_m: 0.8439 - precision_m: 0.9238 - f1_m: 0.8817 - val_loss: 1.1523 - val_accuracy: 0.6807 - val_recall_m: 0.6502 - val_precision_m: 0.7413 - val_f1_m: 0.6920 - 134s/epoch - 719ms/step
Epoch 102/200
186/186 - 134s - loss: 0.3729 - accuracy: 0.8753 - recall_m: 0.8378 - precision_m: 0.9184 - f1_m: 0.8759 - val_loss: 1.1905 - val_accuracy: 0.6762 - val_recall_m: 0.6436 - val_precision_m: 0.7315 - val_f1_m: 0.6840 - 134s/epoch - 718ms/step
Epoch 103/200
186/186 - 134s - loss: 0.3734 - accuracy: 0.8742 - recall_m: 0.8398 - precision_m: 0.9165 - f1_m: 0.8762 - val_loss: 1.1737 - val_accuracy: 0.6811 - val_recall_m: 0.6495 - val_precision_m: 0.7355 - val_f1_m: 0.6891 - 134s/epoch - 718ms/step
Epoch 104/200
186/186 - 134s - loss: 0.3713 - accuracy: 0.8746 - recall_m: 0.8419 - precision_m: 0.9161 - f1_m: 0.8771 - val_loss: 1.1901 - val_accuracy: 0.6780 - val_recall_m: 0.6434 - val_precision_m: 0.7334 - val_f1_m: 0.6848 - 134s/epoch - 720ms/step
Epoch 105/200
186/186 - 134s - loss: 0.3684 - accuracy: 0.8779 - recall_m: 0.8416 - precision_m: 0.9183 - f1_m: 0.8779 - val_loss: 1.1918 - val_accuracy: 0.6790 - val_recall_m: 0.6470 - val_precision_m: 0.7337 - val_f1_m: 0.6869 - 134s/epoch - 721ms/step
Epoch 106/200
186/186 - 134s - loss: 0.3635 - accuracy: 0.8744 - recall_m: 0.8416 - precision_m: 0.9184 - f1_m: 0.8780 - val_loss: 1.1931 - val_accuracy: 0.6774 - val_recall_m: 0.6459 - val_precision_m: 0.7338 - val_f1_m: 0.6862 - 134s/epoch - 720ms/step
Epoch 107/200
186/186 - 134s - loss: 0.3657 - accuracy: 0.8765 - recall_m: 0.8412 - precision_m: 0.9189 - f1_m: 0.8780 - val_loss: 1.2422 - val_accuracy: 0.6675 - val_recall_m: 0.6347 - val_precision_m: 0.7218 - val_f1_m: 0.6748 - 134s/epoch - 720ms/step
Epoch 108/200
186/186 - 134s - loss: 0.3753 - accuracy: 0.8747 - recall_m: 0.8389 - precision_m: 0.9175 - f1_m: 0.8761 - val_loss: 1.1644 - val_accuracy: 0.6891 - val_recall_m: 0.6556 - val_precision_m: 0.7400 - val_f1_m: 0.6945 - 134s/epoch - 718ms/step
Epoch 109/200
186/186 - 134s - loss: 0.3584 - accuracy: 0.8780 - recall_m: 0.8450 - precision_m: 0.9217 - f1_m: 0.8814 - val_loss: 1.1750 - val_accuracy: 0.6824 - val_recall_m: 0.6537 - val_precision_m: 0.7405 - val_f1_m: 0.6936 - 134s/epoch - 718ms/step
Epoch 110/200
186/186 - 134s - loss: 0.3477 - accuracy: 0.8842 - recall_m: 0.8516 - precision_m: 0.9257 - f1_m: 0.8868 - val_loss: 1.2015 - val_accuracy: 0.6795 - val_recall_m: 0.6504 - val_precision_m: 0.7301 - val_f1_m: 0.6872 - 134s/epoch - 719ms/step
Epoch 111/200
186/186 - 134s - loss: 0.3314 - accuracy: 0.8890 - recall_m: 0.8605 - precision_m: 0.9256 - f1_m: 0.8916 - val_loss: 1.1982 - val_accuracy: 0.6804 - val_recall_m: 0.6505 - val_precision_m: 0.7329 - val_f1_m: 0.6886 - 134s/epoch - 719ms/step
Epoch 112/200
186/186 - 134s - loss: 0.3230 - accuracy: 0.8935 - recall_m: 0.8660 - precision_m: 0.9292 - f1_m: 0.8962 - val_loss: 1.2106 - val_accuracy: 0.6783 - val_recall_m: 0.6493 - val_precision_m: 0.7306 - val_f1_m: 0.6869 - 134s/epoch - 719ms/step
Epoch 113/200
186/186 - 134s - loss: 0.3283 - accuracy: 0.8891 - recall_m: 0.8587 - precision_m: 0.9262 - f1_m: 0.8910 - val_loss: 1.2224 - val_accuracy: 0.6794 - val_recall_m: 0.6522 - val_precision_m: 0.7311 - val_f1_m: 0.6886 - 134s/epoch - 718ms/step
Epoch 114/200
186/186 - 134s - loss: 0.3227 - accuracy: 0.8917 - recall_m: 0.8623 - precision_m: 0.9272 - f1_m: 0.8933 - val_loss: 1.2073 - val_accuracy: 0.6842 - val_recall_m: 0.6552 - val_precision_m: 0.7311 - val_f1_m: 0.6905 - 134s/epoch - 719ms/step
Epoch 115/200
186/186 - 134s - loss: 0.3276 - accuracy: 0.8914 - recall_m: 0.8603 - precision_m: 0.9252 - f1_m: 0.8913 - val_loss: 1.2193 - val_accuracy: 0.6787 - val_recall_m: 0.6490 - val_precision_m: 0.7284 - val_f1_m: 0.6857 - 134s/epoch - 720ms/step
Epoch 116/200
186/186 - 134s - loss: 0.3070 - accuracy: 0.8965 - recall_m: 0.8674 - precision_m: 0.9329 - f1_m: 0.8987 - val_loss: 1.2135 - val_accuracy: 0.6844 - val_recall_m: 0.6554 - val_precision_m: 0.7333 - val_f1_m: 0.6915 - 134s/epoch - 721ms/step
Epoch 117/200
186/186 - 134s - loss: 0.3194 - accuracy: 0.8936 - recall_m: 0.8658 - precision_m: 0.9279 - f1_m: 0.8955 - val_loss: 1.2435 - val_accuracy: 0.6784 - val_recall_m: 0.6510 - val_precision_m: 0.7248 - val_f1_m: 0.6853 - 134s/epoch - 720ms/step
Epoch 118/200
186/186 - 134s - loss: 0.3182 - accuracy: 0.8973 - recall_m: 0.8641 - precision_m: 0.9324 - f1_m: 0.8967 - val_loss: 1.2923 - val_accuracy: 0.6653 - val_recall_m: 0.6385 - val_precision_m: 0.7162 - val_f1_m: 0.6745 - 134s/epoch - 719ms/step
Epoch 119/200
186/186 - 134s - loss: 0.3253 - accuracy: 0.8880 - recall_m: 0.8595 - precision_m: 0.9218 - f1_m: 0.8893 - val_loss: 1.2012 - val_accuracy: 0.6877 - val_recall_m: 0.6624 - val_precision_m: 0.7367 - val_f1_m: 0.6970 - 134s/epoch - 719ms/step
Epoch 120/200
186/186 - 134s - loss: 0.2807 - accuracy: 0.9073 - recall_m: 0.8814 - precision_m: 0.9397 - f1_m: 0.9094 - val_loss: 1.2108 - val_accuracy: 0.6865 - val_recall_m: 0.6614 - val_precision_m: 0.7358 - val_f1_m: 0.6960 - 134s/epoch - 720ms/step
Epoch 121/200
186/186 - 134s - loss: 0.2934 - accuracy: 0.9016 - recall_m: 0.8736 - precision_m: 0.9318 - f1_m: 0.9015 - val_loss: 1.2148 - val_accuracy: 0.6891 - val_recall_m: 0.6626 - val_precision_m: 0.7361 - val_f1_m: 0.6968 - 134s/epoch - 720ms/step
Epoch 122/200
186/186 - 134s - loss: 0.2789 - accuracy: 0.9103 - recall_m: 0.8826 - precision_m: 0.9414 - f1_m: 0.9108 - val_loss: 1.2993 - val_accuracy: 0.6710 - val_recall_m: 0.6447 - val_precision_m: 0.7199 - val_f1_m: 0.6796 - 134s/epoch - 719ms/step
Epoch 123/200
186/186 - 134s - loss: 0.3004 - accuracy: 0.8978 - recall_m: 0.8709 - precision_m: 0.9305 - f1_m: 0.8995 - val_loss: 1.2352 - val_accuracy: 0.6793 - val_recall_m: 0.6517 - val_precision_m: 0.7271 - val_f1_m: 0.6868 - 134s/epoch - 719ms/step
Epoch 124/200
186/186 - 134s - loss: 0.2758 - accuracy: 0.9094 - recall_m: 0.8835 - precision_m: 0.9388 - f1_m: 0.9102 - val_loss: 1.2663 - val_accuracy: 0.6746 - val_recall_m: 0.6472 - val_precision_m: 0.7258 - val_f1_m: 0.6836 - 134s/epoch - 720ms/step
Epoch 125/200
186/186 - 134s - loss: 0.2854 - accuracy: 0.9042 - recall_m: 0.8765 - precision_m: 0.9339 - f1_m: 0.9041 - val_loss: 1.2866 - val_accuracy: 0.6759 - val_recall_m: 0.6522 - val_precision_m: 0.7238 - val_f1_m: 0.6855 - 134s/epoch - 719ms/step
Epoch 126/200
186/186 - 134s - loss: 0.2766 - accuracy: 0.9062 - recall_m: 0.8842 - precision_m: 0.9379 - f1_m: 0.9100 - val_loss: 1.2858 - val_accuracy: 0.6758 - val_recall_m: 0.6519 - val_precision_m: 0.7235 - val_f1_m: 0.6852 - 134s/epoch - 720ms/step
Epoch 127/200
186/186 - 134s - loss: 0.2655 - accuracy: 0.9124 - recall_m: 0.8883 - precision_m: 0.9414 - f1_m: 0.9139 - val_loss: 1.3461 - val_accuracy: 0.6678 - val_recall_m: 0.6438 - val_precision_m: 0.7131 - val_f1_m: 0.6760 - 134s/epoch - 718ms/step
Epoch 128/200
186/186 - 134s - loss: 0.2672 - accuracy: 0.9122 - recall_m: 0.8895 - precision_m: 0.9410 - f1_m: 0.9143 - val_loss: 1.2537 - val_accuracy: 0.6853 - val_recall_m: 0.6585 - val_precision_m: 0.7267 - val_f1_m: 0.6904 - 134s/epoch - 719ms/step
Epoch 129/200
186/186 - 134s - loss: 0.2509 - accuracy: 0.9162 - recall_m: 0.8940 - precision_m: 0.9434 - f1_m: 0.9178 - val_loss: 1.2831 - val_accuracy: 0.6802 - val_recall_m: 0.6597 - val_precision_m: 0.7275 - val_f1_m: 0.6914 - 134s/epoch - 720ms/step
Epoch 130/200
186/186 - 134s - loss: 0.2578 - accuracy: 0.9134 - recall_m: 0.8908 - precision_m: 0.9420 - f1_m: 0.9155 - val_loss: 1.2693 - val_accuracy: 0.6856 - val_recall_m: 0.6658 - val_precision_m: 0.7304 - val_f1_m: 0.6960 - 134s/epoch - 718ms/step
Epoch 131/200
186/186 - 134s - loss: 0.2885 - accuracy: 0.9046 - recall_m: 0.8800 - precision_m: 0.9337 - f1_m: 0.9058 - val_loss: 1.2831 - val_accuracy: 0.6816 - val_recall_m: 0.6580 - val_precision_m: 0.7252 - val_f1_m: 0.6893 - 134s/epoch - 719ms/step
Epoch 132/200
186/186 - 134s - loss: 0.2606 - accuracy: 0.9151 - recall_m: 0.8905 - precision_m: 0.9421 - f1_m: 0.9153 - val_loss: 1.3192 - val_accuracy: 0.6780 - val_recall_m: 0.6522 - val_precision_m: 0.7203 - val_f1_m: 0.6840 - 134s/epoch - 718ms/step
Epoch 133/200
186/186 - 134s - loss: 0.2833 - accuracy: 0.9081 - recall_m: 0.8849 - precision_m: 0.9347 - f1_m: 0.9089 - val_loss: 1.2592 - val_accuracy: 0.6830 - val_recall_m: 0.6603 - val_precision_m: 0.7260 - val_f1_m: 0.6910 - 134s/epoch - 719ms/step
Epoch 134/200
186/186 - 134s - loss: 0.2568 - accuracy: 0.9139 - recall_m: 0.8896 - precision_m: 0.9413 - f1_m: 0.9145 - val_loss: 1.2744 - val_accuracy: 0.6830 - val_recall_m: 0.6607 - val_precision_m: 0.7230 - val_f1_m: 0.6898 - 134s/epoch - 721ms/step
Epoch 135/200
186/186 - 134s - loss: 0.2713 - accuracy: 0.9131 - recall_m: 0.8906 - precision_m: 0.9398 - f1_m: 0.9143 - val_loss: 1.2830 - val_accuracy: 0.6802 - val_recall_m: 0.6592 - val_precision_m: 0.7255 - val_f1_m: 0.6902 - 134s/epoch - 721ms/step
Epoch 136/200
186/186 - 134s - loss: 0.2612 - accuracy: 0.9139 - recall_m: 0.8917 - precision_m: 0.9413 - f1_m: 0.9156 - val_loss: 1.2941 - val_accuracy: 0.6803 - val_recall_m: 0.6596 - val_precision_m: 0.7246 - val_f1_m: 0.6900 - 134s/epoch - 719ms/step
Epoch 137/200
186/186 - 134s - loss: 0.2482 - accuracy: 0.9185 - recall_m: 0.8957 - precision_m: 0.9441 - f1_m: 0.9190 - val_loss: 1.2594 - val_accuracy: 0.6882 - val_recall_m: 0.6696 - val_precision_m: 0.7321 - val_f1_m: 0.6989 - 134s/epoch - 719ms/step
Epoch 138/200
186/186 - 134s - loss: 0.2368 - accuracy: 0.9209 - recall_m: 0.8978 - precision_m: 0.9490 - f1_m: 0.9225 - val_loss: 1.2821 - val_accuracy: 0.6846 - val_recall_m: 0.6640 - val_precision_m: 0.7273 - val_f1_m: 0.6937 - 134s/epoch - 720ms/step
Epoch 139/200
186/186 - 134s - loss: 0.2389 - accuracy: 0.9209 - recall_m: 0.9003 - precision_m: 0.9468 - f1_m: 0.9227 - val_loss: 1.3001 - val_accuracy: 0.6794 - val_recall_m: 0.6593 - val_precision_m: 0.7234 - val_f1_m: 0.6893 - 134s/epoch - 719ms/step
Epoch 140/200
186/186 - 134s - loss: 0.2100 - accuracy: 0.9322 - recall_m: 0.9149 - precision_m: 0.9559 - f1_m: 0.9348 - val_loss: 1.2815 - val_accuracy: 0.6878 - val_recall_m: 0.6662 - val_precision_m: 0.7263 - val_f1_m: 0.6945 - 134s/epoch - 719ms/step
Epoch 141/200
186/186 - 134s - loss: 0.2102 - accuracy: 0.9304 - recall_m: 0.9133 - precision_m: 0.9527 - f1_m: 0.9324 - val_loss: 1.3715 - val_accuracy: 0.6734 - val_recall_m: 0.6551 - val_precision_m: 0.7160 - val_f1_m: 0.6837 - 134s/epoch - 719ms/step
Epoch 142/200
186/186 - 134s - loss: 0.2226 - accuracy: 0.9298 - recall_m: 0.9105 - precision_m: 0.9512 - f1_m: 0.9303 - val_loss: 1.3019 - val_accuracy: 0.6850 - val_recall_m: 0.6655 - val_precision_m: 0.7265 - val_f1_m: 0.6942 - 134s/epoch - 719ms/step
Epoch 143/200
186/186 - 134s - loss: 0.2253 - accuracy: 0.9246 - recall_m: 0.9064 - precision_m: 0.9478 - f1_m: 0.9265 - val_loss: 1.3081 - val_accuracy: 0.6858 - val_recall_m: 0.6672 - val_precision_m: 0.7252 - val_f1_m: 0.6945 - 134s/epoch - 721ms/step
Epoch 144/200
186/186 - 134s - loss: 0.2169 - accuracy: 0.9280 - recall_m: 0.9084 - precision_m: 0.9506 - f1_m: 0.9289 - val_loss: 1.3430 - val_accuracy: 0.6815 - val_recall_m: 0.6652 - val_precision_m: 0.7245 - val_f1_m: 0.6931 - 134s/epoch - 722ms/step
Epoch 145/200
186/186 - 134s - loss: 0.2160 - accuracy: 0.9306 - recall_m: 0.9121 - precision_m: 0.9507 - f1_m: 0.9308 - val_loss: 1.3425 - val_accuracy: 0.6758 - val_recall_m: 0.6581 - val_precision_m: 0.7156 - val_f1_m: 0.6852 - 134s/epoch - 719ms/step
Epoch 146/200
186/186 - 134s - loss: 0.2090 - accuracy: 0.9315 - recall_m: 0.9120 - precision_m: 0.9542 - f1_m: 0.9325 - val_loss: 1.3254 - val_accuracy: 0.6843 - val_recall_m: 0.6635 - val_precision_m: 0.7218 - val_f1_m: 0.6910 - 134s/epoch - 720ms/step
Epoch 147/200
186/186 - 134s - loss: 0.2065 - accuracy: 0.9320 - recall_m: 0.9151 - precision_m: 0.9521 - f1_m: 0.9331 - val_loss: 1.3472 - val_accuracy: 0.6790 - val_recall_m: 0.6586 - val_precision_m: 0.7155 - val_f1_m: 0.6854 - 134s/epoch - 720ms/step
Epoch 148/200
186/186 - 134s - loss: 0.2228 - accuracy: 0.9271 - recall_m: 0.9078 - precision_m: 0.9495 - f1_m: 0.9280 - val_loss: 1.3378 - val_accuracy: 0.6833 - val_recall_m: 0.6650 - val_precision_m: 0.7216 - val_f1_m: 0.6917 - 134s/epoch - 719ms/step
Epoch 149/200
186/186 - 134s - loss: 0.2171 - accuracy: 0.9295 - recall_m: 0.9113 - precision_m: 0.9503 - f1_m: 0.9302 - val_loss: 1.3244 - val_accuracy: 0.6843 - val_recall_m: 0.6644 - val_precision_m: 0.7216 - val_f1_m: 0.6914 - 134s/epoch - 719ms/step
Epoch 150/200
186/186 - 134s - loss: 0.2187 - accuracy: 0.9282 - recall_m: 0.9094 - precision_m: 0.9493 - f1_m: 0.9288 - val_loss: 1.3612 - val_accuracy: 0.6843 - val_recall_m: 0.6681 - val_precision_m: 0.7218 - val_f1_m: 0.6934 - 134s/epoch - 719ms/step
Epoch 151/200
186/186 - 134s - loss: 0.2022 - accuracy: 0.9340 - recall_m: 0.9166 - precision_m: 0.9536 - f1_m: 0.9346 - val_loss: 1.3215 - val_accuracy: 0.6916 - val_recall_m: 0.6726 - val_precision_m: 0.7253 - val_f1_m: 0.6975 - 134s/epoch - 721ms/step
Epoch 152/200
186/186 - 134s - loss: 0.1937 - accuracy: 0.9341 - recall_m: 0.9184 - precision_m: 0.9554 - f1_m: 0.9365 - val_loss: 1.3547 - val_accuracy: 0.6873 - val_recall_m: 0.6693 - val_precision_m: 0.7231 - val_f1_m: 0.6947 - 134s/epoch - 719ms/step
Epoch 153/200
186/186 - 134s - loss: 0.1970 - accuracy: 0.9354 - recall_m: 0.9200 - precision_m: 0.9562 - f1_m: 0.9376 - val_loss: 1.3855 - val_accuracy: 0.6790 - val_recall_m: 0.6597 - val_precision_m: 0.7165 - val_f1_m: 0.6865 - 134s/epoch - 719ms/step
Epoch 154/200
186/186 - 134s - loss: 0.1882 - accuracy: 0.9391 - recall_m: 0.9219 - precision_m: 0.9569 - f1_m: 0.9389 - val_loss: 1.3596 - val_accuracy: 0.6878 - val_recall_m: 0.6726 - val_precision_m: 0.7236 - val_f1_m: 0.6967 - 134s/epoch - 720ms/step
Epoch 155/200
186/186 - 134s - loss: 0.1901 - accuracy: 0.9376 - recall_m: 0.9214 - precision_m: 0.9558 - f1_m: 0.9382 - val_loss: 1.3701 - val_accuracy: 0.6846 - val_recall_m: 0.6666 - val_precision_m: 0.7207 - val_f1_m: 0.6923 - 134s/epoch - 720ms/step
Epoch 156/200
186/186 - 134s - loss: 0.1852 - accuracy: 0.9388 - recall_m: 0.9231 - precision_m: 0.9577 - f1_m: 0.9399 - val_loss: 1.3911 - val_accuracy: 0.6787 - val_recall_m: 0.6612 - val_precision_m: 0.7158 - val_f1_m: 0.6870 - 134s/epoch - 718ms/step
Epoch 157/200
186/186 - 134s - loss: 0.1760 - accuracy: 0.9445 - recall_m: 0.9282 - precision_m: 0.9617 - f1_m: 0.9445 - val_loss: 1.3831 - val_accuracy: 0.6845 - val_recall_m: 0.6680 - val_precision_m: 0.7199 - val_f1_m: 0.6926 - 134s/epoch - 719ms/step
Epoch 158/200
186/186 - 134s - loss: 0.1944 - accuracy: 0.9369 - recall_m: 0.9221 - precision_m: 0.9543 - f1_m: 0.9378 - val_loss: 1.3616 - val_accuracy: 0.6871 - val_recall_m: 0.6705 - val_precision_m: 0.7215 - val_f1_m: 0.6947 - 134s/epoch - 720ms/step
Epoch 159/200
186/186 - 134s - loss: 0.1777 - accuracy: 0.9427 - recall_m: 0.9277 - precision_m: 0.9600 - f1_m: 0.9435 - val_loss: 1.3505 - val_accuracy: 0.6912 - val_recall_m: 0.6733 - val_precision_m: 0.7249 - val_f1_m: 0.6977 - 134s/epoch - 719ms/step
Epoch 160/200
186/186 - 134s - loss: 0.1742 - accuracy: 0.9436 - recall_m: 0.9299 - precision_m: 0.9605 - f1_m: 0.9449 - val_loss: 1.4101 - val_accuracy: 0.6843 - val_recall_m: 0.6652 - val_precision_m: 0.7179 - val_f1_m: 0.6901 - 134s/epoch - 719ms/step
Epoch 161/200
186/186 - 134s - loss: 0.2112 - accuracy: 0.9302 - recall_m: 0.9126 - precision_m: 0.9493 - f1_m: 0.9304 - val_loss: 1.3520 - val_accuracy: 0.6855 - val_recall_m: 0.6703 - val_precision_m: 0.7225 - val_f1_m: 0.6950 - 134s/epoch - 719ms/step
Epoch 162/200
186/186 - 134s - loss: 0.1836 - accuracy: 0.9401 - recall_m: 0.9250 - precision_m: 0.9570 - f1_m: 0.9406 - val_loss: 1.4028 - val_accuracy: 0.6797 - val_recall_m: 0.6643 - val_precision_m: 0.7159 - val_f1_m: 0.6888 - 134s/epoch - 719ms/step
Epoch 163/200
186/186 - 134s - loss: 0.2127 - accuracy: 0.9307 - recall_m: 0.9148 - precision_m: 0.9502 - f1_m: 0.9321 - val_loss: 1.3954 - val_accuracy: 0.6821 - val_recall_m: 0.6671 - val_precision_m: 0.7164 - val_f1_m: 0.6905 - 134s/epoch - 719ms/step
Epoch 164/200
186/186 - 134s - loss: 0.1906 - accuracy: 0.9396 - recall_m: 0.9232 - precision_m: 0.9563 - f1_m: 0.9393 - val_loss: 1.3488 - val_accuracy: 0.6889 - val_recall_m: 0.6723 - val_precision_m: 0.7226 - val_f1_m: 0.6961 - 134s/epoch - 720ms/step
Epoch 165/200
186/186 - 134s - loss: 0.1580 - accuracy: 0.9503 - recall_m: 0.9370 - precision_m: 0.9641 - f1_m: 0.9503 - val_loss: 1.3784 - val_accuracy: 0.6893 - val_recall_m: 0.6730 - val_precision_m: 0.7238 - val_f1_m: 0.6971 - 134s/epoch - 720ms/step
Epoch 166/200
186/186 - 134s - loss: 0.1810 - accuracy: 0.9427 - recall_m: 0.9280 - precision_m: 0.9586 - f1_m: 0.9429 - val_loss: 1.4659 - val_accuracy: 0.6762 - val_recall_m: 0.6607 - val_precision_m: 0.7106 - val_f1_m: 0.6843 - 134s/epoch - 720ms/step
Epoch 167/200
186/186 - 134s - loss: 0.1643 - accuracy: 0.9474 - recall_m: 0.9338 - precision_m: 0.9633 - f1_m: 0.9482 - val_loss: 1.3738 - val_accuracy: 0.6926 - val_recall_m: 0.6771 - val_precision_m: 0.7250 - val_f1_m: 0.6999 - 134s/epoch - 720ms/step
Epoch 168/200
186/186 - 134s - loss: 0.1497 - accuracy: 0.9520 - recall_m: 0.9395 - precision_m: 0.9665 - f1_m: 0.9527 - val_loss: 1.3782 - val_accuracy: 0.6899 - val_recall_m: 0.6736 - val_precision_m: 0.7231 - val_f1_m: 0.6971 - 134s/epoch - 720ms/step
Epoch 169/200
186/186 - 134s - loss: 0.1522 - accuracy: 0.9525 - recall_m: 0.9399 - precision_m: 0.9668 - f1_m: 0.9531 - val_loss: 1.4558 - val_accuracy: 0.6804 - val_recall_m: 0.6655 - val_precision_m: 0.7129 - val_f1_m: 0.6880 - 134s/epoch - 721ms/step
Epoch 170/200
186/186 - 134s - loss: 0.1442 - accuracy: 0.9551 - recall_m: 0.9424 - precision_m: 0.9689 - f1_m: 0.9554 - val_loss: 1.4150 - val_accuracy: 0.6916 - val_recall_m: 0.6780 - val_precision_m: 0.7238 - val_f1_m: 0.6997 - 134s/epoch - 718ms/step
Epoch 171/200
186/186 - 134s - loss: 0.1732 - accuracy: 0.9423 - recall_m: 0.9287 - precision_m: 0.9571 - f1_m: 0.9425 - val_loss: 1.4308 - val_accuracy: 0.6836 - val_recall_m: 0.6676 - val_precision_m: 0.7157 - val_f1_m: 0.6904 - 134s/epoch - 720ms/step
Epoch 172/200
186/186 - 134s - loss: 0.1511 - accuracy: 0.9512 - recall_m: 0.9382 - precision_m: 0.9653 - f1_m: 0.9515 - val_loss: 1.4246 - val_accuracy: 0.6851 - val_recall_m: 0.6692 - val_precision_m: 0.7152 - val_f1_m: 0.6911 - 134s/epoch - 720ms/step
Epoch 173/200
186/186 - 134s - loss: 0.1507 - accuracy: 0.9507 - recall_m: 0.9377 - precision_m: 0.9653 - f1_m: 0.9512 - val_loss: 1.4389 - val_accuracy: 0.6814 - val_recall_m: 0.6669 - val_precision_m: 0.7139 - val_f1_m: 0.6892 - 134s/epoch - 723ms/step
Epoch 174/200
186/186 - 134s - loss: 0.1435 - accuracy: 0.9552 - recall_m: 0.9413 - precision_m: 0.9694 - f1_m: 0.9550 - val_loss: 1.4597 - val_accuracy: 0.6869 - val_recall_m: 0.6703 - val_precision_m: 0.7165 - val_f1_m: 0.6922 - 134s/epoch - 719ms/step
Epoch 175/200
186/186 - 134s - loss: 0.1580 - accuracy: 0.9476 - recall_m: 0.9364 - precision_m: 0.9626 - f1_m: 0.9492 - val_loss: 1.4691 - val_accuracy: 0.6794 - val_recall_m: 0.6645 - val_precision_m: 0.7106 - val_f1_m: 0.6865 - 134s/epoch - 719ms/step
Epoch 176/200
186/186 - 133s - loss: 0.1670 - accuracy: 0.9457 - recall_m: 0.9332 - precision_m: 0.9608 - f1_m: 0.9467 - val_loss: 1.4296 - val_accuracy: 0.6873 - val_recall_m: 0.6737 - val_precision_m: 0.7168 - val_f1_m: 0.6943 - 133s/epoch - 717ms/step
Epoch 177/200
186/186 - 134s - loss: 0.1917 - accuracy: 0.9388 - recall_m: 0.9261 - precision_m: 0.9528 - f1_m: 0.9392 - val_loss: 1.4459 - val_accuracy: 0.6884 - val_recall_m: 0.6750 - val_precision_m: 0.7226 - val_f1_m: 0.6976 - 134s/epoch - 719ms/step
Epoch 178/200
186/186 - 134s - loss: 0.1575 - accuracy: 0.9477 - recall_m: 0.9347 - precision_m: 0.9627 - f1_m: 0.9484 - val_loss: 1.4341 - val_accuracy: 0.6882 - val_recall_m: 0.6757 - val_precision_m: 0.7196 - val_f1_m: 0.6966 - 134s/epoch - 721ms/step
Epoch 179/200
186/186 - 134s - loss: 0.1392 - accuracy: 0.9547 - recall_m: 0.9436 - precision_m: 0.9674 - f1_m: 0.9552 - val_loss: 1.4653 - val_accuracy: 0.6853 - val_recall_m: 0.6718 - val_precision_m: 0.7128 - val_f1_m: 0.6914 - 134s/epoch - 720ms/step
Epoch 180/200
186/186 - 134s - loss: 0.1477 - accuracy: 0.9520 - recall_m: 0.9406 - precision_m: 0.9648 - f1_m: 0.9524 - val_loss: 1.4400 - val_accuracy: 0.6867 - val_recall_m: 0.6727 - val_precision_m: 0.7205 - val_f1_m: 0.6954 - 134s/epoch - 720ms/step
Epoch 181/200
186/186 - 134s - loss: 0.1516 - accuracy: 0.9528 - recall_m: 0.9414 - precision_m: 0.9663 - f1_m: 0.9536 - val_loss: 1.4101 - val_accuracy: 0.6967 - val_recall_m: 0.6822 - val_precision_m: 0.7260 - val_f1_m: 0.7030 - 134s/epoch - 721ms/step
Epoch 182/200
186/186 - 134s - loss: 0.1278 - accuracy: 0.9602 - recall_m: 0.9508 - precision_m: 0.9726 - f1_m: 0.9614 - val_loss: 1.4541 - val_accuracy: 0.6891 - val_recall_m: 0.6753 - val_precision_m: 0.7178 - val_f1_m: 0.6956 - 134s/epoch - 719ms/step
Epoch 183/200
186/186 - 135s - loss: 0.1368 - accuracy: 0.9580 - recall_m: 0.9455 - precision_m: 0.9700 - f1_m: 0.9575 - val_loss: 1.5031 - val_accuracy: 0.6801 - val_recall_m: 0.6673 - val_precision_m: 0.7139 - val_f1_m: 0.6894 - 135s/epoch - 724ms/step
Epoch 184/200
186/186 - 134s - loss: 0.1449 - accuracy: 0.9547 - recall_m: 0.9427 - precision_m: 0.9677 - f1_m: 0.9549 - val_loss: 1.4706 - val_accuracy: 0.6853 - val_recall_m: 0.6701 - val_precision_m: 0.7143 - val_f1_m: 0.6911 - 134s/epoch - 719ms/step
Epoch 185/200
186/186 - 134s - loss: 0.1425 - accuracy: 0.9559 - recall_m: 0.9442 - precision_m: 0.9682 - f1_m: 0.9559 - val_loss: 1.5048 - val_accuracy: 0.6854 - val_recall_m: 0.6728 - val_precision_m: 0.7122 - val_f1_m: 0.6916 - 134s/epoch - 719ms/step
Epoch 186/200
