nohup: ignoring input
2024-08-15 09:46:06.383904: I tensorflow/stream_executor/cuda/cuda_gpu_executor.cc:936] successful NUMA node read from SysFS had negative value (-1), but there must be at least one NUMA node, so returning NUMA node zero
2024-08-15 09:46:06.397290: I tensorflow/stream_executor/cuda/cuda_gpu_executor.cc:936] successful NUMA node read from SysFS had negative value (-1), but there must be at least one NUMA node, so returning NUMA node zero
2024-08-15 09:46:06.397366: I tensorflow/stream_executor/cuda/cuda_gpu_executor.cc:936] successful NUMA node read from SysFS had negative value (-1), but there must be at least one NUMA node, so returning NUMA node zero
2024-08-15 09:46:06.397570: I tensorflow/core/platform/cpu_feature_guard.cc:151] This TensorFlow binary is optimized with oneAPI Deep Neural Network Library (oneDNN) to use the following CPU instructions in performance-critical operations:  AVX2 FMA
To enable them in other operations, rebuild TensorFlow with the appropriate compiler flags.
2024-08-15 09:46:06.399242: I tensorflow/stream_executor/cuda/cuda_gpu_executor.cc:936] successful NUMA node read from SysFS had negative value (-1), but there must be at least one NUMA node, so returning NUMA node zero
2024-08-15 09:46:06.399312: I tensorflow/stream_executor/cuda/cuda_gpu_executor.cc:936] successful NUMA node read from SysFS had negative value (-1), but there must be at least one NUMA node, so returning NUMA node zero
2024-08-15 09:46:06.399354: I tensorflow/stream_executor/cuda/cuda_gpu_executor.cc:936] successful NUMA node read from SysFS had negative value (-1), but there must be at least one NUMA node, so returning NUMA node zero
2024-08-15 09:46:06.640355: I tensorflow/stream_executor/cuda/cuda_gpu_executor.cc:936] successful NUMA node read from SysFS had negative value (-1), but there must be at least one NUMA node, so returning NUMA node zero
2024-08-15 09:46:06.640449: I tensorflow/stream_executor/cuda/cuda_gpu_executor.cc:936] successful NUMA node read from SysFS had negative value (-1), but there must be at least one NUMA node, so returning NUMA node zero
2024-08-15 09:46:06.640502: I tensorflow/stream_executor/cuda/cuda_gpu_executor.cc:936] successful NUMA node read from SysFS had negative value (-1), but there must be at least one NUMA node, so returning NUMA node zero
2024-08-15 09:46:06.640573: I tensorflow/core/common_runtime/gpu/gpu_device.cc:1525] Created device /job:localhost/replica:0/task:0/device:GPU:0 with 22135 MB memory:  -> device: 0, name: NVIDIA GeForce RTX 4090, pci bus id: 0000:01:00.0, compute capability: 8.9
> Starting Run Protocol -  Thu Aug 15 09:46:04 2024
Running for dataset: NTU
Running for folds: ['cross_subject', 'cross_view']
Experiment name: ARN-LSTM_inward
Experiment folder: /demo/ARN-LSTM/runs/models/NTU/ARN-LSTM_inward
Number of reruns per dataset fold: 1
***** Experiment parameters *****
Configuration file: configs/NTU-V1/ARN-LSTM_inward.cfg
	 Skeleton info
	 > selected_joints: ['Nose', 'Neck', 'MidHip', 'LShoulder', 'LElbow', 'LWrist', 'RShoulder', 'RElbow', 'RWrist', 'LHip', 'LKnee', 'LAnkle', 'RHip', 'RKnee', 'RAnkle']
	 > add_joint_idx: True
	 > add_body_part: True
	 > timesteps: 32
	 > skip_timesteps: None
	 > normalization: NTU
	 > sample_method: all
	 > seq_step: 16
	 Model info
	 > rel_type: inter
	 > fuse_type: None
	 > compute_distance: True
	 > compute_motion: True
	 > Using Temporal RN: False
	 Training options
	 > drop_rate: 0.1
	 > kernel_init_type: TruncatedNormal
	 > kernel_init_param: 0.09
	 > epochs: 200
	 > learning_rate: 0.0001
	 > checkpoint_period: 1
	 > Batch Size: 64
	 Evaluation options
	 > Pool average from videos sequences: False
Running for fold: cross_subject
***** Training parameters *****
	 Output path: /demo/ARN-LSTM/runs/models/NTU/ARN-LSTM_inward/fold_cross_subject//rerun_0
	 Dataset: NTU
	 Dataset fold: cross_subject
	 Skeleton info
	 > selected_joints: ['Nose', 'Neck', 'MidHip', 'LShoulder', 'LElbow', 'LWrist', 'RShoulder', 'RElbow', 'RWrist', 'LHip', 'LKnee', 'LAnkle', 'RHip', 'RKnee', 'RAnkle']
	 > add_joint_idx: True
	 > add_body_part: True
	 > timesteps: 32
	 > skip_timesteps: None
	 > normalization: NTU
	 > sample_method: all
	 > seq_step: 16
	 Model info
	 > rel_type: inter
	 > fuse_type: None
	 > compute_distance: True
	 > compute_motion: True
	 Kernel Init info
	 > kernel_init_type: TruncatedNormal
	 > kernel_init_param: 0.09
	 > kernel_init_seed: None
	 Training options
	 > Batch Size: 64
	 > Epochs: 200
	 > Checkpoint Period: 1
	 > Learning Rate: 0.0001
	 > Dropout rate: 0.1
	 > Training Subsample Ratio: None
Reading data...
> Using DataGenerator
Creating model...
Model: "rel_net"
__________________________________________________________________________________________________
 Layer (type)                   Output Shape         Param #     Connected to                     
==================================================================================================
 person1_object0 (InputLayer)   [(None, 98)]         0           []                               
                                                                                                  
 person2_object0 (InputLayer)   [(None, 98)]         0           []                               
                                                                                                  
 person2_object1 (InputLayer)   [(None, 98)]         0           []                               
                                                                                                  
 person2_object2 (InputLayer)   [(None, 98)]         0           []                               
                                                                                                  
 person2_object3 (InputLayer)   [(None, 98)]         0           []                               
                                                                                                  
 person2_object4 (InputLayer)   [(None, 98)]         0           []                               
                                                                                                  
 person2_object5 (InputLayer)   [(None, 98)]         0           []                               
                                                                                                  
 person2_object6 (InputLayer)   [(None, 98)]         0           []                               
                                                                                                  
 person2_object7 (InputLayer)   [(None, 98)]         0           []                               
                                                                                                  
 person2_object8 (InputLayer)   [(None, 98)]         0           []                               
                                                                                                  
 person2_object9 (InputLayer)   [(None, 98)]         0           []                               
                                                                                                  
 person2_object10 (InputLayer)  [(None, 98)]         0           []                               
                                                                                                  
 person2_object11 (InputLayer)  [(None, 98)]         0           []                               
                                                                                                  
 person2_object12 (InputLayer)  [(None, 98)]         0           []                               
                                                                                                  
 person2_object13 (InputLayer)  [(None, 98)]         0           []                               
                                                                                                  
 person2_object14 (InputLayer)  [(None, 98)]         0           []                               
                                                                                                  
 person1_object1 (InputLayer)   [(None, 98)]         0           []                               
                                                                                                  
 person1_object2 (InputLayer)   [(None, 98)]         0           []                               
                                                                                                  
 person1_object3 (InputLayer)   [(None, 98)]         0           []                               
                                                                                                  
 person1_object4 (InputLayer)   [(None, 98)]         0           []                               
                                                                                                  
 person1_object5 (InputLayer)   [(None, 98)]         0           []                               
                                                                                                  
 person1_object6 (InputLayer)   [(None, 98)]         0           []                               
                                                                                                  
 person1_object7 (InputLayer)   [(None, 98)]         0           []                               
                                                                                                  
 person1_object8 (InputLayer)   [(None, 98)]         0           []                               
                                                                                                  
 person1_object9 (InputLayer)   [(None, 98)]         0           []                               
                                                                                                  
 person1_object10 (InputLayer)  [(None, 98)]         0           []                               
                                                                                                  
 person1_object11 (InputLayer)  [(None, 98)]         0           []                               
                                                                                                  
 person1_object12 (InputLayer)  [(None, 98)]         0           []                               
                                                                                                  
 person1_object13 (InputLayer)  [(None, 98)]         0           []                               
                                                                                                  
 person1_object14 (InputLayer)  [(None, 98)]         0           []                               
                                                                                                  
 g_theta_inter (Functional)     (None, 500)          2762500     ['person1_object0[0][0]',        
                                                                  'person2_object0[0][0]',        
                                                                  'person1_object0[0][0]',        
                                                                  'person2_object1[0][0]',        
                                                                  'person1_object0[0][0]',        
                                                                  'person2_object2[0][0]',        
                                                                  'person1_object0[0][0]',        
                                                                  'person2_object3[0][0]',        
                                                                  'person1_object0[0][0]',        
                                                                  'person2_object4[0][0]',        
                                                                  'person1_object0[0][0]',        
                                                                  'person2_object5[0][0]',        
                                                                  'person1_object0[0][0]',        
                                                                  'person2_object6[0][0]',        
                                                                  'person1_object0[0][0]',        
                                                                  'person2_object7[0][0]',        
                                                                  'person1_object0[0][0]',        
                                                                  'person2_object8[0][0]',        
                                                                  'person1_object0[0][0]',        
                                                                  'person2_object9[0][0]',        
                                                                  'person1_object0[0][0]',        
                                                                  'person2_object10[0][0]',       
                                                                  'person1_object0[0][0]',        
                                                                  'person2_object11[0][0]',       
                                                                  'person1_object0[0][0]',        
                                                                  'person2_object12[0][0]',       
                                                                  'person1_object0[0][0]',        
                                                                  'person2_object13[0][0]',       
                                                                  'person1_object0[0][0]',        
                                                                  'person2_object14[0][0]',       
                                                                  'person1_object1[0][0]',        
                                                                  'person2_object0[0][0]',        
                                                                  'person1_object1[0][0]',        
                                                                  'person2_object1[0][0]',        
                                                                  'person1_object1[0][0]',        
                                                                  'person2_object2[0][0]',        
                                                                  'person1_object1[0][0]',        
                                                                  'person2_object3[0][0]',        
                                                                  'person1_object1[0][0]',        
                                                                  'person2_object4[0][0]',        
                                                                  'person1_object1[0][0]',        
                                                                  'person2_object5[0][0]',        
                                                                  'person1_object1[0][0]',        
                                                                  'person2_object6[0][0]',        
                                                                  'person1_object1[0][0]',        
                                                                  'person2_object7[0][0]',        
                                                                  'person1_object1[0][0]',        
                                                                  'person2_object8[0][0]',        
                                                                  'person1_object1[0][0]',        
                                                                  'person2_object9[0][0]',        
                                                                  'person1_object1[0][0]',        
                                                                  'person2_object10[0][0]',       
                                                                  'person1_object1[0][0]',        
                                                                  'person2_object11[0][0]',       
                                                                  'person1_object1[0][0]',        
                                                                  'person2_object12[0][0]',       
                                                                  'person1_object1[0][0]',        
                                                                  'person2_object13[0][0]',       
                                                                  'person1_object1[0][0]',        
                                                                  'person2_object14[0][0]',       
                                                                  'person1_object2[0][0]',        
                                                                  'person2_object0[0][0]',        
                                                                  'person1_object2[0][0]',        
                                                                  'person2_object1[0][0]',        
                                                                  'person1_object2[0][0]',        
                                                                  'person2_object2[0][0]',        
                                                                  'person1_object2[0][0]',        
                                                                  'person2_object3[0][0]',        
                                                                  'person1_object2[0][0]',        
                                                                  'person2_object4[0][0]',        
                                                                  'person1_object2[0][0]',        
                                                                  'person2_object5[0][0]',        
                                                                  'person1_object2[0][0]',        
                                                                  'person2_object6[0][0]',        
                                                                  'person1_object2[0][0]',        
                                                                  'person2_object7[0][0]',        
                                                                  'person1_object2[0][0]',        
                                                                  'person2_object8[0][0]',        
                                                                  'person1_object2[0][0]',        
                                                                  'person2_object9[0][0]',        
                                                                  'person1_object2[0][0]',        
                                                                  'person2_object10[0][0]',       
                                                                  'person1_object2[0][0]',        
                                                                  'person2_object11[0][0]',       
                                                                  'person1_object2[0][0]',        
                                                                  'person2_object12[0][0]',       
                                                                  'person1_object2[0][0]',        
                                                                  'person2_object13[0][0]',       
                                                                  'person1_object2[0][0]',        
                                                                  'person2_object14[0][0]',       
                                                                  'person1_object3[0][0]',        
                                                                  'person2_object0[0][0]',        
                                                                  'person1_object3[0][0]',        
                                                                  'person2_object1[0][0]',        
                                                                  'person1_object3[0][0]',        
                                                                  'person2_object2[0][0]',        
                                                                  'person1_object3[0][0]',        
                                                                  'person2_object3[0][0]',        
                                                                  'person1_object3[0][0]',        
                                                                  'person2_object4[0][0]',        
                                                                  'person1_object3[0][0]',        
                                                                  'person2_object5[0][0]',        
                                                                  'person1_object3[0][0]',        
                                                                  'person2_object6[0][0]',        
                                                                  'person1_object3[0][0]',        
                                                                  'person2_object7[0][0]',        
                                                                  'person1_object3[0][0]',        
                                                                  'person2_object8[0][0]',        
                                                                  'person1_object3[0][0]',        
                                                                  'person2_object9[0][0]',        
                                                                  'person1_object3[0][0]',        
                                                                  'person2_object10[0][0]',       
                                                                  'person1_object3[0][0]',        
                                                                  'person2_object11[0][0]',       
                                                                  'person1_object3[0][0]',        
                                                                  'person2_object12[0][0]',       
                                                                  'person1_object3[0][0]',        
                                                                  'person2_object13[0][0]',       
                                                                  'person1_object3[0][0]',        
                                                                  'person2_object14[0][0]',       
                                                                  'person1_object4[0][0]',        
                                                                  'person2_object0[0][0]',        
                                                                  'person1_object4[0][0]',        
                                                                  'person2_object1[0][0]',        
                                                                  'person1_object4[0][0]',        
                                                                  'person2_object2[0][0]',        
                                                                  'person1_object4[0][0]',        
                                                                  'person2_object3[0][0]',        
                                                                  'person1_object4[0][0]',        
                                                                  'person2_object4[0][0]',        
                                                                  'person1_object4[0][0]',        
                                                                  'person2_object5[0][0]',        
                                                                  'person1_object4[0][0]',        
                                                                  'person2_object6[0][0]',        
                                                                  'person1_object4[0][0]',        
                                                                  'person2_object7[0][0]',        
                                                                  'person1_object4[0][0]',        
                                                                  'person2_object8[0][0]',        
                                                                  'person1_object4[0][0]',        
                                                                  'person2_object9[0][0]',        
                                                                  'person1_object4[0][0]',        
                                                                  'person2_object10[0][0]',       
                                                                  'person1_object4[0][0]',        
                                                                  'person2_object11[0][0]',       
                                                                  'person1_object4[0][0]',        
                                                                  'person2_object12[0][0]',       
                                                                  'person1_object4[0][0]',        
                                                                  'person2_object13[0][0]',       
                                                                  'person1_object4[0][0]',        
                                                                  'person2_object14[0][0]',       
                                                                  'person1_object5[0][0]',        
                                                                  'person2_object0[0][0]',        
                                                                  'person1_object5[0][0]',        
                                                                  'person2_object1[0][0]',        
                                                                  'person1_object5[0][0]',        
                                                                  'person2_object2[0][0]',        
                                                                  'person1_object5[0][0]',        
                                                                  'person2_object3[0][0]',        
                                                                  'person1_object5[0][0]',        
                                                                  'person2_object4[0][0]',        
                                                                  'person1_object5[0][0]',        
                                                                  'person2_object5[0][0]',        
                                                                  'person1_object5[0][0]',        
                                                                  'person2_object6[0][0]',        
                                                                  'person1_object5[0][0]',        
                                                                  'person2_object7[0][0]',        
                                                                  'person1_object5[0][0]',        
                                                                  'person2_object8[0][0]',        
                                                                  'person1_object5[0][0]',        
                                                                  'person2_object9[0][0]',        
                                                                  'person1_object5[0][0]',        
                                                                  'person2_object10[0][0]',       
                                                                  'person1_object5[0][0]',        
                                                                  'person2_object11[0][0]',       
                                                                  'person1_object5[0][0]',        
                                                                  'person2_object12[0][0]',       
                                                                  'person1_object5[0][0]',        
                                                                  'person2_object13[0][0]',       
                                                                  'person1_object5[0][0]',        
                                                                  'person2_object14[0][0]',       
                                                                  'person1_object6[0][0]',        
                                                                  'person2_object0[0][0]',        
                                                                  'person1_object6[0][0]',        
                                                                  'person2_object1[0][0]',        
                                                                  'person1_object6[0][0]',        
                                                                  'person2_object2[0][0]',        
                                                                  'person1_object6[0][0]',        
                                                                  'person2_object3[0][0]',        
                                                                  'person1_object6[0][0]',        
                                                                  'person2_object4[0][0]',        
                                                                  'person1_object6[0][0]',        
                                                                  'person2_object5[0][0]',        
                                                                  'person1_object6[0][0]',        
                                                                  'person2_object6[0][0]',        
                                                                  'person1_object6[0][0]',        
                                                                  'person2_object7[0][0]',        
                                                                  'person1_object6[0][0]',        
                                                                  'person2_object8[0][0]',        
                                                                  'person1_object6[0][0]',        
                                                                  'person2_object9[0][0]',        
                                                                  'person1_object6[0][0]',        
                                                                  'person2_object10[0][0]',       
                                                                  'person1_object6[0][0]',        
                                                                  'person2_object11[0][0]',       
                                                                  'person1_object6[0][0]',        
                                                                  'person2_object12[0][0]',       
                                                                  'person1_object6[0][0]',        
                                                                  'person2_object13[0][0]',       
                                                                  'person1_object6[0][0]',        
                                                                  'person2_object14[0][0]',       
                                                                  'person1_object7[0][0]',        
                                                                  'person2_object0[0][0]',        
                                                                  'person1_object7[0][0]',        
                                                                  'person2_object1[0][0]',        
                                                                  'person1_object7[0][0]',        
                                                                  'person2_object2[0][0]',        
                                                                  'person1_object7[0][0]',        
                                                                  'person2_object3[0][0]',        
                                                                  'person1_object7[0][0]',        
                                                                  'person2_object4[0][0]',        
                                                                  'person1_object7[0][0]',        
                                                                  'person2_object5[0][0]',        
                                                                  'person1_object7[0][0]',        
                                                                  'person2_object6[0][0]',        
                                                                  'person1_object7[0][0]',        
                                                                  'person2_object7[0][0]',        
                                                                  'person1_object7[0][0]',        
                                                                  'person2_object8[0][0]',        
                                                                  'person1_object7[0][0]',        
                                                                  'person2_object9[0][0]',        
                                                                  'person1_object7[0][0]',        
                                                                  'person2_object10[0][0]',       
                                                                  'person1_object7[0][0]',        
                                                                  'person2_object11[0][0]',       
                                                                  'person1_object7[0][0]',        
                                                                  'person2_object12[0][0]',       
                                                                  'person1_object7[0][0]',        
                                                                  'person2_object13[0][0]',       
                                                                  'person1_object7[0][0]',        
                                                                  'person2_object14[0][0]',       
                                                                  'person1_object8[0][0]',        
                                                                  'person2_object0[0][0]',        
                                                                  'person1_object8[0][0]',        
                                                                  'person2_object1[0][0]',        
                                                                  'person1_object8[0][0]',        
                                                                  'person2_object2[0][0]',        
                                                                  'person1_object8[0][0]',        
                                                                  'person2_object3[0][0]',        
                                                                  'person1_object8[0][0]',        
                                                                  'person2_object4[0][0]',        
                                                                  'person1_object8[0][0]',        
                                                                  'person2_object5[0][0]',        
                                                                  'person1_object8[0][0]',        
                                                                  'person2_object6[0][0]',        
                                                                  'person1_object8[0][0]',        
                                                                  'person2_object7[0][0]',        
                                                                  'person1_object8[0][0]',        
                                                                  'person2_object8[0][0]',        
                                                                  'person1_object8[0][0]',        
                                                                  'person2_object9[0][0]',        
                                                                  'person1_object8[0][0]',        
                                                                  'person2_object10[0][0]',       
                                                                  'person1_object8[0][0]',        
                                                                  'person2_object11[0][0]',       
                                                                  'person1_object8[0][0]',        
                                                                  'person2_object12[0][0]',       
                                                                  'person1_object8[0][0]',        
                                                                  'person2_object13[0][0]',       
                                                                  'person1_object8[0][0]',        
                                                                  'person2_object14[0][0]',       
                                                                  'person1_object9[0][0]',        
                                                                  'person2_object0[0][0]',        
                                                                  'person1_object9[0][0]',        
                                                                  'person2_object1[0][0]',        
                                                                  'person1_object9[0][0]',        
                                                                  'person2_object2[0][0]',        
                                                                  'person1_object9[0][0]',        
                                                                  'person2_object3[0][0]',        
                                                                  'person1_object9[0][0]',        
                                                                  'person2_object4[0][0]',        
                                                                  'person1_object9[0][0]',        
                                                                  'person2_object5[0][0]',        
                                                                  'person1_object9[0][0]',        
                                                                  'person2_object6[0][0]',        
                                                                  'person1_object9[0][0]',        
                                                                  'person2_object7[0][0]',        
                                                                  'person1_object9[0][0]',        
                                                                  'person2_object8[0][0]',        
                                                                  'person1_object9[0][0]',        
                                                                  'person2_object9[0][0]',        
                                                                  'person1_object9[0][0]',        
                                                                  'person2_object10[0][0]',       
                                                                  'person1_object9[0][0]',        
                                                                  'person2_object11[0][0]',       
                                                                  'person1_object9[0][0]',        
                                                                  'person2_object12[0][0]',       
                                                                  'person1_object9[0][0]',        
                                                                  'person2_object13[0][0]',       
                                                                  'person1_object9[0][0]',        
                                                                  'person2_object14[0][0]',       
                                                                  'person1_object10[0][0]',       
                                                                  'person2_object0[0][0]',        
                                                                  'person1_object10[0][0]',       
                                                                  'person2_object1[0][0]',        
                                                                  'person1_object10[0][0]',       
                                                                  'person2_object2[0][0]',        
                                                                  'person1_object10[0][0]',       
                                                                  'person2_object3[0][0]',        
                                                                  'person1_object10[0][0]',       
                                                                  'person2_object4[0][0]',        
                                                                  'person1_object10[0][0]',       
                                                                  'person2_object5[0][0]',        
                                                                  'person1_object10[0][0]',       
                                                                  'person2_object6[0][0]',        
                                                                  'person1_object10[0][0]',       
                                                                  'person2_object7[0][0]',        
                                                                  'person1_object10[0][0]',       
                                                                  'person2_object8[0][0]',        
                                                                  'person1_object10[0][0]',       
                                                                  'person2_object9[0][0]',        
                                                                  'person1_object10[0][0]',       
                                                                  'person2_object10[0][0]',       
                                                                  'person1_object10[0][0]',       
                                                                  'person2_object11[0][0]',       
                                                                  'person1_object10[0][0]',       
                                                                  'person2_object12[0][0]',       
                                                                  'person1_object10[0][0]',       
                                                                  'person2_object13[0][0]',       
                                                                  'person1_object10[0][0]',       
                                                                  'person2_object14[0][0]',       
                                                                  'person1_object11[0][0]',       
                                                                  'person2_object0[0][0]',        
                                                                  'person1_object11[0][0]',       
                                                                  'person2_object1[0][0]',        
                                                                  'person1_object11[0][0]',       
                                                                  'person2_object2[0][0]',        
                                                                  'person1_object11[0][0]',       
                                                                  'person2_object3[0][0]',        
                                                                  'person1_object11[0][0]',       
                                                                  'person2_object4[0][0]',        
                                                                  'person1_object11[0][0]',       
                                                                  'person2_object5[0][0]',        
                                                                  'person1_object11[0][0]',       
                                                                  'person2_object6[0][0]',        
                                                                  'person1_object11[0][0]',       
                                                                  'person2_object7[0][0]',        
                                                                  'person1_object11[0][0]',       
                                                                  'person2_object8[0][0]',        
                                                                  'person1_object11[0][0]',       
                                                                  'person2_object9[0][0]',        
                                                                  'person1_object11[0][0]',       
                                                                  'person2_object10[0][0]',       
                                                                  'person1_object11[0][0]',       
                                                                  'person2_object11[0][0]',       
                                                                  'person1_object11[0][0]',       
                                                                  'person2_object12[0][0]',       
                                                                  'person1_object11[0][0]',       
                                                                  'person2_object13[0][0]',       
                                                                  'person1_object11[0][0]',       
                                                                  'person2_object14[0][0]',       
                                                                  'person1_object12[0][0]',       
                                                                  'person2_object0[0][0]',        
                                                                  'person1_object12[0][0]',       
                                                                  'person2_object1[0][0]',        
                                                                  'person1_object12[0][0]',       
                                                                  'person2_object2[0][0]',        
                                                                  'person1_object12[0][0]',       
                                                                  'person2_object3[0][0]',        
                                                                  'person1_object12[0][0]',       
                                                                  'person2_object4[0][0]',        
                                                                  'person1_object12[0][0]',       
                                                                  'person2_object5[0][0]',        
                                                                  'person1_object12[0][0]',       
                                                                  'person2_object6[0][0]',        
                                                                  'person1_object12[0][0]',       
                                                                  'person2_object7[0][0]',        
                                                                  'person1_object12[0][0]',       
                                                                  'person2_object8[0][0]',        
                                                                  'person1_object12[0][0]',       
                                                                  'person2_object9[0][0]',        
                                                                  'person1_object12[0][0]',       
                                                                  'person2_object10[0][0]',       
                                                                  'person1_object12[0][0]',       
                                                                  'person2_object11[0][0]',       
                                                                  'person1_object12[0][0]',       
                                                                  'person2_object12[0][0]',       
                                                                  'person1_object12[0][0]',       
                                                                  'person2_object13[0][0]',       
                                                                  'person1_object12[0][0]',       
                                                                  'person2_object14[0][0]',       
                                                                  'person1_object13[0][0]',       
                                                                  'person2_object0[0][0]',        
                                                                  'person1_object13[0][0]',       
                                                                  'person2_object1[0][0]',        
                                                                  'person1_object13[0][0]',       
                                                                  'person2_object2[0][0]',        
                                                                  'person1_object13[0][0]',       
                                                                  'person2_object3[0][0]',        
                                                                  'person1_object13[0][0]',       
                                                                  'person2_object4[0][0]',        
                                                                  'person1_object13[0][0]',       
                                                                  'person2_object5[0][0]',        
                                                                  'person1_object13[0][0]',       
                                                                  'person2_object6[0][0]',        
                                                                  'person1_object13[0][0]',       
                                                                  'person2_object7[0][0]',        
                                                                  'person1_object13[0][0]',       
                                                                  'person2_object8[0][0]',        
                                                                  'person1_object13[0][0]',       
                                                                  'person2_object9[0][0]',        
                                                                  'person1_object13[0][0]',       
                                                                  'person2_object10[0][0]',       
                                                                  'person1_object13[0][0]',       
                                                                  'person2_object11[0][0]',       
                                                                  'person1_object13[0][0]',       
                                                                  'person2_object12[0][0]',       
                                                                  'person1_object13[0][0]',       
                                                                  'person2_object13[0][0]',       
                                                                  'person1_object13[0][0]',       
                                                                  'person2_object14[0][0]',       
                                                                  'person1_object14[0][0]',       
                                                                  'person2_object0[0][0]',        
                                                                  'person1_object14[0][0]',       
                                                                  'person2_object1[0][0]',        
                                                                  'person1_object14[0][0]',       
                                                                  'person2_object2[0][0]',        
                                                                  'person1_object14[0][0]',       
                                                                  'person2_object3[0][0]',        
                                                                  'person1_object14[0][0]',       
                                                                  'person2_object4[0][0]',        
                                                                  'person1_object14[0][0]',       
                                                                  'person2_object5[0][0]',        
                                                                  'person1_object14[0][0]',       
                                                                  'person2_object6[0][0]',        
                                                                  'person1_object14[0][0]',       
                                                                  'person2_object7[0][0]',        
                                                                  'person1_object14[0][0]',       
                                                                  'person2_object8[0][0]',        
                                                                  'person1_object14[0][0]',       
                                                                  'person2_object9[0][0]',        
                                                                  'person1_object14[0][0]',       
                                                                  'person2_object10[0][0]',       
                                                                  'person1_object14[0][0]',       
                                                                  'person2_object11[0][0]',       
                                                                  'person1_object14[0][0]',       
                                                                  'person2_object12[0][0]',       
                                                                  'person1_object14[0][0]',       
                                                                  'person2_object13[0][0]',       
                                                                  'person1_object14[0][0]',       
                                                                  'person2_object14[0][0]',       
                                                                  'person2_object0[0][0]',        
                                                                  'person1_object0[0][0]',        
                                                                  'person2_object0[0][0]',        
                                                                  'person1_object1[0][0]',        
                                                                  'person2_object0[0][0]',        
                                                                  'person1_object2[0][0]',        
                                                                  'person2_object0[0][0]',        
                                                                  'person1_object3[0][0]',        
                                                                  'person2_object0[0][0]',        
                                                                  'person1_object4[0][0]',        
                                                                  'person2_object0[0][0]',        
                                                                  'person1_object5[0][0]',        
                                                                  'person2_object0[0][0]',        
                                                                  'person1_object6[0][0]',        
                                                                  'person2_object0[0][0]',        
                                                                  'person1_object7[0][0]',        
                                                                  'person2_object0[0][0]',        
                                                                  'person1_object8[0][0]',        
                                                                  'person2_object0[0][0]',        
                                                                  'person1_object9[0][0]',        
                                                                  'person2_object0[0][0]',        
                                                                  'person1_object10[0][0]',       
                                                                  'person2_object0[0][0]',        
                                                                  'person1_object11[0][0]',       
                                                                  'person2_object0[0][0]',        
                                                                  'person1_object12[0][0]',       
                                                                  'person2_object0[0][0]',        
                                                                  'person1_object13[0][0]',       
                                                                  'person2_object0[0][0]',        
                                                                  'person1_object14[0][0]',       
                                                                  'person2_object1[0][0]',        
                                                                  'person1_object0[0][0]',        
                                                                  'person2_object1[0][0]',        
                                                                  'person1_object1[0][0]',        
                                                                  'person2_object1[0][0]',        
                                                                  'person1_object2[0][0]',        
                                                                  'person2_object1[0][0]',        
                                                                  'person1_object3[0][0]',        
                                                                  'person2_object1[0][0]',        
                                                                  'person1_object4[0][0]',        
                                                                  'person2_object1[0][0]',        
                                                                  'person1_object5[0][0]',        
                                                                  'person2_object1[0][0]',        
                                                                  'person1_object6[0][0]',        
                                                                  'person2_object1[0][0]',        
                                                                  'person1_object7[0][0]',        
                                                                  'person2_object1[0][0]',        
                                                                  'person1_object8[0][0]',        
                                                                  'person2_object1[0][0]',        
                                                                  'person1_object9[0][0]',        
                                                                  'person2_object1[0][0]',        
                                                                  'person1_object10[0][0]',       
                                                                  'person2_object1[0][0]',        
                                                                  'person1_object11[0][0]',       
                                                                  'person2_object1[0][0]',        
                                                                  'person1_object12[0][0]',       
                                                                  'person2_object1[0][0]',        
                                                                  'person1_object13[0][0]',       
                                                                  'person2_object1[0][0]',        
                                                                  'person1_object14[0][0]',       
                                                                  'person2_object2[0][0]',        
                                                                  'person1_object0[0][0]',        
                                                                  'person2_object2[0][0]',        
                                                                  'person1_object1[0][0]',        
                                                                  'person2_object2[0][0]',        
                                                                  'person1_object2[0][0]',        
                                                                  'person2_object2[0][0]',        
                                                                  'person1_object3[0][0]',        
                                                                  'person2_object2[0][0]',        
                                                                  'person1_object4[0][0]',        
                                                                  'person2_object2[0][0]',        
                                                                  'person1_object5[0][0]',        
                                                                  'person2_object2[0][0]',        
                                                                  'person1_object6[0][0]',        
                                                                  'person2_object2[0][0]',        
                                                                  'person1_object7[0][0]',        
                                                                  'person2_object2[0][0]',        
                                                                  'person1_object8[0][0]',        
                                                                  'person2_object2[0][0]',        
                                                                  'person1_object9[0][0]',        
                                                                  'person2_object2[0][0]',        
                                                                  'person1_object10[0][0]',       
                                                                  'person2_object2[0][0]',        
                                                                  'person1_object11[0][0]',       
                                                                  'person2_object2[0][0]',        
                                                                  'person1_object12[0][0]',       
                                                                  'person2_object2[0][0]',        
                                                                  'person1_object13[0][0]',       
                                                                  'person2_object2[0][0]',        
                                                                  'person1_object14[0][0]',       
                                                                  'person2_object3[0][0]',        
                                                                  'person1_object0[0][0]',        
                                                                  'person2_object3[0][0]',        
                                                                  'person1_object1[0][0]',        
                                                                  'person2_object3[0][0]',        
                                                                  'person1_object2[0][0]',        
                                                                  'person2_object3[0][0]',        
                                                                  'person1_object3[0][0]',        
                                                                  'person2_object3[0][0]',        
                                                                  'person1_object4[0][0]',        
                                                                  'person2_object3[0][0]',        
                                                                  'person1_object5[0][0]',        
                                                                  'person2_object3[0][0]',        
                                                                  'person1_object6[0][0]',        
                                                                  'person2_object3[0][0]',        
                                                                  'person1_object7[0][0]',        
                                                                  'person2_object3[0][0]',        
                                                                  'person1_object8[0][0]',        
                                                                  'person2_object3[0][0]',        
                                                                  'person1_object9[0][0]',        
                                                                  'person2_object3[0][0]',        
                                                                  'person1_object10[0][0]',       
                                                                  'person2_object3[0][0]',        
                                                                  'person1_object11[0][0]',       
                                                                  'person2_object3[0][0]',        
                                                                  'person1_object12[0][0]',       
                                                                  'person2_object3[0][0]',        
                                                                  'person1_object13[0][0]',       
                                                                  'person2_object3[0][0]',        
                                                                  'person1_object14[0][0]',       
                                                                  'person2_object4[0][0]',        
                                                                  'person1_object0[0][0]',        
                                                                  'person2_object4[0][0]',        
                                                                  'person1_object1[0][0]',        
                                                                  'person2_object4[0][0]',        
                                                                  'person1_object2[0][0]',        
                                                                  'person2_object4[0][0]',        
                                                                  'person1_object3[0][0]',        
                                                                  'person2_object4[0][0]',        
                                                                  'person1_object4[0][0]',        
                                                                  'person2_object4[0][0]',        
                                                                  'person1_object5[0][0]',        
                                                                  'person2_object4[0][0]',        
                                                                  'person1_object6[0][0]',        
                                                                  'person2_object4[0][0]',        
                                                                  'person1_object7[0][0]',        
                                                                  'person2_object4[0][0]',        
                                                                  'person1_object8[0][0]',        
                                                                  'person2_object4[0][0]',        
                                                                  'person1_object9[0][0]',        
                                                                  'person2_object4[0][0]',        
                                                                  'person1_object10[0][0]',       
                                                                  'person2_object4[0][0]',        
                                                                  'person1_object11[0][0]',       
                                                                  'person2_object4[0][0]',        
                                                                  'person1_object12[0][0]',       
                                                                  'person2_object4[0][0]',        
                                                                  'person1_object13[0][0]',       
                                                                  'person2_object4[0][0]',        
                                                                  'person1_object14[0][0]',       
                                                                  'person2_object5[0][0]',        
                                                                  'person1_object0[0][0]',        
                                                                  'person2_object5[0][0]',        
                                                                  'person1_object1[0][0]',        
                                                                  'person2_object5[0][0]',        
                                                                  'person1_object2[0][0]',        
                                                                  'person2_object5[0][0]',        
                                                                  'person1_object3[0][0]',        
                                                                  'person2_object5[0][0]',        
                                                                  'person1_object4[0][0]',        
                                                                  'person2_object5[0][0]',        
                                                                  'person1_object5[0][0]',        
                                                                  'person2_object5[0][0]',        
                                                                  'person1_object6[0][0]',        
                                                                  'person2_object5[0][0]',        
                                                                  'person1_object7[0][0]',        
                                                                  'person2_object5[0][0]',        
                                                                  'person1_object8[0][0]',        
                                                                  'person2_object5[0][0]',        
                                                                  'person1_object9[0][0]',        
                                                                  'person2_object5[0][0]',        
                                                                  'person1_object10[0][0]',       
                                                                  'person2_object5[0][0]',        
                                                                  'person1_object11[0][0]',       
                                                                  'person2_object5[0][0]',        
                                                                  'person1_object12[0][0]',       
                                                                  'person2_object5[0][0]',        
                                                                  'person1_object13[0][0]',       
                                                                  'person2_object5[0][0]',        
                                                                  'person1_object14[0][0]',       
                                                                  'person2_object6[0][0]',        
                                                                  'person1_object0[0][0]',        
                                                                  'person2_object6[0][0]',        
                                                                  'person1_object1[0][0]',        
                                                                  'person2_object6[0][0]',        
                                                                  'person1_object2[0][0]',        
                                                                  'person2_object6[0][0]',        
                                                                  'person1_object3[0][0]',        
                                                                  'person2_object6[0][0]',        
                                                                  'person1_object4[0][0]',        
                                                                  'person2_object6[0][0]',        
                                                                  'person1_object5[0][0]',        
                                                                  'person2_object6[0][0]',        
                                                                  'person1_object6[0][0]',        
                                                                  'person2_object6[0][0]',        
                                                                  'person1_object7[0][0]',        
                                                                  'person2_object6[0][0]',        
                                                                  'person1_object8[0][0]',        
                                                                  'person2_object6[0][0]',        
                                                                  'person1_object9[0][0]',        
                                                                  'person2_object6[0][0]',        
                                                                  'person1_object10[0][0]',       
                                                                  'person2_object6[0][0]',        
                                                                  'person1_object11[0][0]',       
                                                                  'person2_object6[0][0]',        
                                                                  'person1_object12[0][0]',       
                                                                  'person2_object6[0][0]',        
                                                                  'person1_object13[0][0]',       
                                                                  'person2_object6[0][0]',        
                                                                  'person1_object14[0][0]',       
                                                                  'person2_object7[0][0]',        
                                                                  'person1_object0[0][0]',        
                                                                  'person2_object7[0][0]',        
                                                                  'person1_object1[0][0]',        
                                                                  'person2_object7[0][0]',        
                                                                  'person1_object2[0][0]',        
                                                                  'person2_object7[0][0]',        
                                                                  'person1_object3[0][0]',        
                                                                  'person2_object7[0][0]',        
                                                                  'person1_object4[0][0]',        
                                                                  'person2_object7[0][0]',        
                                                                  'person1_object5[0][0]',        
                                                                  'person2_object7[0][0]',        
                                                                  'person1_object6[0][0]',        
                                                                  'person2_object7[0][0]',        
                                                                  'person1_object7[0][0]',        
                                                                  'person2_object7[0][0]',        
                                                                  'person1_object8[0][0]',        
                                                                  'person2_object7[0][0]',        
                                                                  'person1_object9[0][0]',        
                                                                  'person2_object7[0][0]',        
                                                                  'person1_object10[0][0]',       
                                                                  'person2_object7[0][0]',        
                                                                  'person1_object11[0][0]',       
                                                                  'person2_object7[0][0]',        
                                                                  'person1_object12[0][0]',       
                                                                  'person2_object7[0][0]',        
                                                                  'person1_object13[0][0]',       
                                                                  'person2_object7[0][0]',        
                                                                  'person1_object14[0][0]',       
                                                                  'person2_object8[0][0]',        
                                                                  'person1_object0[0][0]',        
                                                                  'person2_object8[0][0]',        
                                                                  'person1_object1[0][0]',        
                                                                  'person2_object8[0][0]',        
                                                                  'person1_object2[0][0]',        
                                                                  'person2_object8[0][0]',        
                                                                  'person1_object3[0][0]',        
                                                                  'person2_object8[0][0]',        
                                                                  'person1_object4[0][0]',        
                                                                  'person2_object8[0][0]',        
                                                                  'person1_object5[0][0]',        
                                                                  'person2_object8[0][0]',        
                                                                  'person1_object6[0][0]',        
                                                                  'person2_object8[0][0]',        
                                                                  'person1_object7[0][0]',        
                                                                  'person2_object8[0][0]',        
                                                                  'person1_object8[0][0]',        
                                                                  'person2_object8[0][0]',        
                                                                  'person1_object9[0][0]',        
                                                                  'person2_object8[0][0]',        
                                                                  'person1_object10[0][0]',       
                                                                  'person2_object8[0][0]',        
                                                                  'person1_object11[0][0]',       
                                                                  'person2_object8[0][0]',        
                                                                  'person1_object12[0][0]',       
                                                                  'person2_object8[0][0]',        
                                                                  'person1_object13[0][0]',       
                                                                  'person2_object8[0][0]',        
                                                                  'person1_object14[0][0]',       
                                                                  'person2_object9[0][0]',        
                                                                  'person1_object0[0][0]',        
                                                                  'person2_object9[0][0]',        
                                                                  'person1_object1[0][0]',        
                                                                  'person2_object9[0][0]',        
                                                                  'person1_object2[0][0]',        
                                                                  'person2_object9[0][0]',        
                                                                  'person1_object3[0][0]',        
                                                                  'person2_object9[0][0]',        
                                                                  'person1_object4[0][0]',        
                                                                  'person2_object9[0][0]',        
                                                                  'person1_object5[0][0]',        
                                                                  'person2_object9[0][0]',        
                                                                  'person1_object6[0][0]',        
                                                                  'person2_object9[0][0]',        
                                                                  'person1_object7[0][0]',        
                                                                  'person2_object9[0][0]',        
                                                                  'person1_object8[0][0]',        
                                                                  'person2_object9[0][0]',        
                                                                  'person1_object9[0][0]',        
                                                                  'person2_object9[0][0]',        
                                                                  'person1_object10[0][0]',       
                                                                  'person2_object9[0][0]',        
                                                                  'person1_object11[0][0]',       
                                                                  'person2_object9[0][0]',        
                                                                  'person1_object12[0][0]',       
                                                                  'person2_object9[0][0]',        
                                                                  'person1_object13[0][0]',       
                                                                  'person2_object9[0][0]',        
                                                                  'person1_object14[0][0]',       
                                                                  'person2_object10[0][0]',       
                                                                  'person1_object0[0][0]',        
                                                                  'person2_object10[0][0]',       
                                                                  'person1_object1[0][0]',        
                                                                  'person2_object10[0][0]',       
                                                                  'person1_object2[0][0]',        
                                                                  'person2_object10[0][0]',       
                                                                  'person1_object3[0][0]',        
                                                                  'person2_object10[0][0]',       
                                                                  'person1_object4[0][0]',        
                                                                  'person2_object10[0][0]',       
                                                                  'person1_object5[0][0]',        
                                                                  'person2_object10[0][0]',       
                                                                  'person1_object6[0][0]',        
                                                                  'person2_object10[0][0]',       
                                                                  'person1_object7[0][0]',        
                                                                  'person2_object10[0][0]',       
                                                                  'person1_object8[0][0]',        
                                                                  'person2_object10[0][0]',       
                                                                  'person1_object9[0][0]',        
                                                                  'person2_object10[0][0]',       
                                                                  'person1_object10[0][0]',       
                                                                  'person2_object10[0][0]',       
                                                                  'person1_object11[0][0]',       
                                                                  'person2_object10[0][0]',       
                                                                  'person1_object12[0][0]',       
                                                                  'person2_object10[0][0]',       
                                                                  'person1_object13[0][0]',       
                                                                  'person2_object10[0][0]',       
                                                                  'person1_object14[0][0]',       
                                                                  'person2_object11[0][0]',       
                                                                  'person1_object0[0][0]',        
                                                                  'person2_object11[0][0]',       
                                                                  'person1_object1[0][0]',        
                                                                  'person2_object11[0][0]',       
                                                                  'person1_object2[0][0]',        
                                                                  'person2_object11[0][0]',       
                                                                  'person1_object3[0][0]',        
                                                                  'person2_object11[0][0]',       
                                                                  'person1_object4[0][0]',        
                                                                  'person2_object11[0][0]',       
                                                                  'person1_object5[0][0]',        
                                                                  'person2_object11[0][0]',       
                                                                  'person1_object6[0][0]',        
                                                                  'person2_object11[0][0]',       
                                                                  'person1_object7[0][0]',        
                                                                  'person2_object11[0][0]',       
                                                                  'person1_object8[0][0]',        
                                                                  'person2_object11[0][0]',       
                                                                  'person1_object9[0][0]',        
                                                                  'person2_object11[0][0]',       
                                                                  'person1_object10[0][0]',       
                                                                  'person2_object11[0][0]',       
                                                                  'person1_object11[0][0]',       
                                                                  'person2_object11[0][0]',       
                                                                  'person1_object12[0][0]',       
                                                                  'person2_object11[0][0]',       
                                                                  'person1_object13[0][0]',       
                                                                  'person2_object11[0][0]',       
                                                                  'person1_object14[0][0]',       
                                                                  'person2_object12[0][0]',       
                                                                  'person1_object0[0][0]',        
                                                                  'person2_object12[0][0]',       
                                                                  'person1_object1[0][0]',        
                                                                  'person2_object12[0][0]',       
                                                                  'person1_object2[0][0]',        
                                                                  'person2_object12[0][0]',       
                                                                  'person1_object3[0][0]',        
                                                                  'person2_object12[0][0]',       
                                                                  'person1_object4[0][0]',        
                                                                  'person2_object12[0][0]',       
                                                                  'person1_object5[0][0]',        
                                                                  'person2_object12[0][0]',       
                                                                  'person1_object6[0][0]',        
                                                                  'person2_object12[0][0]',       
                                                                  'person1_object7[0][0]',        
                                                                  'person2_object12[0][0]',       
                                                                  'person1_object8[0][0]',        
                                                                  'person2_object12[0][0]',       
                                                                  'person1_object9[0][0]',        
                                                                  'person2_object12[0][0]',       
                                                                  'person1_object10[0][0]',       
                                                                  'person2_object12[0][0]',       
                                                                  'person1_object11[0][0]',       
                                                                  'person2_object12[0][0]',       
                                                                  'person1_object12[0][0]',       
                                                                  'person2_object12[0][0]',       
                                                                  'person1_object13[0][0]',       
                                                                  'person2_object12[0][0]',       
                                                                  'person1_object14[0][0]',       
                                                                  'person2_object13[0][0]',       
                                                                  'person1_object0[0][0]',        
                                                                  'person2_object13[0][0]',       
                                                                  'person1_object1[0][0]',        
                                                                  'person2_object13[0][0]',       
                                                                  'person1_object2[0][0]',        
                                                                  'person2_object13[0][0]',       
                                                                  'person1_object3[0][0]',        
                                                                  'person2_object13[0][0]',       
                                                                  'person1_object4[0][0]',        
                                                                  'person2_object13[0][0]',       
                                                                  'person1_object5[0][0]',        
                                                                  'person2_object13[0][0]',       
                                                                  'person1_object6[0][0]',        
                                                                  'person2_object13[0][0]',       
                                                                  'person1_object7[0][0]',        
                                                                  'person2_object13[0][0]',       
                                                                  'person1_object8[0][0]',        
                                                                  'person2_object13[0][0]',       
                                                                  'person1_object9[0][0]',        
                                                                  'person2_object13[0][0]',       
                                                                  'person1_object10[0][0]',       
                                                                  'person2_object13[0][0]',       
                                                                  'person1_object11[0][0]',       
                                                                  'person2_object13[0][0]',       
                                                                  'person1_object12[0][0]',       
                                                                  'person2_object13[0][0]',       
                                                                  'person1_object13[0][0]',       
                                                                  'person2_object13[0][0]',       
                                                                  'person1_object14[0][0]',       
                                                                  'person2_object14[0][0]',       
                                                                  'person1_object0[0][0]',        
                                                                  'person2_object14[0][0]',       
                                                                  'person1_object1[0][0]',        
                                                                  'person2_object14[0][0]',       
                                                                  'person1_object2[0][0]',        
                                                                  'person2_object14[0][0]',       
                                                                  'person1_object3[0][0]',        
                                                                  'person2_object14[0][0]',       
                                                                  'person1_object4[0][0]',        
                                                                  'person2_object14[0][0]',       
                                                                  'person1_object5[0][0]',        
                                                                  'person2_object14[0][0]',       
                                                                  'person1_object6[0][0]',        
                                                                  'person2_object14[0][0]',       
                                                                  'person1_object7[0][0]',        
                                                                  'person2_object14[0][0]',       
                                                                  'person1_object8[0][0]',        
                                                                  'person2_object14[0][0]',       
                                                                  'person1_object9[0][0]',        
                                                                  'person2_object14[0][0]',       
                                                                  'person1_object10[0][0]',       
                                                                  'person2_object14[0][0]',       
                                                                  'person1_object11[0][0]',       
                                                                  'person2_object14[0][0]',       
                                                                  'person1_object12[0][0]',       
                                                                  'person2_object14[0][0]',       
                                                                  'person1_object13[0][0]',       
                                                                  'person2_object14[0][0]',       
                                                                  'person1_object14[0][0]']       
                                                                                                  
 average (Average)              (None, 500)          0           ['g_theta_inter[0][0]',          
                                                                  'g_theta_inter[1][0]',          
                                                                  'g_theta_inter[2][0]',          
                                                                  'g_theta_inter[3][0]',          
                                                                  'g_theta_inter[4][0]',          
                                                                  'g_theta_inter[5][0]',          
                                                                  'g_theta_inter[6][0]',          
                                                                  'g_theta_inter[7][0]',          
                                                                  'g_theta_inter[8][0]',          
                                                                  'g_theta_inter[9][0]',          
                                                                  'g_theta_inter[10][0]',         
                                                                  'g_theta_inter[11][0]',         
                                                                  'g_theta_inter[12][0]',         
                                                                  'g_theta_inter[13][0]',         
                                                                  'g_theta_inter[14][0]',         
                                                                  'g_theta_inter[15][0]',         
                                                                  'g_theta_inter[16][0]',         
                                                                  'g_theta_inter[17][0]',         
                                                                  'g_theta_inter[18][0]',         
                                                                  'g_theta_inter[19][0]',         
                                                                  'g_theta_inter[20][0]',         
                                                                  'g_theta_inter[21][0]',         
                                                                  'g_theta_inter[22][0]',         
                                                                  'g_theta_inter[23][0]',         
                                                                  'g_theta_inter[24][0]',         
                                                                  'g_theta_inter[25][0]',         
                                                                  'g_theta_inter[26][0]',         
                                                                  'g_theta_inter[27][0]',         
                                                                  'g_theta_inter[28][0]',         
                                                                  'g_theta_inter[29][0]',         
                                                                  'g_theta_inter[30][0]',         
                                                                  'g_theta_inter[31][0]',         
                                                                  'g_theta_inter[32][0]',         
                                                                  'g_theta_inter[33][0]',         
                                                                  'g_theta_inter[34][0]',         
                                                                  'g_theta_inter[35][0]',         
                                                                  'g_theta_inter[36][0]',         
                                                                  'g_theta_inter[37][0]',         
                                                                  'g_theta_inter[38][0]',         
                                                                  'g_theta_inter[39][0]',         
                                                                  'g_theta_inter[40][0]',         
                                                                  'g_theta_inter[41][0]',         
                                                                  'g_theta_inter[42][0]',         
                                                                  'g_theta_inter[43][0]',         
                                                                  'g_theta_inter[44][0]',         
                                                                  'g_theta_inter[45][0]',         
                                                                  'g_theta_inter[46][0]',         
                                                                  'g_theta_inter[47][0]',         
                                                                  'g_theta_inter[48][0]',         
                                                                  'g_theta_inter[49][0]',         
                                                                  'g_theta_inter[50][0]',         
                                                                  'g_theta_inter[51][0]',         
                                                                  'g_theta_inter[52][0]',         
                                                                  'g_theta_inter[53][0]',         
                                                                  'g_theta_inter[54][0]',         
                                                                  'g_theta_inter[55][0]',         
                                                                  'g_theta_inter[56][0]',         
                                                                  'g_theta_inter[57][0]',         
                                                                  'g_theta_inter[58][0]',         
                                                                  'g_theta_inter[59][0]',         
                                                                  'g_theta_inter[60][0]',         
                                                                  'g_theta_inter[61][0]',         
                                                                  'g_theta_inter[62][0]',         
                                                                  'g_theta_inter[63][0]',         
                                                                  'g_theta_inter[64][0]',         
                                                                  'g_theta_inter[65][0]',         
                                                                  'g_theta_inter[66][0]',         
                                                                  'g_theta_inter[67][0]',         
                                                                  'g_theta_inter[68][0]',         
                                                                  'g_theta_inter[69][0]',         
                                                                  'g_theta_inter[70][0]',         
                                                                  'g_theta_inter[71][0]',         
                                                                  'g_theta_inter[72][0]',         
                                                                  'g_theta_inter[73][0]',         
                                                                  'g_theta_inter[74][0]',         
                                                                  'g_theta_inter[75][0]',         
                                                                  'g_theta_inter[76][0]',         
                                                                  'g_theta_inter[77][0]',         
                                                                  'g_theta_inter[78][0]',         
                                                                  'g_theta_inter[79][0]',         
                                                                  'g_theta_inter[80][0]',         
                                                                  'g_theta_inter[81][0]',         
                                                                  'g_theta_inter[82][0]',         
                                                                  'g_theta_inter[83][0]',         
                                                                  'g_theta_inter[84][0]',         
                                                                  'g_theta_inter[85][0]',         
                                                                  'g_theta_inter[86][0]',         
                                                                  'g_theta_inter[87][0]',         
                                                                  'g_theta_inter[88][0]',         
                                                                  'g_theta_inter[89][0]',         
                                                                  'g_theta_inter[90][0]',         
                                                                  'g_theta_inter[91][0]',         
                                                                  'g_theta_inter[92][0]',         
                                                                  'g_theta_inter[93][0]',         
                                                                  'g_theta_inter[94][0]',         
                                                                  'g_theta_inter[95][0]',         
                                                                  'g_theta_inter[96][0]',         
                                                                  'g_theta_inter[97][0]',         
                                                                  'g_theta_inter[98][0]',         
                                                                  'g_theta_inter[99][0]',         
                                                                  'g_theta_inter[100][0]',        
                                                                  'g_theta_inter[101][0]',        
                                                                  'g_theta_inter[102][0]',        
                                                                  'g_theta_inter[103][0]',        
                                                                  'g_theta_inter[104][0]',        
                                                                  'g_theta_inter[105][0]',        
                                                                  'g_theta_inter[106][0]',        
                                                                  'g_theta_inter[107][0]',        
                                                                  'g_theta_inter[108][0]',        
                                                                  'g_theta_inter[109][0]',        
                                                                  'g_theta_inter[110][0]',        
                                                                  'g_theta_inter[111][0]',        
                                                                  'g_theta_inter[112][0]',        
                                                                  'g_theta_inter[113][0]',        
                                                                  'g_theta_inter[114][0]',        
                                                                  'g_theta_inter[115][0]',        
                                                                  'g_theta_inter[116][0]',        
                                                                  'g_theta_inter[117][0]',        
                                                                  'g_theta_inter[118][0]',        
                                                                  'g_theta_inter[119][0]',        
                                                                  'g_theta_inter[120][0]',        
                                                                  'g_theta_inter[121][0]',        
                                                                  'g_theta_inter[122][0]',        
                                                                  'g_theta_inter[123][0]',        
                                                                  'g_theta_inter[124][0]',        
                                                                  'g_theta_inter[125][0]',        
                                                                  'g_theta_inter[126][0]',        
                                                                  'g_theta_inter[127][0]',        
                                                                  'g_theta_inter[128][0]',        
                                                                  'g_theta_inter[129][0]',        
                                                                  'g_theta_inter[130][0]',        
                                                                  'g_theta_inter[131][0]',        
                                                                  'g_theta_inter[132][0]',        
                                                                  'g_theta_inter[133][0]',        
                                                                  'g_theta_inter[134][0]',        
                                                                  'g_theta_inter[135][0]',        
                                                                  'g_theta_inter[136][0]',        
                                                                  'g_theta_inter[137][0]',        
                                                                  'g_theta_inter[138][0]',        
                                                                  'g_theta_inter[139][0]',        
                                                                  'g_theta_inter[140][0]',        
                                                                  'g_theta_inter[141][0]',        
                                                                  'g_theta_inter[142][0]',        
                                                                  'g_theta_inter[143][0]',        
                                                                  'g_theta_inter[144][0]',        
                                                                  'g_theta_inter[145][0]',        
                                                                  'g_theta_inter[146][0]',        
                                                                  'g_theta_inter[147][0]',        
                                                                  'g_theta_inter[148][0]',        
                                                                  'g_theta_inter[149][0]',        
                                                                  'g_theta_inter[150][0]',        
                                                                  'g_theta_inter[151][0]',        
                                                                  'g_theta_inter[152][0]',        
                                                                  'g_theta_inter[153][0]',        
                                                                  'g_theta_inter[154][0]',        
                                                                  'g_theta_inter[155][0]',        
                                                                  'g_theta_inter[156][0]',        
                                                                  'g_theta_inter[157][0]',        
                                                                  'g_theta_inter[158][0]',        
                                                                  'g_theta_inter[159][0]',        
                                                                  'g_theta_inter[160][0]',        
                                                                  'g_theta_inter[161][0]',        
                                                                  'g_theta_inter[162][0]',        
                                                                  'g_theta_inter[163][0]',        
                                                                  'g_theta_inter[164][0]',        
                                                                  'g_theta_inter[165][0]',        
                                                                  'g_theta_inter[166][0]',        
                                                                  'g_theta_inter[167][0]',        
                                                                  'g_theta_inter[168][0]',        
                                                                  'g_theta_inter[169][0]',        
                                                                  'g_theta_inter[170][0]',        
                                                                  'g_theta_inter[171][0]',        
                                                                  'g_theta_inter[172][0]',        
                                                                  'g_theta_inter[173][0]',        
                                                                  'g_theta_inter[174][0]',        
                                                                  'g_theta_inter[175][0]',        
                                                                  'g_theta_inter[176][0]',        
                                                                  'g_theta_inter[177][0]',        
                                                                  'g_theta_inter[178][0]',        
                                                                  'g_theta_inter[179][0]',        
                                                                  'g_theta_inter[180][0]',        
                                                                  'g_theta_inter[181][0]',        
                                                                  'g_theta_inter[182][0]',        
                                                                  'g_theta_inter[183][0]',        
                                                                  'g_theta_inter[184][0]',        
                                                                  'g_theta_inter[185][0]',        
                                                                  'g_theta_inter[186][0]',        
                                                                  'g_theta_inter[187][0]',        
                                                                  'g_theta_inter[188][0]',        
                                                                  'g_theta_inter[189][0]',        
                                                                  'g_theta_inter[190][0]',        
                                                                  'g_theta_inter[191][0]',        
                                                                  'g_theta_inter[192][0]',        
                                                                  'g_theta_inter[193][0]',        
                                                                  'g_theta_inter[194][0]',        
                                                                  'g_theta_inter[195][0]',        
                                                                  'g_theta_inter[196][0]',        
                                                                  'g_theta_inter[197][0]',        
                                                                  'g_theta_inter[198][0]',        
                                                                  'g_theta_inter[199][0]',        
                                                                  'g_theta_inter[200][0]',        
                                                                  'g_theta_inter[201][0]',        
                                                                  'g_theta_inter[202][0]',        
                                                                  'g_theta_inter[203][0]',        
                                                                  'g_theta_inter[204][0]',        
                                                                  'g_theta_inter[205][0]',        
                                                                  'g_theta_inter[206][0]',        
                                                                  'g_theta_inter[207][0]',        
                                                                  'g_theta_inter[208][0]',        
                                                                  'g_theta_inter[209][0]',        
                                                                  'g_theta_inter[210][0]',        
                                                                  'g_theta_inter[211][0]',        
                                                                  'g_theta_inter[212][0]',        
                                                                  'g_theta_inter[213][0]',        
                                                                  'g_theta_inter[214][0]',        
                                                                  'g_theta_inter[215][0]',        
                                                                  'g_theta_inter[216][0]',        
                                                                  'g_theta_inter[217][0]',        
                                                                  'g_theta_inter[218][0]',        
                                                                  'g_theta_inter[219][0]',        
                                                                  'g_theta_inter[220][0]',        
                                                                  'g_theta_inter[221][0]',        
                                                                  'g_theta_inter[222][0]',        
                                                                  'g_theta_inter[223][0]',        
                                                                  'g_theta_inter[224][0]',        
                                                                  'g_theta_inter[225][0]',        
                                                                  'g_theta_inter[226][0]',        
                                                                  'g_theta_inter[227][0]',        
                                                                  'g_theta_inter[228][0]',        
                                                                  'g_theta_inter[229][0]',        
                                                                  'g_theta_inter[230][0]',        
                                                                  'g_theta_inter[231][0]',        
                                                                  'g_theta_inter[232][0]',        
                                                                  'g_theta_inter[233][0]',        
                                                                  'g_theta_inter[234][0]',        
                                                                  'g_theta_inter[235][0]',        
                                                                  'g_theta_inter[236][0]',        
                                                                  'g_theta_inter[237][0]',        
                                                                  'g_theta_inter[238][0]',        
                                                                  'g_theta_inter[239][0]',        
                                                                  'g_theta_inter[240][0]',        
                                                                  'g_theta_inter[241][0]',        
                                                                  'g_theta_inter[242][0]',        
                                                                  'g_theta_inter[243][0]',        
                                                                  'g_theta_inter[244][0]',        
                                                                  'g_theta_inter[245][0]',        
                                                                  'g_theta_inter[246][0]',        
                                                                  'g_theta_inter[247][0]',        
                                                                  'g_theta_inter[248][0]',        
                                                                  'g_theta_inter[249][0]',        
                                                                  'g_theta_inter[250][0]',        
                                                                  'g_theta_inter[251][0]',        
                                                                  'g_theta_inter[252][0]',        
                                                                  'g_theta_inter[253][0]',        
                                                                  'g_theta_inter[254][0]',        
                                                                  'g_theta_inter[255][0]',        
                                                                  'g_theta_inter[256][0]',        
                                                                  'g_theta_inter[257][0]',        
                                                                  'g_theta_inter[258][0]',        
                                                                  'g_theta_inter[259][0]',        
                                                                  'g_theta_inter[260][0]',        
                                                                  'g_theta_inter[261][0]',        
                                                                  'g_theta_inter[262][0]',        
                                                                  'g_theta_inter[263][0]',        
                                                                  'g_theta_inter[264][0]',        
                                                                  'g_theta_inter[265][0]',        
                                                                  'g_theta_inter[266][0]',        
                                                                  'g_theta_inter[267][0]',        
                                                                  'g_theta_inter[268][0]',        
                                                                  'g_theta_inter[269][0]',        
                                                                  'g_theta_inter[270][0]',        
                                                                  'g_theta_inter[271][0]',        
                                                                  'g_theta_inter[272][0]',        
                                                                  'g_theta_inter[273][0]',        
                                                                  'g_theta_inter[274][0]',        
                                                                  'g_theta_inter[275][0]',        
                                                                  'g_theta_inter[276][0]',        
                                                                  'g_theta_inter[277][0]',        
                                                                  'g_theta_inter[278][0]',        
                                                                  'g_theta_inter[279][0]',        
                                                                  'g_theta_inter[280][0]',        
                                                                  'g_theta_inter[281][0]',        
                                                                  'g_theta_inter[282][0]',        
                                                                  'g_theta_inter[283][0]',        
                                                                  'g_theta_inter[284][0]',        
                                                                  'g_theta_inter[285][0]',        
                                                                  'g_theta_inter[286][0]',        
                                                                  'g_theta_inter[287][0]',        
                                                                  'g_theta_inter[288][0]',        
                                                                  'g_theta_inter[289][0]',        
                                                                  'g_theta_inter[290][0]',        
                                                                  'g_theta_inter[291][0]',        
                                                                  'g_theta_inter[292][0]',        
                                                                  'g_theta_inter[293][0]',        
                                                                  'g_theta_inter[294][0]',        
                                                                  'g_theta_inter[295][0]',        
                                                                  'g_theta_inter[296][0]',        
                                                                  'g_theta_inter[297][0]',        
                                                                  'g_theta_inter[298][0]',        
                                                                  'g_theta_inter[299][0]',        
                                                                  'g_theta_inter[300][0]',        
                                                                  'g_theta_inter[301][0]',        
                                                                  'g_theta_inter[302][0]',        
                                                                  'g_theta_inter[303][0]',        
                                                                  'g_theta_inter[304][0]',        
                                                                  'g_theta_inter[305][0]',        
                                                                  'g_theta_inter[306][0]',        
                                                                  'g_theta_inter[307][0]',        
                                                                  'g_theta_inter[308][0]',        
                                                                  'g_theta_inter[309][0]',        
                                                                  'g_theta_inter[310][0]',        
                                                                  'g_theta_inter[311][0]',        
                                                                  'g_theta_inter[312][0]',        
                                                                  'g_theta_inter[313][0]',        
                                                                  'g_theta_inter[314][0]',        
                                                                  'g_theta_inter[315][0]',        
                                                                  'g_theta_inter[316][0]',        
                                                                  'g_theta_inter[317][0]',        
                                                                  'g_theta_inter[318][0]',        
                                                                  'g_theta_inter[319][0]',        
                                                                  'g_theta_inter[320][0]',        
                                                                  'g_theta_inter[321][0]',        
                                                                  'g_theta_inter[322][0]',        
                                                                  'g_theta_inter[323][0]',        
                                                                  'g_theta_inter[324][0]',        
                                                                  'g_theta_inter[325][0]',        
                                                                  'g_theta_inter[326][0]',        
                                                                  'g_theta_inter[327][0]',        
                                                                  'g_theta_inter[328][0]',        
                                                                  'g_theta_inter[329][0]',        
                                                                  'g_theta_inter[330][0]',        
                                                                  'g_theta_inter[331][0]',        
                                                                  'g_theta_inter[332][0]',        
                                                                  'g_theta_inter[333][0]',        
                                                                  'g_theta_inter[334][0]',        
                                                                  'g_theta_inter[335][0]',        
                                                                  'g_theta_inter[336][0]',        
                                                                  'g_theta_inter[337][0]',        
                                                                  'g_theta_inter[338][0]',        
                                                                  'g_theta_inter[339][0]',        
                                                                  'g_theta_inter[340][0]',        
                                                                  'g_theta_inter[341][0]',        
                                                                  'g_theta_inter[342][0]',        
                                                                  'g_theta_inter[343][0]',        
                                                                  'g_theta_inter[344][0]',        
                                                                  'g_theta_inter[345][0]',        
                                                                  'g_theta_inter[346][0]',        
                                                                  'g_theta_inter[347][0]',        
                                                                  'g_theta_inter[348][0]',        
                                                                  'g_theta_inter[349][0]',        
                                                                  'g_theta_inter[350][0]',        
                                                                  'g_theta_inter[351][0]',        
                                                                  'g_theta_inter[352][0]',        
                                                                  'g_theta_inter[353][0]',        
                                                                  'g_theta_inter[354][0]',        
                                                                  'g_theta_inter[355][0]',        
                                                                  'g_theta_inter[356][0]',        
                                                                  'g_theta_inter[357][0]',        
                                                                  'g_theta_inter[358][0]',        
                                                                  'g_theta_inter[359][0]',        
                                                                  'g_theta_inter[360][0]',        
                                                                  'g_theta_inter[361][0]',        
                                                                  'g_theta_inter[362][0]',        
                                                                  'g_theta_inter[363][0]',        
                                                                  'g_theta_inter[364][0]',        
                                                                  'g_theta_inter[365][0]',        
                                                                  'g_theta_inter[366][0]',        
                                                                  'g_theta_inter[367][0]',        
                                                                  'g_theta_inter[368][0]',        
                                                                  'g_theta_inter[369][0]',        
                                                                  'g_theta_inter[370][0]',        
                                                                  'g_theta_inter[371][0]',        
                                                                  'g_theta_inter[372][0]',        
                                                                  'g_theta_inter[373][0]',        
                                                                  'g_theta_inter[374][0]',        
                                                                  'g_theta_inter[375][0]',        
                                                                  'g_theta_inter[376][0]',        
                                                                  'g_theta_inter[377][0]',        
                                                                  'g_theta_inter[378][0]',        
                                                                  'g_theta_inter[379][0]',        
                                                                  'g_theta_inter[380][0]',        
                                                                  'g_theta_inter[381][0]',        
                                                                  'g_theta_inter[382][0]',        
                                                                  'g_theta_inter[383][0]',        
                                                                  'g_theta_inter[384][0]',        
                                                                  'g_theta_inter[385][0]',        
                                                                  'g_theta_inter[386][0]',        
                                                                  'g_theta_inter[387][0]',        
                                                                  'g_theta_inter[388][0]',        
                                                                  'g_theta_inter[389][0]',        
                                                                  'g_theta_inter[390][0]',        
                                                                  'g_theta_inter[391][0]',        
                                                                  'g_theta_inter[392][0]',        
                                                                  'g_theta_inter[393][0]',        
                                                                  'g_theta_inter[394][0]',        
                                                                  'g_theta_inter[395][0]',        
                                                                  'g_theta_inter[396][0]',        
                                                                  'g_theta_inter[397][0]',        
                                                                  'g_theta_inter[398][0]',        
                                                                  'g_theta_inter[399][0]',        
                                                                  'g_theta_inter[400][0]',        
                                                                  'g_theta_inter[401][0]',        
                                                                  'g_theta_inter[402][0]',        
                                                                  'g_theta_inter[403][0]',        
                                                                  'g_theta_inter[404][0]',        
                                                                  'g_theta_inter[405][0]',        
                                                                  'g_theta_inter[406][0]',        
                                                                  'g_theta_inter[407][0]',        
                                                                  'g_theta_inter[408][0]',        
                                                                  'g_theta_inter[409][0]',        
                                                                  'g_theta_inter[410][0]',        
                                                                  'g_theta_inter[411][0]',        
                                                                  'g_theta_inter[412][0]',        
                                                                  'g_theta_inter[413][0]',        
                                                                  'g_theta_inter[414][0]',        
                                                                  'g_theta_inter[415][0]',        
                                                                  'g_theta_inter[416][0]',        
                                                                  'g_theta_inter[417][0]',        
                                                                  'g_theta_inter[418][0]',        
                                                                  'g_theta_inter[419][0]',        
                                                                  'g_theta_inter[420][0]',        
                                                                  'g_theta_inter[421][0]',        
                                                                  'g_theta_inter[422][0]',        
                                                                  'g_theta_inter[423][0]',        
                                                                  'g_theta_inter[424][0]',        
                                                                  'g_theta_inter[425][0]',        
                                                                  'g_theta_inter[426][0]',        
                                                                  'g_theta_inter[427][0]',        
                                                                  'g_theta_inter[428][0]',        
                                                                  'g_theta_inter[429][0]',        
                                                                  'g_theta_inter[430][0]',        
                                                                  'g_theta_inter[431][0]',        
                                                                  'g_theta_inter[432][0]',        
                                                                  'g_theta_inter[433][0]',        
                                                                  'g_theta_inter[434][0]',        
                                                                  'g_theta_inter[435][0]',        
                                                                  'g_theta_inter[436][0]',        
                                                                  'g_theta_inter[437][0]',        
                                                                  'g_theta_inter[438][0]',        
                                                                  'g_theta_inter[439][0]',        
                                                                  'g_theta_inter[440][0]',        
                                                                  'g_theta_inter[441][0]',        
                                                                  'g_theta_inter[442][0]',        
                                                                  'g_theta_inter[443][0]',        
                                                                  'g_theta_inter[444][0]',        
                                                                  'g_theta_inter[445][0]',        
                                                                  'g_theta_inter[446][0]',        
                                                                  'g_theta_inter[447][0]',        
                                                                  'g_theta_inter[448][0]',        
                                                                  'g_theta_inter[449][0]']        
                                                                                                  
 dropout (Dropout)              (None, 500)          0           ['average[0][0]']                
                                                                                                  
 f_phi_fc1 (Dense)              (None, 500)          250500      ['dropout[0][0]']                
                                                                                                  
 f_phi_fc2 (Dense)              (None, 100)          50100       ['f_phi_fc1[0][0]']              
                                                                                                  
 f_phi_fc3 (Dense)              (None, 100)          10100       ['f_phi_fc2[0][0]']              
                                                                                                  
 softmax (Dense)                (None, 60)           6060        ['f_phi_fc3[0][0]']              
                                                                                                  
==================================================================================================
Total params: 3,079,260
Trainable params: 3,079,260
Non-trainable params: 0
__________________________________________________________________________________________________
WARNING:tensorflow:`period` argument is deprecated. Please use `save_freq` to specify the frequency in number of batches seen.
WARNING:tensorflow:`batch_size` is no longer needed in the `TensorBoard` Callback and will be ignored in TensorFlow 2.0.
WARNING:tensorflow:`period` argument is deprecated. Please use `save_freq` to specify the frequency in number of batches seen.
Compiling model...
Starting training...
Epoch 1/200
2024-08-15 09:46:33.353622: I tensorflow/stream_executor/cuda/cuda_blas.cc:1786] TensorFloat-32 will be used for the matrix multiplication. This will only be logged once.
2024-08-15 09:49:58.265844: W tensorflow/core/framework/cpu_allocator_impl.cc:82] Allocation of 62160000 exceeds 10% of free system memory.
2024-08-15 09:49:58.296556: W tensorflow/core/framework/cpu_allocator_impl.cc:82] Allocation of 240000000 exceeds 10% of free system memory.
2024-08-15 09:49:58.335203: W tensorflow/core/framework/cpu_allocator_impl.cc:82] Allocation of 240000000 exceeds 10% of free system memory.
2024-08-15 09:49:58.370025: W tensorflow/core/framework/cpu_allocator_impl.cc:82] Allocation of 120000000 exceeds 10% of free system memory.
2024-08-15 09:49:58.389362: W tensorflow/core/framework/cpu_allocator_impl.cc:82] Allocation of 60000000 exceeds 10% of free system memory.
324/324 - 227s - loss: 2.0471 - accuracy: 0.3192 - recall_m: 0.1299 - precision_m: 0.7859 - f1_m: 0.2159 - val_loss: 1.5023 - val_accuracy: 0.4611 - val_recall_m: 0.2555 - val_precision_m: 0.7951 - val_f1_m: 0.3833 - 227s/epoch - 700ms/step
Epoch 2/200
324/324 - 186s - loss: 1.4325 - accuracy: 0.4864 - recall_m: 0.2803 - precision_m: 0.8154 - f1_m: 0.4141 - val_loss: 1.3449 - val_accuracy: 0.5334 - val_recall_m: 0.2986 - val_precision_m: 0.8264 - val_f1_m: 0.4358 - 186s/epoch - 574ms/step
Epoch 3/200
324/324 - 186s - loss: 1.3168 - accuracy: 0.5232 - recall_m: 0.3186 - precision_m: 0.8175 - f1_m: 0.4555 - val_loss: 1.2966 - val_accuracy: 0.5403 - val_recall_m: 0.3090 - val_precision_m: 0.8057 - val_f1_m: 0.4440 - 186s/epoch - 575ms/step
Epoch 4/200
324/324 - 186s - loss: 1.2425 - accuracy: 0.5487 - recall_m: 0.3430 - precision_m: 0.8112 - f1_m: 0.4796 - val_loss: 1.2280 - val_accuracy: 0.5564 - val_recall_m: 0.3867 - val_precision_m: 0.7731 - val_f1_m: 0.5131 - 186s/epoch - 575ms/step
Epoch 5/200
324/324 - 186s - loss: 1.1763 - accuracy: 0.5781 - recall_m: 0.3754 - precision_m: 0.8101 - f1_m: 0.5106 - val_loss: 1.1699 - val_accuracy: 0.5871 - val_recall_m: 0.4435 - val_precision_m: 0.7565 - val_f1_m: 0.5573 - 186s/epoch - 574ms/step
Epoch 6/200
324/324 - 185s - loss: 1.1163 - accuracy: 0.6012 - recall_m: 0.4107 - precision_m: 0.8042 - f1_m: 0.5411 - val_loss: 1.1225 - val_accuracy: 0.6122 - val_recall_m: 0.4386 - val_precision_m: 0.7827 - val_f1_m: 0.5591 - 185s/epoch - 572ms/step
Epoch 7/200
324/324 - 186s - loss: 1.0564 - accuracy: 0.6238 - recall_m: 0.4500 - precision_m: 0.8113 - f1_m: 0.5771 - val_loss: 1.0784 - val_accuracy: 0.6311 - val_recall_m: 0.4758 - val_precision_m: 0.7821 - val_f1_m: 0.5897 - 186s/epoch - 573ms/step
Epoch 8/200
324/324 - 187s - loss: 1.0138 - accuracy: 0.6387 - recall_m: 0.4817 - precision_m: 0.8110 - f1_m: 0.6026 - val_loss: 1.0425 - val_accuracy: 0.6399 - val_recall_m: 0.4767 - val_precision_m: 0.8007 - val_f1_m: 0.5949 - 187s/epoch - 577ms/step
Epoch 9/200
324/324 - 186s - loss: 0.9654 - accuracy: 0.6573 - recall_m: 0.5056 - precision_m: 0.8190 - f1_m: 0.6235 - val_loss: 0.9822 - val_accuracy: 0.6668 - val_recall_m: 0.5221 - val_precision_m: 0.8210 - val_f1_m: 0.6360 - 186s/epoch - 573ms/step
Epoch 10/200
324/324 - 186s - loss: 0.9347 - accuracy: 0.6725 - recall_m: 0.5302 - precision_m: 0.8171 - f1_m: 0.6416 - val_loss: 0.9895 - val_accuracy: 0.6775 - val_recall_m: 0.5261 - val_precision_m: 0.8231 - val_f1_m: 0.6390 - 186s/epoch - 573ms/step
Epoch 11/200
324/324 - 187s - loss: 0.8940 - accuracy: 0.6844 - recall_m: 0.5560 - precision_m: 0.8228 - f1_m: 0.6622 - val_loss: 0.9773 - val_accuracy: 0.6766 - val_recall_m: 0.5425 - val_precision_m: 0.8207 - val_f1_m: 0.6510 - 187s/epoch - 577ms/step
Epoch 12/200
324/324 - 187s - loss: 0.8613 - accuracy: 0.6977 - recall_m: 0.5768 - precision_m: 0.8294 - f1_m: 0.6792 - val_loss: 0.9791 - val_accuracy: 0.6687 - val_recall_m: 0.5353 - val_precision_m: 0.7959 - val_f1_m: 0.6377 - 187s/epoch - 576ms/step
Epoch 13/200
324/324 - 186s - loss: 0.8294 - accuracy: 0.7083 - recall_m: 0.5945 - precision_m: 0.8275 - f1_m: 0.6907 - val_loss: 0.8836 - val_accuracy: 0.7053 - val_recall_m: 0.6117 - val_precision_m: 0.8111 - val_f1_m: 0.6955 - 186s/epoch - 575ms/step
Epoch 14/200
324/324 - 187s - loss: 0.7936 - accuracy: 0.7192 - recall_m: 0.6185 - precision_m: 0.8390 - f1_m: 0.7110 - val_loss: 0.8538 - val_accuracy: 0.7160 - val_recall_m: 0.6306 - val_precision_m: 0.8162 - val_f1_m: 0.7096 - 187s/epoch - 576ms/step
Epoch 15/200
324/324 - 186s - loss: 0.7673 - accuracy: 0.7324 - recall_m: 0.6351 - precision_m: 0.8392 - f1_m: 0.7220 - val_loss: 0.8579 - val_accuracy: 0.7154 - val_recall_m: 0.6245 - val_precision_m: 0.8146 - val_f1_m: 0.7052 - 186s/epoch - 573ms/step
Epoch 16/200
324/324 - 186s - loss: 0.7543 - accuracy: 0.7333 - recall_m: 0.6382 - precision_m: 0.8375 - f1_m: 0.7234 - val_loss: 0.8216 - val_accuracy: 0.7346 - val_recall_m: 0.6425 - val_precision_m: 0.8289 - val_f1_m: 0.7221 - 186s/epoch - 574ms/step
Epoch 17/200
324/324 - 186s - loss: 0.7201 - accuracy: 0.7481 - recall_m: 0.6618 - precision_m: 0.8453 - f1_m: 0.7417 - val_loss: 0.7917 - val_accuracy: 0.7421 - val_recall_m: 0.6820 - val_precision_m: 0.8161 - val_f1_m: 0.7418 - 186s/epoch - 574ms/step
Epoch 18/200
324/324 - 186s - loss: 0.6968 - accuracy: 0.7553 - recall_m: 0.6747 - precision_m: 0.8467 - f1_m: 0.7502 - val_loss: 0.8014 - val_accuracy: 0.7390 - val_recall_m: 0.6712 - val_precision_m: 0.8166 - val_f1_m: 0.7353 - 186s/epoch - 574ms/step
Epoch 19/200
324/324 - 186s - loss: 0.6831 - accuracy: 0.7609 - recall_m: 0.6806 - precision_m: 0.8452 - f1_m: 0.7534 - val_loss: 0.8326 - val_accuracy: 0.7305 - val_recall_m: 0.6627 - val_precision_m: 0.8070 - val_f1_m: 0.7264 - 186s/epoch - 574ms/step
Epoch 20/200
324/324 - 186s - loss: 0.6570 - accuracy: 0.7701 - recall_m: 0.6994 - precision_m: 0.8522 - f1_m: 0.7676 - val_loss: 0.7610 - val_accuracy: 0.7503 - val_recall_m: 0.6903 - val_precision_m: 0.8194 - val_f1_m: 0.7483 - 186s/epoch - 575ms/step
Epoch 21/200
324/324 - 186s - loss: 0.6418 - accuracy: 0.7723 - recall_m: 0.7030 - precision_m: 0.8543 - f1_m: 0.7706 - val_loss: 0.7566 - val_accuracy: 0.7580 - val_recall_m: 0.6927 - val_precision_m: 0.8316 - val_f1_m: 0.7539 - 186s/epoch - 574ms/step
Epoch 22/200
324/324 - 186s - loss: 0.6253 - accuracy: 0.7832 - recall_m: 0.7124 - precision_m: 0.8562 - f1_m: 0.7769 - val_loss: 0.7504 - val_accuracy: 0.7580 - val_recall_m: 0.6926 - val_precision_m: 0.8328 - val_f1_m: 0.7542 - 186s/epoch - 573ms/step
Epoch 23/200
324/324 - 186s - loss: 0.6164 - accuracy: 0.7829 - recall_m: 0.7165 - precision_m: 0.8554 - f1_m: 0.7791 - val_loss: 0.7311 - val_accuracy: 0.7699 - val_recall_m: 0.7157 - val_precision_m: 0.8327 - val_f1_m: 0.7685 - 186s/epoch - 573ms/step
Epoch 24/200
324/324 - 186s - loss: 0.6014 - accuracy: 0.7897 - recall_m: 0.7251 - precision_m: 0.8580 - f1_m: 0.7853 - val_loss: 0.7445 - val_accuracy: 0.7600 - val_recall_m: 0.7064 - val_precision_m: 0.8196 - val_f1_m: 0.7575 - 186s/epoch - 575ms/step
Epoch 25/200
324/324 - 186s - loss: 0.5847 - accuracy: 0.7934 - recall_m: 0.7339 - precision_m: 0.8606 - f1_m: 0.7916 - val_loss: 0.7593 - val_accuracy: 0.7534 - val_recall_m: 0.6961 - val_precision_m: 0.8265 - val_f1_m: 0.7537 - 186s/epoch - 575ms/step
Epoch 26/200
324/324 - 187s - loss: 0.5784 - accuracy: 0.7976 - recall_m: 0.7356 - precision_m: 0.8634 - f1_m: 0.7938 - val_loss: 0.7239 - val_accuracy: 0.7663 - val_recall_m: 0.7167 - val_precision_m: 0.8227 - val_f1_m: 0.7648 - 187s/epoch - 577ms/step
Epoch 27/200
324/324 - 185s - loss: 0.5661 - accuracy: 0.8003 - recall_m: 0.7439 - precision_m: 0.8652 - f1_m: 0.7994 - val_loss: 0.6962 - val_accuracy: 0.7798 - val_recall_m: 0.7305 - val_precision_m: 0.8383 - val_f1_m: 0.7794 - 185s/epoch - 572ms/step
Epoch 28/200
324/324 - 186s - loss: 0.5558 - accuracy: 0.8013 - recall_m: 0.7433 - precision_m: 0.8617 - f1_m: 0.7976 - val_loss: 0.7024 - val_accuracy: 0.7761 - val_recall_m: 0.7248 - val_precision_m: 0.8366 - val_f1_m: 0.7748 - 186s/epoch - 574ms/step
Epoch 29/200
324/324 - 186s - loss: 0.5392 - accuracy: 0.8073 - recall_m: 0.7548 - precision_m: 0.8684 - f1_m: 0.8071 - val_loss: 0.7058 - val_accuracy: 0.7780 - val_recall_m: 0.7281 - val_precision_m: 0.8352 - val_f1_m: 0.7767 - 186s/epoch - 575ms/step
Epoch 30/200
324/324 - 186s - loss: 0.5283 - accuracy: 0.8123 - recall_m: 0.7599 - precision_m: 0.8715 - f1_m: 0.8114 - val_loss: 0.7312 - val_accuracy: 0.7687 - val_recall_m: 0.7182 - val_precision_m: 0.8299 - val_f1_m: 0.7684 - 186s/epoch - 574ms/step
Epoch 31/200
324/324 - 187s - loss: 0.5251 - accuracy: 0.8152 - recall_m: 0.7633 - precision_m: 0.8736 - f1_m: 0.8142 - val_loss: 0.7225 - val_accuracy: 0.7671 - val_recall_m: 0.7241 - val_precision_m: 0.8204 - val_f1_m: 0.7680 - 187s/epoch - 577ms/step
Epoch 32/200
324/324 - 186s - loss: 0.5154 - accuracy: 0.8177 - recall_m: 0.7688 - precision_m: 0.8744 - f1_m: 0.8177 - val_loss: 0.7133 - val_accuracy: 0.7753 - val_recall_m: 0.7275 - val_precision_m: 0.8352 - val_f1_m: 0.7761 - 186s/epoch - 575ms/step
Epoch 33/200
324/324 - 186s - loss: 0.4948 - accuracy: 0.8244 - recall_m: 0.7793 - precision_m: 0.8780 - f1_m: 0.8253 - val_loss: 0.6932 - val_accuracy: 0.7811 - val_recall_m: 0.7394 - val_precision_m: 0.8370 - val_f1_m: 0.7835 - 186s/epoch - 575ms/step
Epoch 34/200
324/324 - 186s - loss: 0.4814 - accuracy: 0.8276 - recall_m: 0.7838 - precision_m: 0.8780 - f1_m: 0.8278 - val_loss: 0.6999 - val_accuracy: 0.7800 - val_recall_m: 0.7376 - val_precision_m: 0.8298 - val_f1_m: 0.7798 - 186s/epoch - 574ms/step
Epoch 35/200
324/324 - 185s - loss: 0.4836 - accuracy: 0.8280 - recall_m: 0.7833 - precision_m: 0.8795 - f1_m: 0.8282 - val_loss: 0.7472 - val_accuracy: 0.7657 - val_recall_m: 0.7272 - val_precision_m: 0.8089 - val_f1_m: 0.7648 - 185s/epoch - 571ms/step
Epoch 36/200
324/324 - 185s - loss: 0.4700 - accuracy: 0.8353 - recall_m: 0.7889 - precision_m: 0.8826 - f1_m: 0.8327 - val_loss: 0.6830 - val_accuracy: 0.7910 - val_recall_m: 0.7563 - val_precision_m: 0.8389 - val_f1_m: 0.7942 - 185s/epoch - 572ms/step
Epoch 37/200
324/324 - 186s - loss: 0.4621 - accuracy: 0.8331 - recall_m: 0.7923 - precision_m: 0.8806 - f1_m: 0.8337 - val_loss: 0.7257 - val_accuracy: 0.7743 - val_recall_m: 0.7330 - val_precision_m: 0.8304 - val_f1_m: 0.7772 - 186s/epoch - 575ms/step
Epoch 38/200
324/324 - 186s - loss: 0.4578 - accuracy: 0.8360 - recall_m: 0.7960 - precision_m: 0.8836 - f1_m: 0.8371 - val_loss: 0.6809 - val_accuracy: 0.7881 - val_recall_m: 0.7528 - val_precision_m: 0.8384 - val_f1_m: 0.7923 - 186s/epoch - 575ms/step
Epoch 39/200
324/324 - 186s - loss: 0.4536 - accuracy: 0.8393 - recall_m: 0.7972 - precision_m: 0.8843 - f1_m: 0.8381 - val_loss: 0.6909 - val_accuracy: 0.7895 - val_recall_m: 0.7518 - val_precision_m: 0.8333 - val_f1_m: 0.7894 - 186s/epoch - 573ms/step
Epoch 40/200
324/324 - 186s - loss: 0.4420 - accuracy: 0.8428 - recall_m: 0.8044 - precision_m: 0.8901 - f1_m: 0.8447 - val_loss: 0.6859 - val_accuracy: 0.7863 - val_recall_m: 0.7481 - val_precision_m: 0.8356 - val_f1_m: 0.7883 - 186s/epoch - 574ms/step
Epoch 41/200
324/324 - 185s - loss: 0.4279 - accuracy: 0.8479 - recall_m: 0.8125 - precision_m: 0.8922 - f1_m: 0.8502 - val_loss: 0.7476 - val_accuracy: 0.7701 - val_recall_m: 0.7372 - val_precision_m: 0.8199 - val_f1_m: 0.7753 - 185s/epoch - 572ms/step
Epoch 42/200
324/324 - 186s - loss: 0.4222 - accuracy: 0.8498 - recall_m: 0.8121 - precision_m: 0.8931 - f1_m: 0.8502 - val_loss: 0.7037 - val_accuracy: 0.7861 - val_recall_m: 0.7564 - val_precision_m: 0.8293 - val_f1_m: 0.7901 - 186s/epoch - 574ms/step
Epoch 43/200
324/324 - 186s - loss: 0.4150 - accuracy: 0.8519 - recall_m: 0.8168 - precision_m: 0.8951 - f1_m: 0.8538 - val_loss: 0.6868 - val_accuracy: 0.7921 - val_recall_m: 0.7658 - val_precision_m: 0.8361 - val_f1_m: 0.7984 - 186s/epoch - 575ms/step
Epoch 44/200
324/324 - 185s - loss: 0.4213 - accuracy: 0.8490 - recall_m: 0.8140 - precision_m: 0.8913 - f1_m: 0.8505 - val_loss: 0.6910 - val_accuracy: 0.7902 - val_recall_m: 0.7593 - val_precision_m: 0.8286 - val_f1_m: 0.7917 - 185s/epoch - 572ms/step
Epoch 45/200
324/324 - 187s - loss: 0.4065 - accuracy: 0.8550 - recall_m: 0.8192 - precision_m: 0.8939 - f1_m: 0.8545 - val_loss: 0.7002 - val_accuracy: 0.7899 - val_recall_m: 0.7649 - val_precision_m: 0.8240 - val_f1_m: 0.7927 - 187s/epoch - 577ms/step
Epoch 46/200
324/324 - 186s - loss: 0.4024 - accuracy: 0.8541 - recall_m: 0.8203 - precision_m: 0.8949 - f1_m: 0.8557 - val_loss: 0.6713 - val_accuracy: 0.8016 - val_recall_m: 0.7697 - val_precision_m: 0.8445 - val_f1_m: 0.8043 - 186s/epoch - 574ms/step
Epoch 47/200
324/324 - 186s - loss: 0.3938 - accuracy: 0.8595 - recall_m: 0.8263 - precision_m: 0.8961 - f1_m: 0.8595 - val_loss: 0.7129 - val_accuracy: 0.7921 - val_recall_m: 0.7679 - val_precision_m: 0.8282 - val_f1_m: 0.7960 - 186s/epoch - 573ms/step
Epoch 48/200
324/324 - 188s - loss: 0.3969 - accuracy: 0.8587 - recall_m: 0.8254 - precision_m: 0.8975 - f1_m: 0.8596 - val_loss: 0.6934 - val_accuracy: 0.7901 - val_recall_m: 0.7622 - val_precision_m: 0.8326 - val_f1_m: 0.7949 - 188s/epoch - 579ms/step
Epoch 49/200
324/324 - 186s - loss: 0.3798 - accuracy: 0.8664 - recall_m: 0.8334 - precision_m: 0.9024 - f1_m: 0.8662 - val_loss: 0.7071 - val_accuracy: 0.7941 - val_recall_m: 0.7669 - val_precision_m: 0.8317 - val_f1_m: 0.7971 - 186s/epoch - 575ms/step
Epoch 50/200
324/324 - 186s - loss: 0.3796 - accuracy: 0.8611 - recall_m: 0.8299 - precision_m: 0.8992 - f1_m: 0.8629 - val_loss: 0.6824 - val_accuracy: 0.7977 - val_recall_m: 0.7717 - val_precision_m: 0.8329 - val_f1_m: 0.8004 - 186s/epoch - 573ms/step
Epoch 51/200
324/324 - 186s - loss: 0.3717 - accuracy: 0.8653 - recall_m: 0.8347 - precision_m: 0.9008 - f1_m: 0.8663 - val_loss: 0.6789 - val_accuracy: 0.8045 - val_recall_m: 0.7781 - val_precision_m: 0.8395 - val_f1_m: 0.8067 - 186s/epoch - 576ms/step
Epoch 52/200
324/324 - 186s - loss: 0.3682 - accuracy: 0.8683 - recall_m: 0.8385 - precision_m: 0.9029 - f1_m: 0.8693 - val_loss: 0.7213 - val_accuracy: 0.7958 - val_recall_m: 0.7685 - val_precision_m: 0.8334 - val_f1_m: 0.7986 - 186s/epoch - 575ms/step
Epoch 53/200
324/324 - 186s - loss: 0.3575 - accuracy: 0.8700 - recall_m: 0.8433 - precision_m: 0.9064 - f1_m: 0.8734 - val_loss: 0.7017 - val_accuracy: 0.7922 - val_recall_m: 0.7678 - val_precision_m: 0.8278 - val_f1_m: 0.7960 - 186s/epoch - 575ms/step
Epoch 54/200
324/324 - 186s - loss: 0.3595 - accuracy: 0.8709 - recall_m: 0.8401 - precision_m: 0.9051 - f1_m: 0.8711 - val_loss: 0.6951 - val_accuracy: 0.7998 - val_recall_m: 0.7767 - val_precision_m: 0.8325 - val_f1_m: 0.8030 - 186s/epoch - 573ms/step
Epoch 55/200
324/324 - 186s - loss: 0.3621 - accuracy: 0.8713 - recall_m: 0.8423 - precision_m: 0.9026 - f1_m: 0.8712 - val_loss: 0.7217 - val_accuracy: 0.7844 - val_recall_m: 0.7561 - val_precision_m: 0.8256 - val_f1_m: 0.7885 - 186s/epoch - 574ms/step
Epoch 56/200
324/324 - 187s - loss: 0.3451 - accuracy: 0.8781 - recall_m: 0.8505 - precision_m: 0.9103 - f1_m: 0.8791 - val_loss: 0.7062 - val_accuracy: 0.7928 - val_recall_m: 0.7659 - val_precision_m: 0.8276 - val_f1_m: 0.7947 - 187s/epoch - 576ms/step
Epoch 57/200
324/324 - 186s - loss: 0.3343 - accuracy: 0.8809 - recall_m: 0.8539 - precision_m: 0.9110 - f1_m: 0.8813 - val_loss: 0.6897 - val_accuracy: 0.8005 - val_recall_m: 0.7765 - val_precision_m: 0.8382 - val_f1_m: 0.8052 - 186s/epoch - 574ms/step
Epoch 58/200
324/324 - 186s - loss: 0.3399 - accuracy: 0.8747 - recall_m: 0.8476 - precision_m: 0.9074 - f1_m: 0.8762 - val_loss: 0.6787 - val_accuracy: 0.8013 - val_recall_m: 0.7788 - val_precision_m: 0.8331 - val_f1_m: 0.8044 - 186s/epoch - 575ms/step
Epoch 59/200
324/324 - 186s - loss: 0.3274 - accuracy: 0.8832 - recall_m: 0.8548 - precision_m: 0.9116 - f1_m: 0.8821 - val_loss: 0.7631 - val_accuracy: 0.7853 - val_recall_m: 0.7631 - val_precision_m: 0.8132 - val_f1_m: 0.7866 - 186s/epoch - 573ms/step
Epoch 60/200
324/324 - 186s - loss: 0.3274 - accuracy: 0.8843 - recall_m: 0.8577 - precision_m: 0.9130 - f1_m: 0.8842 - val_loss: 0.7321 - val_accuracy: 0.7941 - val_recall_m: 0.7735 - val_precision_m: 0.8295 - val_f1_m: 0.7997 - 186s/epoch - 574ms/step
Epoch 61/200
324/324 - 186s - loss: 0.3232 - accuracy: 0.8827 - recall_m: 0.8577 - precision_m: 0.9108 - f1_m: 0.8832 - val_loss: 0.7328 - val_accuracy: 0.7955 - val_recall_m: 0.7767 - val_precision_m: 0.8245 - val_f1_m: 0.7991 - 186s/epoch - 575ms/step
Epoch 62/200
324/324 - 186s - loss: 0.3185 - accuracy: 0.8862 - recall_m: 0.8616 - precision_m: 0.9138 - f1_m: 0.8866 - val_loss: 0.6958 - val_accuracy: 0.8010 - val_recall_m: 0.7779 - val_precision_m: 0.8342 - val_f1_m: 0.8043 - 186s/epoch - 575ms/step
Epoch 63/200
324/324 - 186s - loss: 0.3180 - accuracy: 0.8878 - recall_m: 0.8610 - precision_m: 0.9149 - f1_m: 0.8869 - val_loss: 0.7022 - val_accuracy: 0.8005 - val_recall_m: 0.7767 - val_precision_m: 0.8361 - val_f1_m: 0.8044 - 186s/epoch - 574ms/step
Epoch 64/200
324/324 - 185s - loss: 0.3077 - accuracy: 0.8901 - recall_m: 0.8658 - precision_m: 0.9165 - f1_m: 0.8902 - val_loss: 0.7182 - val_accuracy: 0.8029 - val_recall_m: 0.7848 - val_precision_m: 0.8280 - val_f1_m: 0.8053 - 185s/epoch - 572ms/step
Epoch 65/200
324/324 - 186s - loss: 0.2998 - accuracy: 0.8923 - recall_m: 0.8682 - precision_m: 0.9172 - f1_m: 0.8918 - val_loss: 0.7219 - val_accuracy: 0.8029 - val_recall_m: 0.7831 - val_precision_m: 0.8317 - val_f1_m: 0.8058 - 186s/epoch - 574ms/step
Epoch 66/200
324/324 - 185s - loss: 0.2947 - accuracy: 0.8938 - recall_m: 0.8723 - precision_m: 0.9189 - f1_m: 0.8947 - val_loss: 0.7168 - val_accuracy: 0.7967 - val_recall_m: 0.7790 - val_precision_m: 0.8272 - val_f1_m: 0.8017 - 185s/epoch - 571ms/step
Epoch 67/200
324/324 - 185s - loss: 0.2959 - accuracy: 0.8950 - recall_m: 0.8727 - precision_m: 0.9203 - f1_m: 0.8957 - val_loss: 0.7327 - val_accuracy: 0.7941 - val_recall_m: 0.7766 - val_precision_m: 0.8270 - val_f1_m: 0.8003 - 185s/epoch - 572ms/step
Epoch 68/200
324/324 - 186s - loss: 0.2891 - accuracy: 0.8962 - recall_m: 0.8738 - precision_m: 0.9217 - f1_m: 0.8969 - val_loss: 0.7190 - val_accuracy: 0.8052 - val_recall_m: 0.7865 - val_precision_m: 0.8309 - val_f1_m: 0.8074 - 186s/epoch - 573ms/step
Epoch 69/200
324/324 - 185s - loss: 0.3003 - accuracy: 0.8941 - recall_m: 0.8704 - precision_m: 0.9176 - f1_m: 0.8931 - val_loss: 0.6844 - val_accuracy: 0.8121 - val_recall_m: 0.7888 - val_precision_m: 0.8441 - val_f1_m: 0.8146 - 185s/epoch - 572ms/step
Epoch 70/200
324/324 - 185s - loss: 0.2729 - accuracy: 0.9039 - recall_m: 0.8835 - precision_m: 0.9262 - f1_m: 0.9042 - val_loss: 0.6909 - val_accuracy: 0.8100 - val_recall_m: 0.7917 - val_precision_m: 0.8361 - val_f1_m: 0.8127 - 185s/epoch - 571ms/step
Epoch 71/200
324/324 - 186s - loss: 0.2791 - accuracy: 0.9016 - recall_m: 0.8806 - precision_m: 0.9247 - f1_m: 0.9019 - val_loss: 0.8293 - val_accuracy: 0.7751 - val_recall_m: 0.7560 - val_precision_m: 0.8025 - val_f1_m: 0.7779 - 186s/epoch - 575ms/step
Epoch 72/200
324/324 - 186s - loss: 0.2763 - accuracy: 0.8969 - recall_m: 0.8765 - precision_m: 0.9206 - f1_m: 0.8978 - val_loss: 0.7259 - val_accuracy: 0.8018 - val_recall_m: 0.7800 - val_precision_m: 0.8258 - val_f1_m: 0.8017 - 186s/epoch - 573ms/step
Epoch 73/200
324/324 - 186s - loss: 0.2731 - accuracy: 0.9005 - recall_m: 0.8806 - precision_m: 0.9230 - f1_m: 0.9011 - val_loss: 0.7550 - val_accuracy: 0.8061 - val_recall_m: 0.7901 - val_precision_m: 0.8325 - val_f1_m: 0.8101 - 186s/epoch - 574ms/step
Epoch 74/200
324/324 - 186s - loss: 0.2882 - accuracy: 0.8969 - recall_m: 0.8750 - precision_m: 0.9199 - f1_m: 0.8967 - val_loss: 0.6878 - val_accuracy: 0.8090 - val_recall_m: 0.7897 - val_precision_m: 0.8339 - val_f1_m: 0.8108 - 186s/epoch - 573ms/step
Epoch 75/200
324/324 - 185s - loss: 0.2642 - accuracy: 0.9053 - recall_m: 0.8864 - precision_m: 0.9255 - f1_m: 0.9053 - val_loss: 0.7371 - val_accuracy: 0.8005 - val_recall_m: 0.7816 - val_precision_m: 0.8261 - val_f1_m: 0.8028 - 185s/epoch - 572ms/step
Epoch 76/200
324/324 - 187s - loss: 0.2549 - accuracy: 0.9092 - recall_m: 0.8905 - precision_m: 0.9302 - f1_m: 0.9098 - val_loss: 0.7950 - val_accuracy: 0.7933 - val_recall_m: 0.7745 - val_precision_m: 0.8182 - val_f1_m: 0.7950 - 187s/epoch - 578ms/step
Epoch 77/200
324/324 - 186s - loss: 0.2517 - accuracy: 0.9102 - recall_m: 0.8918 - precision_m: 0.9303 - f1_m: 0.9105 - val_loss: 0.7915 - val_accuracy: 0.7916 - val_recall_m: 0.7764 - val_precision_m: 0.8127 - val_f1_m: 0.7936 - 186s/epoch - 575ms/step
Epoch 78/200
324/324 - 186s - loss: 0.2600 - accuracy: 0.9069 - recall_m: 0.8886 - precision_m: 0.9273 - f1_m: 0.9074 - val_loss: 0.7304 - val_accuracy: 0.8058 - val_recall_m: 0.7889 - val_precision_m: 0.8301 - val_f1_m: 0.8084 - 186s/epoch - 575ms/step
Epoch 79/200
324/324 - 186s - loss: 0.2500 - accuracy: 0.9097 - recall_m: 0.8919 - precision_m: 0.9300 - f1_m: 0.9104 - val_loss: 0.7191 - val_accuracy: 0.8109 - val_recall_m: 0.7956 - val_precision_m: 0.8335 - val_f1_m: 0.8138 - 186s/epoch - 573ms/step
Epoch 80/200
324/324 - 186s - loss: 0.2485 - accuracy: 0.9089 - recall_m: 0.8916 - precision_m: 0.9307 - f1_m: 0.9106 - val_loss: 0.7390 - val_accuracy: 0.8078 - val_recall_m: 0.7932 - val_precision_m: 0.8328 - val_f1_m: 0.8121 - 186s/epoch - 575ms/step
Epoch 81/200
324/324 - 186s - loss: 0.2396 - accuracy: 0.9136 - recall_m: 0.8957 - precision_m: 0.9329 - f1_m: 0.9138 - val_loss: 0.7722 - val_accuracy: 0.8073 - val_recall_m: 0.7915 - val_precision_m: 0.8276 - val_f1_m: 0.8085 - 186s/epoch - 575ms/step
Epoch 82/200
324/324 - 186s - loss: 0.2438 - accuracy: 0.9122 - recall_m: 0.8954 - precision_m: 0.9309 - f1_m: 0.9127 - val_loss: 0.7823 - val_accuracy: 0.8006 - val_recall_m: 0.7786 - val_precision_m: 0.8269 - val_f1_m: 0.8014 - 186s/epoch - 575ms/step
Epoch 83/200
324/324 - 186s - loss: 0.2499 - accuracy: 0.9109 - recall_m: 0.8924 - precision_m: 0.9302 - f1_m: 0.9108 - val_loss: 0.7505 - val_accuracy: 0.8059 - val_recall_m: 0.7887 - val_precision_m: 0.8284 - val_f1_m: 0.8075 - 186s/epoch - 575ms/step
Epoch 84/200
324/324 - 186s - loss: 0.2381 - accuracy: 0.9140 - recall_m: 0.8972 - precision_m: 0.9333 - f1_m: 0.9148 - val_loss: 0.7574 - val_accuracy: 0.8014 - val_recall_m: 0.7833 - val_precision_m: 0.8282 - val_f1_m: 0.8044 - 186s/epoch - 573ms/step
Epoch 85/200
324/324 - 186s - loss: 0.2328 - accuracy: 0.9157 - recall_m: 0.9010 - precision_m: 0.9341 - f1_m: 0.9171 - val_loss: 0.7782 - val_accuracy: 0.8031 - val_recall_m: 0.7896 - val_precision_m: 0.8250 - val_f1_m: 0.8065 - 186s/epoch - 575ms/step
Epoch 86/200
324/324 - 186s - loss: 0.2276 - accuracy: 0.9162 - recall_m: 0.9013 - precision_m: 0.9339 - f1_m: 0.9172 - val_loss: 0.7880 - val_accuracy: 0.7893 - val_recall_m: 0.7712 - val_precision_m: 0.8131 - val_f1_m: 0.7910 - 186s/epoch - 575ms/step
Epoch 87/200
324/324 - 186s - loss: 0.2316 - accuracy: 0.9165 - recall_m: 0.9021 - precision_m: 0.9342 - f1_m: 0.9177 - val_loss: 0.7883 - val_accuracy: 0.8029 - val_recall_m: 0.7853 - val_precision_m: 0.8246 - val_f1_m: 0.8039 - 186s/epoch - 574ms/step
Epoch 88/200
324/324 - 186s - loss: 0.2330 - accuracy: 0.9160 - recall_m: 0.9015 - precision_m: 0.9339 - f1_m: 0.9173 - val_loss: 0.7870 - val_accuracy: 0.8038 - val_recall_m: 0.7857 - val_precision_m: 0.8273 - val_f1_m: 0.8053 - 186s/epoch - 575ms/step
Epoch 89/200
324/324 - 187s - loss: 0.2217 - accuracy: 0.9207 - recall_m: 0.9076 - precision_m: 0.9379 - f1_m: 0.9224 - val_loss: 0.8166 - val_accuracy: 0.8007 - val_recall_m: 0.7907 - val_precision_m: 0.8213 - val_f1_m: 0.8054 - 187s/epoch - 577ms/step
Epoch 90/200
324/324 - 187s - loss: 0.2091 - accuracy: 0.9257 - recall_m: 0.9125 - precision_m: 0.9425 - f1_m: 0.9271 - val_loss: 0.8235 - val_accuracy: 0.8026 - val_recall_m: 0.7926 - val_precision_m: 0.8197 - val_f1_m: 0.8056 - 187s/epoch - 576ms/step
Epoch 91/200
324/324 - 187s - loss: 0.2155 - accuracy: 0.9234 - recall_m: 0.9091 - precision_m: 0.9392 - f1_m: 0.9238 - val_loss: 0.8049 - val_accuracy: 0.8000 - val_recall_m: 0.7861 - val_precision_m: 0.8213 - val_f1_m: 0.8028 - 187s/epoch - 578ms/step
Epoch 92/200
324/324 - 188s - loss: 0.2191 - accuracy: 0.9233 - recall_m: 0.9076 - precision_m: 0.9385 - f1_m: 0.9227 - val_loss: 0.7544 - val_accuracy: 0.8111 - val_recall_m: 0.8000 - val_precision_m: 0.8308 - val_f1_m: 0.8147 - 188s/epoch - 579ms/step
Epoch 93/200
324/324 - 187s - loss: 0.2070 - accuracy: 0.9255 - recall_m: 0.9120 - precision_m: 0.9417 - f1_m: 0.9265 - val_loss: 0.7919 - val_accuracy: 0.8028 - val_recall_m: 0.7886 - val_precision_m: 0.8234 - val_f1_m: 0.8051 - 187s/epoch - 576ms/step
Epoch 94/200
324/324 - 187s - loss: 0.2179 - accuracy: 0.9212 - recall_m: 0.9058 - precision_m: 0.9366 - f1_m: 0.9208 - val_loss: 0.7567 - val_accuracy: 0.8081 - val_recall_m: 0.7940 - val_precision_m: 0.8286 - val_f1_m: 0.8104 - 187s/epoch - 577ms/step
Epoch 95/200
324/324 - 186s - loss: 0.1957 - accuracy: 0.9294 - recall_m: 0.9170 - precision_m: 0.9444 - f1_m: 0.9304 - val_loss: 0.7964 - val_accuracy: 0.8074 - val_recall_m: 0.7949 - val_precision_m: 0.8287 - val_f1_m: 0.8110 - 186s/epoch - 574ms/step
Epoch 96/200
324/324 - 187s - loss: 0.2004 - accuracy: 0.9287 - recall_m: 0.9162 - precision_m: 0.9437 - f1_m: 0.9296 - val_loss: 0.8248 - val_accuracy: 0.8039 - val_recall_m: 0.7916 - val_precision_m: 0.8217 - val_f1_m: 0.8061 - 187s/epoch - 577ms/step
Epoch 97/200
324/324 - 187s - loss: 0.1942 - accuracy: 0.9322 - recall_m: 0.9198 - precision_m: 0.9459 - f1_m: 0.9326 - val_loss: 0.8280 - val_accuracy: 0.7965 - val_recall_m: 0.7774 - val_precision_m: 0.8213 - val_f1_m: 0.7981 - 187s/epoch - 576ms/step
Epoch 98/200
324/324 - 187s - loss: 0.1996 - accuracy: 0.9284 - recall_m: 0.9157 - precision_m: 0.9425 - f1_m: 0.9288 - val_loss: 0.8433 - val_accuracy: 0.7965 - val_recall_m: 0.7826 - val_precision_m: 0.8140 - val_f1_m: 0.7974 - 187s/epoch - 577ms/step
Epoch 99/200
324/324 - 186s - loss: 0.1932 - accuracy: 0.9307 - recall_m: 0.9190 - precision_m: 0.9452 - f1_m: 0.9318 - val_loss: 0.8093 - val_accuracy: 0.8095 - val_recall_m: 0.7989 - val_precision_m: 0.8261 - val_f1_m: 0.8119 - 186s/epoch - 575ms/step
Epoch 100/200
324/324 - 186s - loss: 0.1866 - accuracy: 0.9322 - recall_m: 0.9215 - precision_m: 0.9468 - f1_m: 0.9339 - val_loss: 0.8812 - val_accuracy: 0.7962 - val_recall_m: 0.7823 - val_precision_m: 0.8157 - val_f1_m: 0.7982 - 186s/epoch - 574ms/step
Epoch 101/200
324/324 - 187s - loss: 0.1884 - accuracy: 0.9322 - recall_m: 0.9194 - precision_m: 0.9452 - f1_m: 0.9320 - val_loss: 0.8292 - val_accuracy: 0.8010 - val_recall_m: 0.7857 - val_precision_m: 0.8175 - val_f1_m: 0.8009 - 187s/epoch - 578ms/step
Epoch 102/200
324/324 - 187s - loss: 0.1877 - accuracy: 0.9313 - recall_m: 0.9200 - precision_m: 0.9453 - f1_m: 0.9323 - val_loss: 0.8069 - val_accuracy: 0.8078 - val_recall_m: 0.7945 - val_precision_m: 0.8269 - val_f1_m: 0.8099 - 187s/epoch - 577ms/step
Epoch 103/200
324/324 - 187s - loss: 0.1867 - accuracy: 0.9348 - recall_m: 0.9227 - precision_m: 0.9475 - f1_m: 0.9347 - val_loss: 0.8072 - val_accuracy: 0.8059 - val_recall_m: 0.7956 - val_precision_m: 0.8216 - val_f1_m: 0.8081 - 187s/epoch - 577ms/step
Epoch 104/200
324/324 - 186s - loss: 0.1855 - accuracy: 0.9349 - recall_m: 0.9230 - precision_m: 0.9462 - f1_m: 0.9344 - val_loss: 0.8363 - val_accuracy: 0.8061 - val_recall_m: 0.7940 - val_precision_m: 0.8230 - val_f1_m: 0.8078 - 186s/epoch - 574ms/step
Epoch 105/200
324/324 - 187s - loss: 0.1720 - accuracy: 0.9394 - recall_m: 0.9288 - precision_m: 0.9517 - f1_m: 0.9400 - val_loss: 0.8185 - val_accuracy: 0.8076 - val_recall_m: 0.7970 - val_precision_m: 0.8217 - val_f1_m: 0.8088 - 187s/epoch - 578ms/step
Epoch 106/200
324/324 - 187s - loss: 0.1810 - accuracy: 0.9356 - recall_m: 0.9244 - precision_m: 0.9485 - f1_m: 0.9362 - val_loss: 0.8351 - val_accuracy: 0.8005 - val_recall_m: 0.7897 - val_precision_m: 0.8166 - val_f1_m: 0.8025 - 187s/epoch - 576ms/step
Epoch 107/200
324/324 - 186s - loss: 0.1701 - accuracy: 0.9392 - recall_m: 0.9289 - precision_m: 0.9514 - f1_m: 0.9399 - val_loss: 0.8268 - val_accuracy: 0.7994 - val_recall_m: 0.7880 - val_precision_m: 0.8176 - val_f1_m: 0.8020 - 186s/epoch - 576ms/step
Epoch 108/200
324/324 - 187s - loss: 0.1701 - accuracy: 0.9379 - recall_m: 0.9296 - precision_m: 0.9494 - f1_m: 0.9393 - val_loss: 0.8339 - val_accuracy: 0.8102 - val_recall_m: 0.7980 - val_precision_m: 0.8293 - val_f1_m: 0.8129 - 187s/epoch - 577ms/step
Epoch 109/200
324/324 - 187s - loss: 0.1721 - accuracy: 0.9392 - recall_m: 0.9292 - precision_m: 0.9498 - f1_m: 0.9393 - val_loss: 0.8465 - val_accuracy: 0.8010 - val_recall_m: 0.7862 - val_precision_m: 0.8211 - val_f1_m: 0.8028 - 187s/epoch - 577ms/step
Epoch 110/200
324/324 - 187s - loss: 0.1624 - accuracy: 0.9421 - recall_m: 0.9335 - precision_m: 0.9527 - f1_m: 0.9429 - val_loss: 0.8496 - val_accuracy: 0.8146 - val_recall_m: 0.8044 - val_precision_m: 0.8298 - val_f1_m: 0.8166 - 187s/epoch - 578ms/step
Epoch 111/200
324/324 - 186s - loss: 0.1639 - accuracy: 0.9414 - recall_m: 0.9316 - precision_m: 0.9514 - f1_m: 0.9413 - val_loss: 0.9236 - val_accuracy: 0.7928 - val_recall_m: 0.7823 - val_precision_m: 0.8104 - val_f1_m: 0.7958 - 186s/epoch - 575ms/step
Epoch 112/200
324/324 - 187s - loss: 0.1589 - accuracy: 0.9436 - recall_m: 0.9336 - precision_m: 0.9540 - f1_m: 0.9436 - val_loss: 0.8665 - val_accuracy: 0.8082 - val_recall_m: 0.7981 - val_precision_m: 0.8232 - val_f1_m: 0.8102 - 187s/epoch - 577ms/step
Epoch 113/200
324/324 - 187s - loss: 0.1543 - accuracy: 0.9439 - recall_m: 0.9353 - precision_m: 0.9537 - f1_m: 0.9443 - val_loss: 0.8409 - val_accuracy: 0.8121 - val_recall_m: 0.8022 - val_precision_m: 0.8241 - val_f1_m: 0.8128 - 187s/epoch - 578ms/step
Epoch 114/200
324/324 - 186s - loss: 0.1646 - accuracy: 0.9424 - recall_m: 0.9330 - precision_m: 0.9519 - f1_m: 0.9423 - val_loss: 0.9470 - val_accuracy: 0.7872 - val_recall_m: 0.7759 - val_precision_m: 0.8076 - val_f1_m: 0.7911 - 186s/epoch - 575ms/step
Epoch 115/200
324/324 - 187s - loss: 0.1538 - accuracy: 0.9441 - recall_m: 0.9364 - precision_m: 0.9548 - f1_m: 0.9455 - val_loss: 0.8648 - val_accuracy: 0.8090 - val_recall_m: 0.7993 - val_precision_m: 0.8249 - val_f1_m: 0.8115 - 187s/epoch - 576ms/step
Epoch 116/200
324/324 - 186s - loss: 0.1547 - accuracy: 0.9454 - recall_m: 0.9360 - precision_m: 0.9550 - f1_m: 0.9453 - val_loss: 0.9005 - val_accuracy: 0.8013 - val_recall_m: 0.7935 - val_precision_m: 0.8160 - val_f1_m: 0.8044 - 186s/epoch - 575ms/step
Epoch 117/200
324/324 - 186s - loss: 0.1507 - accuracy: 0.9471 - recall_m: 0.9388 - precision_m: 0.9560 - f1_m: 0.9472 - val_loss: 0.8665 - val_accuracy: 0.8123 - val_recall_m: 0.8016 - val_precision_m: 0.8246 - val_f1_m: 0.8126 - 186s/epoch - 575ms/step
Epoch 118/200
324/324 - 186s - loss: 0.1442 - accuracy: 0.9477 - recall_m: 0.9400 - precision_m: 0.9561 - f1_m: 0.9479 - val_loss: 0.8874 - val_accuracy: 0.8092 - val_recall_m: 0.7993 - val_precision_m: 0.8242 - val_f1_m: 0.8112 - 186s/epoch - 574ms/step
Epoch 119/200
324/324 - 187s - loss: 0.1569 - accuracy: 0.9444 - recall_m: 0.9365 - precision_m: 0.9538 - f1_m: 0.9450 - val_loss: 0.8904 - val_accuracy: 0.8052 - val_recall_m: 0.7950 - val_precision_m: 0.8193 - val_f1_m: 0.8066 - 187s/epoch - 576ms/step
Epoch 120/200
324/324 - 187s - loss: 0.1379 - accuracy: 0.9510 - recall_m: 0.9437 - precision_m: 0.9609 - f1_m: 0.9522 - val_loss: 0.9166 - val_accuracy: 0.7995 - val_recall_m: 0.7888 - val_precision_m: 0.8110 - val_f1_m: 0.7995 - 187s/epoch - 577ms/step
Epoch 121/200
324/324 - 187s - loss: 0.1517 - accuracy: 0.9446 - recall_m: 0.9364 - precision_m: 0.9534 - f1_m: 0.9448 - val_loss: 0.9147 - val_accuracy: 0.8031 - val_recall_m: 0.7943 - val_precision_m: 0.8177 - val_f1_m: 0.8056 - 187s/epoch - 577ms/step
Epoch 122/200
324/324 - 186s - loss: 0.1419 - accuracy: 0.9496 - recall_m: 0.9416 - precision_m: 0.9574 - f1_m: 0.9494 - val_loss: 0.8969 - val_accuracy: 0.8042 - val_recall_m: 0.7944 - val_precision_m: 0.8194 - val_f1_m: 0.8064 - 186s/epoch - 573ms/step
Epoch 123/200
324/324 - 187s - loss: 0.1430 - accuracy: 0.9491 - recall_m: 0.9414 - precision_m: 0.9573 - f1_m: 0.9492 - val_loss: 0.8922 - val_accuracy: 0.8053 - val_recall_m: 0.7958 - val_precision_m: 0.8211 - val_f1_m: 0.8079 - 187s/epoch - 577ms/step
Epoch 124/200
324/324 - 186s - loss: 0.1325 - accuracy: 0.9534 - recall_m: 0.9452 - precision_m: 0.9615 - f1_m: 0.9532 - val_loss: 0.9082 - val_accuracy: 0.8073 - val_recall_m: 0.7997 - val_precision_m: 0.8197 - val_f1_m: 0.8094 - 186s/epoch - 574ms/step
Epoch 125/200
324/324 - 186s - loss: 0.1446 - accuracy: 0.9486 - recall_m: 0.9390 - precision_m: 0.9572 - f1_m: 0.9480 - val_loss: 0.9492 - val_accuracy: 0.7968 - val_recall_m: 0.7835 - val_precision_m: 0.8119 - val_f1_m: 0.7971 - 186s/epoch - 575ms/step
Epoch 126/200
324/324 - 186s - loss: 0.1340 - accuracy: 0.9521 - recall_m: 0.9449 - precision_m: 0.9606 - f1_m: 0.9526 - val_loss: 0.9599 - val_accuracy: 0.7998 - val_recall_m: 0.7899 - val_precision_m: 0.8128 - val_f1_m: 0.8010 - 186s/epoch - 574ms/step
Epoch 127/200
324/324 - 186s - loss: 0.1297 - accuracy: 0.9543 - recall_m: 0.9478 - precision_m: 0.9621 - f1_m: 0.9548 - val_loss: 0.8979 - val_accuracy: 0.8066 - val_recall_m: 0.7975 - val_precision_m: 0.8193 - val_f1_m: 0.8080 - 186s/epoch - 573ms/step
Epoch 128/200
324/324 - 185s - loss: 0.1304 - accuracy: 0.9536 - recall_m: 0.9457 - precision_m: 0.9601 - f1_m: 0.9528 - val_loss: 0.9588 - val_accuracy: 0.8090 - val_recall_m: 0.8024 - val_precision_m: 0.8205 - val_f1_m: 0.8111 - 185s/epoch - 572ms/step
Epoch 129/200
324/324 - 186s - loss: 0.1413 - accuracy: 0.9511 - recall_m: 0.9431 - precision_m: 0.9590 - f1_m: 0.9509 - val_loss: 0.8866 - val_accuracy: 0.8098 - val_recall_m: 0.8008 - val_precision_m: 0.8263 - val_f1_m: 0.8130 - 186s/epoch - 573ms/step
Epoch 130/200
324/324 - 186s - loss: 0.1312 - accuracy: 0.9526 - recall_m: 0.9468 - precision_m: 0.9606 - f1_m: 0.9536 - val_loss: 0.9276 - val_accuracy: 0.8123 - val_recall_m: 0.8036 - val_precision_m: 0.8241 - val_f1_m: 0.8135 - 186s/epoch - 574ms/step
Epoch 131/200
324/324 - 186s - loss: 0.1261 - accuracy: 0.9551 - recall_m: 0.9483 - precision_m: 0.9620 - f1_m: 0.9550 - val_loss: 0.8999 - val_accuracy: 0.8064 - val_recall_m: 0.7971 - val_precision_m: 0.8212 - val_f1_m: 0.8087 - 186s/epoch - 575ms/step
Epoch 132/200
324/324 - 187s - loss: 0.1373 - accuracy: 0.9513 - recall_m: 0.9438 - precision_m: 0.9593 - f1_m: 0.9514 - val_loss: 0.9189 - val_accuracy: 0.8124 - val_recall_m: 0.8039 - val_precision_m: 0.8243 - val_f1_m: 0.8137 - 187s/epoch - 576ms/step
Epoch 133/200
324/324 - 186s - loss: 0.1195 - accuracy: 0.9576 - recall_m: 0.9518 - precision_m: 0.9649 - f1_m: 0.9583 - val_loss: 0.9103 - val_accuracy: 0.8054 - val_recall_m: 0.7974 - val_precision_m: 0.8203 - val_f1_m: 0.8084 - 186s/epoch - 574ms/step
Epoch 134/200
324/324 - 185s - loss: 0.1258 - accuracy: 0.9565 - recall_m: 0.9504 - precision_m: 0.9633 - f1_m: 0.9568 - val_loss: 0.9670 - val_accuracy: 0.8051 - val_recall_m: 0.7971 - val_precision_m: 0.8174 - val_f1_m: 0.8069 - 185s/epoch - 572ms/step
Epoch 135/200
324/324 - 186s - loss: 0.1148 - accuracy: 0.9602 - recall_m: 0.9541 - precision_m: 0.9666 - f1_m: 0.9603 - val_loss: 0.9872 - val_accuracy: 0.8104 - val_recall_m: 0.8026 - val_precision_m: 0.8227 - val_f1_m: 0.8123 - 186s/epoch - 575ms/step
Epoch 136/200
324/324 - 187s - loss: 0.1207 - accuracy: 0.9571 - recall_m: 0.9512 - precision_m: 0.9635 - f1_m: 0.9572 - val_loss: 0.9378 - val_accuracy: 0.8118 - val_recall_m: 0.8031 - val_precision_m: 0.8247 - val_f1_m: 0.8135 - 187s/epoch - 576ms/step
Epoch 137/200
324/324 - 186s - loss: 0.1121 - accuracy: 0.9624 - recall_m: 0.9564 - precision_m: 0.9677 - f1_m: 0.9620 - val_loss: 0.9441 - val_accuracy: 0.8104 - val_recall_m: 0.8023 - val_precision_m: 0.8206 - val_f1_m: 0.8112 - 186s/epoch - 573ms/step
Epoch 138/200
324/324 - 186s - loss: 0.1202 - accuracy: 0.9598 - recall_m: 0.9540 - precision_m: 0.9654 - f1_m: 0.9596 - val_loss: 0.9332 - val_accuracy: 0.7965 - val_recall_m: 0.7821 - val_precision_m: 0.8141 - val_f1_m: 0.7974 - 186s/epoch - 574ms/step
Epoch 139/200
324/324 - 186s - loss: 0.1081 - accuracy: 0.9613 - recall_m: 0.9565 - precision_m: 0.9678 - f1_m: 0.9620 - val_loss: 1.0157 - val_accuracy: 0.8069 - val_recall_m: 0.8006 - val_precision_m: 0.8161 - val_f1_m: 0.8081 - 186s/epoch - 575ms/step
Epoch 140/200
324/324 - 186s - loss: 0.1124 - accuracy: 0.9604 - recall_m: 0.9545 - precision_m: 0.9667 - f1_m: 0.9605 - val_loss: 1.0033 - val_accuracy: 0.7993 - val_recall_m: 0.7909 - val_precision_m: 0.8116 - val_f1_m: 0.8009 - 186s/epoch - 575ms/step
Epoch 141/200
324/324 - 187s - loss: 0.1250 - accuracy: 0.9568 - recall_m: 0.9513 - precision_m: 0.9637 - f1_m: 0.9574 - val_loss: 0.9453 - val_accuracy: 0.8085 - val_recall_m: 0.8022 - val_precision_m: 0.8203 - val_f1_m: 0.8110 - 187s/epoch - 576ms/step
Epoch 142/200
324/324 - 187s - loss: 0.1076 - accuracy: 0.9613 - recall_m: 0.9554 - precision_m: 0.9662 - f1_m: 0.9607 - val_loss: 1.0634 - val_accuracy: 0.7944 - val_recall_m: 0.7890 - val_precision_m: 0.8051 - val_f1_m: 0.7969 - 187s/epoch - 576ms/step
Epoch 143/200
324/324 - 186s - loss: 0.1129 - accuracy: 0.9595 - recall_m: 0.9531 - precision_m: 0.9652 - f1_m: 0.9591 - val_loss: 1.0035 - val_accuracy: 0.8080 - val_recall_m: 0.8017 - val_precision_m: 0.8180 - val_f1_m: 0.8096 - 186s/epoch - 573ms/step
Epoch 144/200
324/324 - 186s - loss: 0.1078 - accuracy: 0.9631 - recall_m: 0.9583 - precision_m: 0.9681 - f1_m: 0.9632 - val_loss: 1.0098 - val_accuracy: 0.8032 - val_recall_m: 0.7956 - val_precision_m: 0.8160 - val_f1_m: 0.8055 - 186s/epoch - 575ms/step
Epoch 145/200
324/324 - 186s - loss: 0.1016 - accuracy: 0.9638 - recall_m: 0.9586 - precision_m: 0.9698 - f1_m: 0.9641 - val_loss: 0.9951 - val_accuracy: 0.8123 - val_recall_m: 0.8054 - val_precision_m: 0.8227 - val_f1_m: 0.8138 - 186s/epoch - 574ms/step
Epoch 146/200
324/324 - 186s - loss: 0.1055 - accuracy: 0.9631 - recall_m: 0.9589 - precision_m: 0.9686 - f1_m: 0.9637 - val_loss: 1.0497 - val_accuracy: 0.8003 - val_recall_m: 0.7934 - val_precision_m: 0.8100 - val_f1_m: 0.8014 - 186s/epoch - 573ms/step
Epoch 147/200
324/324 - 186s - loss: 0.1029 - accuracy: 0.9642 - recall_m: 0.9594 - precision_m: 0.9698 - f1_m: 0.9645 - val_loss: 0.9840 - val_accuracy: 0.8084 - val_recall_m: 0.8012 - val_precision_m: 0.8185 - val_f1_m: 0.8096 - 186s/epoch - 573ms/step
Epoch 148/200
324/324 - 186s - loss: 0.1075 - accuracy: 0.9621 - recall_m: 0.9566 - precision_m: 0.9672 - f1_m: 0.9618 - val_loss: 1.0173 - val_accuracy: 0.7966 - val_recall_m: 0.7871 - val_precision_m: 0.8075 - val_f1_m: 0.7969 - 186s/epoch - 573ms/step
Epoch 149/200
324/324 - 186s - loss: 0.0959 - accuracy: 0.9654 - recall_m: 0.9606 - precision_m: 0.9708 - f1_m: 0.9656 - val_loss: 0.9921 - val_accuracy: 0.8029 - val_recall_m: 0.7966 - val_precision_m: 0.8148 - val_f1_m: 0.8054 - 186s/epoch - 574ms/step
Epoch 150/200
324/324 - 186s - loss: 0.1000 - accuracy: 0.9644 - recall_m: 0.9597 - precision_m: 0.9691 - f1_m: 0.9643 - val_loss: 1.0002 - val_accuracy: 0.8110 - val_recall_m: 0.8053 - val_precision_m: 0.8237 - val_f1_m: 0.8142 - 186s/epoch - 575ms/step
Epoch 151/200
324/324 - 186s - loss: 0.1064 - accuracy: 0.9635 - recall_m: 0.9583 - precision_m: 0.9679 - f1_m: 0.9630 - val_loss: 1.0319 - val_accuracy: 0.7901 - val_recall_m: 0.7804 - val_precision_m: 0.8034 - val_f1_m: 0.7916 - 186s/epoch - 573ms/step
Epoch 152/200
324/324 - 186s - loss: 0.1018 - accuracy: 0.9656 - recall_m: 0.9614 - precision_m: 0.9704 - f1_m: 0.9658 - val_loss: 1.0447 - val_accuracy: 0.8039 - val_recall_m: 0.7980 - val_precision_m: 0.8151 - val_f1_m: 0.8063 - 186s/epoch - 575ms/step
Epoch 153/200
324/324 - 186s - loss: 0.1006 - accuracy: 0.9646 - recall_m: 0.9599 - precision_m: 0.9689 - f1_m: 0.9643 - val_loss: 1.0359 - val_accuracy: 0.8094 - val_recall_m: 0.8021 - val_precision_m: 0.8214 - val_f1_m: 0.8114 - 186s/epoch - 574ms/step
Epoch 154/200
324/324 - 187s - loss: 0.1027 - accuracy: 0.9656 - recall_m: 0.9604 - precision_m: 0.9703 - f1_m: 0.9653 - val_loss: 1.0519 - val_accuracy: 0.7971 - val_recall_m: 0.7917 - val_precision_m: 0.8080 - val_f1_m: 0.7997 - 187s/epoch - 576ms/step
Epoch 155/200
324/324 - 187s - loss: 0.0907 - accuracy: 0.9675 - recall_m: 0.9629 - precision_m: 0.9722 - f1_m: 0.9675 - val_loss: 1.0514 - val_accuracy: 0.8036 - val_recall_m: 0.7956 - val_precision_m: 0.8153 - val_f1_m: 0.8051 - 187s/epoch - 576ms/step
Epoch 156/200
324/324 - 186s - loss: 0.0920 - accuracy: 0.9682 - recall_m: 0.9642 - precision_m: 0.9728 - f1_m: 0.9684 - val_loss: 1.0312 - val_accuracy: 0.8024 - val_recall_m: 0.7955 - val_precision_m: 0.8160 - val_f1_m: 0.8054 - 186s/epoch - 575ms/step
Epoch 157/200
324/324 - 186s - loss: 0.0905 - accuracy: 0.9689 - recall_m: 0.9648 - precision_m: 0.9729 - f1_m: 0.9688 - val_loss: 1.0654 - val_accuracy: 0.8081 - val_recall_m: 0.8014 - val_precision_m: 0.8162 - val_f1_m: 0.8086 - 186s/epoch - 574ms/step
Epoch 158/200
324/324 - 186s - loss: 0.0825 - accuracy: 0.9725 - recall_m: 0.9692 - precision_m: 0.9762 - f1_m: 0.9727 - val_loss: 1.0517 - val_accuracy: 0.8120 - val_recall_m: 0.8063 - val_precision_m: 0.8212 - val_f1_m: 0.8135 - 186s/epoch - 575ms/step
Epoch 159/200
324/324 - 186s - loss: 0.0906 - accuracy: 0.9685 - recall_m: 0.9651 - precision_m: 0.9718 - f1_m: 0.9684 - val_loss: 1.1038 - val_accuracy: 0.8007 - val_recall_m: 0.7932 - val_precision_m: 0.8113 - val_f1_m: 0.8020 - 186s/epoch - 575ms/step
Epoch 160/200
324/324 - 187s - loss: 0.0961 - accuracy: 0.9654 - recall_m: 0.9617 - precision_m: 0.9693 - f1_m: 0.9655 - val_loss: 1.0649 - val_accuracy: 0.8084 - val_recall_m: 0.8036 - val_precision_m: 0.8169 - val_f1_m: 0.8101 - 187s/epoch - 577ms/step
Epoch 161/200
324/324 - 187s - loss: 0.0793 - accuracy: 0.9728 - recall_m: 0.9689 - precision_m: 0.9766 - f1_m: 0.9727 - val_loss: 1.1181 - val_accuracy: 0.8115 - val_recall_m: 0.8067 - val_precision_m: 0.8199 - val_f1_m: 0.8131 - 187s/epoch - 578ms/step
Epoch 162/200
324/324 - 185s - loss: 0.1012 - accuracy: 0.9651 - recall_m: 0.9605 - precision_m: 0.9695 - f1_m: 0.9650 - val_loss: 1.0033 - val_accuracy: 0.8066 - val_recall_m: 0.7985 - val_precision_m: 0.8165 - val_f1_m: 0.8073 - 185s/epoch - 573ms/step
Epoch 163/200
324/324 - 186s - loss: 0.0995 - accuracy: 0.9664 - recall_m: 0.9622 - precision_m: 0.9706 - f1_m: 0.9664 - val_loss: 1.1055 - val_accuracy: 0.7990 - val_recall_m: 0.7927 - val_precision_m: 0.8067 - val_f1_m: 0.7995 - 186s/epoch - 574ms/step
Epoch 164/200
324/324 - 187s - loss: 0.0861 - accuracy: 0.9720 - recall_m: 0.9678 - precision_m: 0.9758 - f1_m: 0.9718 - val_loss: 1.0529 - val_accuracy: 0.8063 - val_recall_m: 0.8007 - val_precision_m: 0.8166 - val_f1_m: 0.8084 - 187s/epoch - 576ms/step
Epoch 165/200
324/324 - 186s - loss: 0.0757 - accuracy: 0.9726 - recall_m: 0.9696 - precision_m: 0.9766 - f1_m: 0.9730 - val_loss: 1.1025 - val_accuracy: 0.8108 - val_recall_m: 0.8044 - val_precision_m: 0.8193 - val_f1_m: 0.8117 - 186s/epoch - 573ms/step
Epoch 166/200
324/324 - 186s - loss: 0.1047 - accuracy: 0.9647 - recall_m: 0.9594 - precision_m: 0.9691 - f1_m: 0.9642 - val_loss: 1.0865 - val_accuracy: 0.7988 - val_recall_m: 0.7917 - val_precision_m: 0.8096 - val_f1_m: 0.8004 - 186s/epoch - 574ms/step
Epoch 167/200
324/324 - 187s - loss: 0.0797 - accuracy: 0.9728 - recall_m: 0.9693 - precision_m: 0.9771 - f1_m: 0.9731 - val_loss: 1.0720 - val_accuracy: 0.8122 - val_recall_m: 0.8065 - val_precision_m: 0.8208 - val_f1_m: 0.8134 - 187s/epoch - 576ms/step
Epoch 168/200
324/324 - 186s - loss: 0.0759 - accuracy: 0.9750 - recall_m: 0.9722 - precision_m: 0.9776 - f1_m: 0.9749 - val_loss: 1.0625 - val_accuracy: 0.7931 - val_recall_m: 0.7840 - val_precision_m: 0.8063 - val_f1_m: 0.7949 - 186s/epoch - 573ms/step
Epoch 169/200
324/324 - 186s - loss: 0.0744 - accuracy: 0.9740 - recall_m: 0.9712 - precision_m: 0.9779 - f1_m: 0.9745 - val_loss: 1.0989 - val_accuracy: 0.8008 - val_recall_m: 0.7954 - val_precision_m: 0.8103 - val_f1_m: 0.8027 - 186s/epoch - 575ms/step
Epoch 170/200
324/324 - 186s - loss: 0.0750 - accuracy: 0.9746 - recall_m: 0.9715 - precision_m: 0.9778 - f1_m: 0.9746 - val_loss: 1.0718 - val_accuracy: 0.8036 - val_recall_m: 0.7983 - val_precision_m: 0.8117 - val_f1_m: 0.8048 - 186s/epoch - 575ms/step
Epoch 171/200
324/324 - 186s - loss: 0.0952 - accuracy: 0.9653 - recall_m: 0.9619 - precision_m: 0.9694 - f1_m: 0.9656 - val_loss: 1.0750 - val_accuracy: 0.8102 - val_recall_m: 0.8051 - val_precision_m: 0.8197 - val_f1_m: 0.8122 - 186s/epoch - 573ms/step
Epoch 172/200
324/324 - 186s - loss: 0.0700 - accuracy: 0.9764 - recall_m: 0.9739 - precision_m: 0.9791 - f1_m: 0.9764 - val_loss: 1.1367 - val_accuracy: 0.8032 - val_recall_m: 0.7976 - val_precision_m: 0.8105 - val_f1_m: 0.8039 - 186s/epoch - 575ms/step
Epoch 173/200
324/324 - 186s - loss: 0.0762 - accuracy: 0.9754 - recall_m: 0.9721 - precision_m: 0.9788 - f1_m: 0.9754 - val_loss: 1.1274 - val_accuracy: 0.8033 - val_recall_m: 0.7970 - val_precision_m: 0.8110 - val_f1_m: 0.8038 - 186s/epoch - 573ms/step
Epoch 174/200
324/324 - 187s - loss: 0.0780 - accuracy: 0.9719 - recall_m: 0.9683 - precision_m: 0.9746 - f1_m: 0.9714 - val_loss: 1.0505 - val_accuracy: 0.8182 - val_recall_m: 0.8135 - val_precision_m: 0.8255 - val_f1_m: 0.8193 - 187s/epoch - 576ms/step
Epoch 175/200
324/324 - 187s - loss: 0.0794 - accuracy: 0.9734 - recall_m: 0.9700 - precision_m: 0.9762 - f1_m: 0.9731 - val_loss: 1.1670 - val_accuracy: 0.8019 - val_recall_m: 0.7966 - val_precision_m: 0.8103 - val_f1_m: 0.8033 - 187s/epoch - 576ms/step
Epoch 176/200
324/324 - 186s - loss: 0.0923 - accuracy: 0.9690 - recall_m: 0.9649 - precision_m: 0.9728 - f1_m: 0.9688 - val_loss: 1.0864 - val_accuracy: 0.7938 - val_recall_m: 0.7877 - val_precision_m: 0.8043 - val_f1_m: 0.7958 - 186s/epoch - 574ms/step
Epoch 177/200
324/324 - 186s - loss: 0.0758 - accuracy: 0.9735 - recall_m: 0.9707 - precision_m: 0.9774 - f1_m: 0.9740 - val_loss: 1.1796 - val_accuracy: 0.8055 - val_recall_m: 0.8002 - val_precision_m: 0.8143 - val_f1_m: 0.8071 - 186s/epoch - 574ms/step
Epoch 178/200
324/324 - 187s - loss: 0.0655 - accuracy: 0.9767 - recall_m: 0.9745 - precision_m: 0.9791 - f1_m: 0.9768 - val_loss: 1.1799 - val_accuracy: 0.8045 - val_recall_m: 0.8006 - val_precision_m: 0.8118 - val_f1_m: 0.8061 - 187s/epoch - 576ms/step
Epoch 179/200
324/324 - 186s - loss: 0.0665 - accuracy: 0.9774 - recall_m: 0.9750 - precision_m: 0.9798 - f1_m: 0.9774 - val_loss: 1.1420 - val_accuracy: 0.8052 - val_recall_m: 0.7997 - val_precision_m: 0.8136 - val_f1_m: 0.8065 - 186s/epoch - 573ms/step
Epoch 180/200
324/324 - 187s - loss: 0.0843 - accuracy: 0.9707 - recall_m: 0.9676 - precision_m: 0.9744 - f1_m: 0.9710 - val_loss: 1.1246 - val_accuracy: 0.7997 - val_recall_m: 0.7946 - val_precision_m: 0.8077 - val_f1_m: 0.8010 - 187s/epoch - 577ms/step
Epoch 181/200
324/324 - 186s - loss: 0.0785 - accuracy: 0.9736 - recall_m: 0.9708 - precision_m: 0.9767 - f1_m: 0.9737 - val_loss: 1.0954 - val_accuracy: 0.8120 - val_recall_m: 0.8045 - val_precision_m: 0.8210 - val_f1_m: 0.8126 - 186s/epoch - 574ms/step
Epoch 182/200
324/324 - 187s - loss: 0.0717 - accuracy: 0.9759 - recall_m: 0.9732 - precision_m: 0.9786 - f1_m: 0.9758 - val_loss: 1.1616 - val_accuracy: 0.8007 - val_recall_m: 0.7943 - val_precision_m: 0.8100 - val_f1_m: 0.8019 - 187s/epoch - 576ms/step
Epoch 183/200
324/324 - 186s - loss: 0.0584 - accuracy: 0.9813 - recall_m: 0.9787 - precision_m: 0.9839 - f1_m: 0.9813 - val_loss: 1.2305 - val_accuracy: 0.8060 - val_recall_m: 0.8009 - val_precision_m: 0.8135 - val_f1_m: 0.8070 - 186s/epoch - 574ms/step
Epoch 184/200
324/324 - 186s - loss: 0.0713 - accuracy: 0.9746 - recall_m: 0.9716 - precision_m: 0.9771 - f1_m: 0.9743 - val_loss: 1.1581 - val_accuracy: 0.7935 - val_recall_m: 0.7877 - val_precision_m: 0.8021 - val_f1_m: 0.7947 - 186s/epoch - 573ms/step
Epoch 185/200
324/324 - 187s - loss: 0.0656 - accuracy: 0.9778 - recall_m: 0.9754 - precision_m: 0.9808 - f1_m: 0.9781 - val_loss: 1.1561 - val_accuracy: 0.8157 - val_recall_m: 0.8116 - val_precision_m: 0.8217 - val_f1_m: 0.8165 - 187s/epoch - 576ms/step
Epoch 186/200
324/324 - 186s - loss: 0.0591 - accuracy: 0.9798 - recall_m: 0.9771 - precision_m: 0.9825 - f1_m: 0.9798 - val_loss: 1.1367 - val_accuracy: 0.8087 - val_recall_m: 0.8028 - val_precision_m: 0.8174 - val_f1_m: 0.8099 - 186s/epoch - 575ms/step
Epoch 187/200
324/324 - 187s - loss: 0.0629 - accuracy: 0.9772 - recall_m: 0.9753 - precision_m: 0.9796 - f1_m: 0.9774 - val_loss: 1.1765 - val_accuracy: 0.8038 - val_recall_m: 0.8001 - val_precision_m: 0.8113 - val_f1_m: 0.8056 - 187s/epoch - 577ms/step
Epoch 188/200
324/324 - 187s - loss: 0.0639 - accuracy: 0.9790 - recall_m: 0.9763 - precision_m: 0.9815 - f1_m: 0.9789 - val_loss: 1.1518 - val_accuracy: 0.8126 - val_recall_m: 0.8078 - val_precision_m: 0.8202 - val_f1_m: 0.8138 - 187s/epoch - 576ms/step
Epoch 189/200
324/324 - 186s - loss: 0.0703 - accuracy: 0.9761 - recall_m: 0.9739 - precision_m: 0.9784 - f1_m: 0.9761 - val_loss: 1.1413 - val_accuracy: 0.8046 - val_recall_m: 0.7998 - val_precision_m: 0.8126 - val_f1_m: 0.8061 - 186s/epoch - 575ms/step
Epoch 190/200
324/324 - 186s - loss: 0.0624 - accuracy: 0.9786 - recall_m: 0.9755 - precision_m: 0.9811 - f1_m: 0.9783 - val_loss: 1.2203 - val_accuracy: 0.8004 - val_recall_m: 0.7963 - val_precision_m: 0.8083 - val_f1_m: 0.8022 - 186s/epoch - 575ms/step
Epoch 191/200
324/324 - 187s - loss: 0.0740 - accuracy: 0.9757 - recall_m: 0.9733 - precision_m: 0.9784 - f1_m: 0.9758 - val_loss: 1.1913 - val_accuracy: 0.8121 - val_recall_m: 0.8064 - val_precision_m: 0.8185 - val_f1_m: 0.8123 - 187s/epoch - 577ms/step
Epoch 192/200
324/324 - 186s - loss: 0.0561 - accuracy: 0.9815 - recall_m: 0.9798 - precision_m: 0.9833 - f1_m: 0.9815 - val_loss: 1.2609 - val_accuracy: 0.8052 - val_recall_m: 0.8010 - val_precision_m: 0.8120 - val_f1_m: 0.8064 - 186s/epoch - 574ms/step
Epoch 193/200
324/324 - 187s - loss: 0.0647 - accuracy: 0.9782 - recall_m: 0.9756 - precision_m: 0.9810 - f1_m: 0.9783 - val_loss: 1.2032 - val_accuracy: 0.8033 - val_recall_m: 0.8002 - val_precision_m: 0.8112 - val_f1_m: 0.8056 - 187s/epoch - 576ms/step
Epoch 194/200
324/324 - 186s - loss: 0.0608 - accuracy: 0.9791 - recall_m: 0.9777 - precision_m: 0.9814 - f1_m: 0.9795 - val_loss: 1.1883 - val_accuracy: 0.8094 - val_recall_m: 0.8062 - val_precision_m: 0.8170 - val_f1_m: 0.8114 - 186s/epoch - 576ms/step
Epoch 195/200
324/324 - 187s - loss: 0.0598 - accuracy: 0.9806 - recall_m: 0.9783 - precision_m: 0.9824 - f1_m: 0.9803 - val_loss: 1.2020 - val_accuracy: 0.7999 - val_recall_m: 0.7955 - val_precision_m: 0.8087 - val_f1_m: 0.8020 - 187s/epoch - 576ms/step
Epoch 196/200
324/324 - 187s - loss: 0.0725 - accuracy: 0.9750 - recall_m: 0.9728 - precision_m: 0.9778 - f1_m: 0.9753 - val_loss: 1.1546 - val_accuracy: 0.8106 - val_recall_m: 0.8056 - val_precision_m: 0.8171 - val_f1_m: 0.8112 - 187s/epoch - 577ms/step
Epoch 197/200
324/324 - 187s - loss: 0.0463 - accuracy: 0.9852 - recall_m: 0.9831 - precision_m: 0.9868 - f1_m: 0.9849 - val_loss: 1.1919 - val_accuracy: 0.8130 - val_recall_m: 0.8083 - val_precision_m: 0.8189 - val_f1_m: 0.8135 - 187s/epoch - 576ms/step
Epoch 198/200
324/324 - 187s - loss: 0.0632 - accuracy: 0.9792 - recall_m: 0.9772 - precision_m: 0.9810 - f1_m: 0.9791 - val_loss: 1.2289 - val_accuracy: 0.8014 - val_recall_m: 0.7960 - val_precision_m: 0.8097 - val_f1_m: 0.8027 - 187s/epoch - 576ms/step
Epoch 199/200
324/324 - 187s - loss: 0.0574 - accuracy: 0.9819 - recall_m: 0.9804 - precision_m: 0.9844 - f1_m: 0.9824 - val_loss: 1.2175 - val_accuracy: 0.8112 - val_recall_m: 0.8067 - val_precision_m: 0.8179 - val_f1_m: 0.8122 - 187s/epoch - 576ms/step
Epoch 200/200
324/324 - 186s - loss: 0.0617 - accuracy: 0.9785 - recall_m: 0.9769 - precision_m: 0.9804 - f1_m: 0.9786 - val_loss: 1.1768 - val_accuracy: 0.8038 - val_recall_m: 0.7986 - val_precision_m: 0.8082 - val_f1_m: 0.8033 - 186s/epoch - 574ms/step
145/145 - 19s - 19s/epoch - 132ms/step
145/145 - 11s - 11s/epoch - 75ms/step
Epoch 1/200
Confusion Matrix:
 [[ 431   20   14   34   22    4   30   35    2    5    5]
 [  45  471    5    3   11    1   11   17    9    8   18]
 [  41    3  492   31    0   29    7   39    2    5   52]
 [  42    4   14  600    6    6    7   92    9    4    4]
 [  31    2    0    7  401    0   37    9   14    2    2]
 [  31    3    5   11    0  595    3   44    2    7   13]
 [  15    7    5    6   21    0  677   20  144    5    7]
 [  27    9   12   54    9   16   18  988   51   13   36]
 [   5    2    1    3    9    0  154   15  558    4    2]
 [  10    3    1    0    1    5    4    3    1 1184   72]
 [   6    7    3    2    0    5    1    7    0   93 1029]]
Class Accuracies:
 [0.71594684 0.78631052 0.70185449 0.76142132 0.79405941 0.83333333
 0.74641676 0.80129765 0.74103586 0.92211838 0.89245447]
145/145 - 11s - 11s/epoch - 79ms/step
Epoch 2/200
Confusion Matrix:
 [[ 431   20   14   34   22    4   30   35    2    5    5]
 [  45  471    5    3   11    1   11   17    9    8   18]
 [  41    3  492   31    0   29    7   39    2    5   52]
 [  42    4   14  600    6    6    7   92    9    4    4]
 [  31    2    0    7  401    0   37    9   14    2    2]
 [  31    3    5   11    0  595    3   44    2    7   13]
 [  15    7    5    6   21    0  677   20  144    5    7]
 [  27    9   12   54    9   16   18  988   51   13   36]
 [   5    2    1    3    9    0  154   15  558    4    2]
 [  10    3    1    0    1    5    4    3    1 1184   72]
 [   6    7    3    2    0    5    1    7    0   93 1029]]
Class Accuracies:
 [0.71594684 0.78631052 0.70185449 0.76142132 0.79405941 0.83333333
 0.74641676 0.80129765 0.74103586 0.92211838 0.89245447]
145/145 - 11s - 11s/epoch - 75ms/step
Epoch 3/200
Confusion Matrix:
 [[ 431   20   14   34   22    4   30   35    2    5    5]
 [  45  471    5    3   11    1   11   17    9    8   18]
 [  41    3  492   31    0   29    7   39    2    5   52]
 [  42    4   14  600    6    6    7   92    9    4    4]
 [  31    2    0    7  401    0   37    9   14    2    2]
 [  31    3    5   11    0  595    3   44    2    7   13]
 [  15    7    5    6   21    0  677   20  144    5    7]
 [  27    9   12   54    9   16   18  988   51   13   36]
 [   5    2    1    3    9    0  154   15  558    4    2]
 [  10    3    1    0    1    5    4    3    1 1184   72]
 [   6    7    3    2    0    5    1    7    0   93 1029]]
Class Accuracies:
 [0.71594684 0.78631052 0.70185449 0.76142132 0.79405941 0.83333333
 0.74641676 0.80129765 0.74103586 0.92211838 0.89245447]
145/145 - 11s - 11s/epoch - 74ms/step
Epoch 4/200
Confusion Matrix:
 [[ 431   20   14   34   22    4   30   35    2    5    5]
 [  45  471    5    3   11    1   11   17    9    8   18]
 [  41    3  492   31    0   29    7   39    2    5   52]
 [  42    4   14  600    6    6    7   92    9    4    4]
 [  31    2    0    7  401    0   37    9   14    2    2]
 [  31    3    5   11    0  595    3   44    2    7   13]
 [  15    7    5    6   21    0  677   20  144    5    7]
 [  27    9   12   54    9   16   18  988   51   13   36]
 [   5    2    1    3    9    0  154   15  558    4    2]
 [  10    3    1    0    1    5    4    3    1 1184   72]
 [   6    7    3    2    0    5    1    7    0   93 1029]]
Class Accuracies:
 [0.71594684 0.78631052 0.70185449 0.76142132 0.79405941 0.83333333
 0.74641676 0.80129765 0.74103586 0.92211838 0.89245447]
145/145 - 11s - 11s/epoch - 75ms/step
Epoch 5/200
Confusion Matrix:
 [[ 431   20   14   34   22    4   30   35    2    5    5]
 [  45  471    5    3   11    1   11   17    9    8   18]
 [  41    3  492   31    0   29    7   39    2    5   52]
 [  42    4   14  600    6    6    7   92    9    4    4]
 [  31    2    0    7  401    0   37    9   14    2    2]
 [  31    3    5   11    0  595    3   44    2    7   13]
 [  15    7    5    6   21    0  677   20  144    5    7]
 [  27    9   12   54    9   16   18  988   51   13   36]
 [   5    2    1    3    9    0  154   15  558    4    2]
 [  10    3    1    0    1    5    4    3    1 1184   72]
 [   6    7    3    2    0    5    1    7    0   93 1029]]
Class Accuracies:
 [0.71594684 0.78631052 0.70185449 0.76142132 0.79405941 0.83333333
 0.74641676 0.80129765 0.74103586 0.92211838 0.89245447]
145/145 - 11s - 11s/epoch - 79ms/step
Epoch 6/200
Confusion Matrix:
 [[ 431   20   14   34   22    4   30   35    2    5    5]
 [  45  471    5    3   11    1   11   17    9    8   18]
 [  41    3  492   31    0   29    7   39    2    5   52]
 [  42    4   14  600    6    6    7   92    9    4    4]
 [  31    2    0    7  401    0   37    9   14    2    2]
 [  31    3    5   11    0  595    3   44    2    7   13]
 [  15    7    5    6   21    0  677   20  144    5    7]
 [  27    9   12   54    9   16   18  988   51   13   36]
 [   5    2    1    3    9    0  154   15  558    4    2]
 [  10    3    1    0    1    5    4    3    1 1184   72]
 [   6    7    3    2    0    5    1    7    0   93 1029]]
Class Accuracies:
 [0.71594684 0.78631052 0.70185449 0.76142132 0.79405941 0.83333333
 0.74641676 0.80129765 0.74103586 0.92211838 0.89245447]
145/145 - 11s - 11s/epoch - 74ms/step
Epoch 7/200
Confusion Matrix:
 [[ 431   20   14   34   22    4   30   35    2    5    5]
 [  45  471    5    3   11    1   11   17    9    8   18]
 [  41    3  492   31    0   29    7   39    2    5   52]
 [  42    4   14  600    6    6    7   92    9    4    4]
 [  31    2    0    7  401    0   37    9   14    2    2]
 [  31    3    5   11    0  595    3   44    2    7   13]
 [  15    7    5    6   21    0  677   20  144    5    7]
 [  27    9   12   54    9   16   18  988   51   13   36]
 [   5    2    1    3    9    0  154   15  558    4    2]
 [  10    3    1    0    1    5    4    3    1 1184   72]
 [   6    7    3    2    0    5    1    7    0   93 1029]]
Class Accuracies:
 [0.71594684 0.78631052 0.70185449 0.76142132 0.79405941 0.83333333
 0.74641676 0.80129765 0.74103586 0.92211838 0.89245447]
145/145 - 11s - 11s/epoch - 74ms/step
Epoch 8/200
Confusion Matrix:
 [[ 431   20   14   34   22    4   30   35    2    5    5]
 [  45  471    5    3   11    1   11   17    9    8   18]
 [  41    3  492   31    0   29    7   39    2    5   52]
 [  42    4   14  600    6    6    7   92    9    4    4]
 [  31    2    0    7  401    0   37    9   14    2    2]
 [  31    3    5   11    0  595    3   44    2    7   13]
 [  15    7    5    6   21    0  677   20  144    5    7]
 [  27    9   12   54    9   16   18  988   51   13   36]
 [   5    2    1    3    9    0  154   15  558    4    2]
 [  10    3    1    0    1    5    4    3    1 1184   72]
 [   6    7    3    2    0    5    1    7    0   93 1029]]
Class Accuracies:
 [0.71594684 0.78631052 0.70185449 0.76142132 0.79405941 0.83333333
 0.74641676 0.80129765 0.74103586 0.92211838 0.89245447]
145/145 - 11s - 11s/epoch - 74ms/step
Epoch 9/200
Confusion Matrix:
 [[ 431   20   14   34   22    4   30   35    2    5    5]
 [  45  471    5    3   11    1   11   17    9    8   18]
 [  41    3  492   31    0   29    7   39    2    5   52]
 [  42    4   14  600    6    6    7   92    9    4    4]
 [  31    2    0    7  401    0   37    9   14    2    2]
 [  31    3    5   11    0  595    3   44    2    7   13]
 [  15    7    5    6   21    0  677   20  144    5    7]
 [  27    9   12   54    9   16   18  988   51   13   36]
 [   5    2    1    3    9    0  154   15  558    4    2]
 [  10    3    1    0    1    5    4    3    1 1184   72]
 [   6    7    3    2    0    5    1    7    0   93 1029]]
Class Accuracies:
 [0.71594684 0.78631052 0.70185449 0.76142132 0.79405941 0.83333333
 0.74641676 0.80129765 0.74103586 0.92211838 0.89245447]
145/145 - 12s - 12s/epoch - 80ms/step
Epoch 10/200
Confusion Matrix:
 [[ 431   20   14   34   22    4   30   35    2    5    5]
 [  45  471    5    3   11    1   11   17    9    8   18]
 [  41    3  492   31    0   29    7   39    2    5   52]
 [  42    4   14  600    6    6    7   92    9    4    4]
 [  31    2    0    7  401    0   37    9   14    2    2]
 [  31    3    5   11    0  595    3   44    2    7   13]
 [  15    7    5    6   21    0  677   20  144    5    7]
 [  27    9   12   54    9   16   18  988   51   13   36]
 [   5    2    1    3    9    0  154   15  558    4    2]
 [  10    3    1    0    1    5    4    3    1 1184   72]
 [   6    7    3    2    0    5    1    7    0   93 1029]]
Class Accuracies:
 [0.71594684 0.78631052 0.70185449 0.76142132 0.79405941 0.83333333
 0.74641676 0.80129765 0.74103586 0.92211838 0.89245447]
145/145 - 11s - 11s/epoch - 79ms/step
Epoch 11/200
Confusion Matrix:
 [[ 431   20   14   34   22    4   30   35    2    5    5]
 [  45  471    5    3   11    1   11   17    9    8   18]
 [  41    3  492   31    0   29    7   39    2    5   52]
 [  42    4   14  600    6    6    7   92    9    4    4]
 [  31    2    0    7  401    0   37    9   14    2    2]
 [  31    3    5   11    0  595    3   44    2    7   13]
 [  15    7    5    6   21    0  677   20  144    5    7]
 [  27    9   12   54    9   16   18  988   51   13   36]
 [   5    2    1    3    9    0  154   15  558    4    2]
 [  10    3    1    0    1    5    4    3    1 1184   72]
 [   6    7    3    2    0    5    1    7    0   93 1029]]
Class Accuracies:
 [0.71594684 0.78631052 0.70185449 0.76142132 0.79405941 0.83333333
 0.74641676 0.80129765 0.74103586 0.92211838 0.89245447]
145/145 - 11s - 11s/epoch - 74ms/step
Epoch 12/200
Confusion Matrix:
 [[ 431   20   14   34   22    4   30   35    2    5    5]
 [  45  471    5    3   11    1   11   17    9    8   18]
 [  41    3  492   31    0   29    7   39    2    5   52]
 [  42    4   14  600    6    6    7   92    9    4    4]
 [  31    2    0    7  401    0   37    9   14    2    2]
 [  31    3    5   11    0  595    3   44    2    7   13]
 [  15    7    5    6   21    0  677   20  144    5    7]
 [  27    9   12   54    9   16   18  988   51   13   36]
 [   5    2    1    3    9    0  154   15  558    4    2]
 [  10    3    1    0    1    5    4    3    1 1184   72]
 [   6    7    3    2    0    5    1    7    0   93 1029]]
Class Accuracies:
 [0.71594684 0.78631052 0.70185449 0.76142132 0.79405941 0.83333333
 0.74641676 0.80129765 0.74103586 0.92211838 0.89245447]
145/145 - 11s - 11s/epoch - 74ms/step
Epoch 13/200
Confusion Matrix:
 [[ 431   20   14   34   22    4   30   35    2    5    5]
 [  45  471    5    3   11    1   11   17    9    8   18]
 [  41    3  492   31    0   29    7   39    2    5   52]
 [  42    4   14  600    6    6    7   92    9    4    4]
 [  31    2    0    7  401    0   37    9   14    2    2]
 [  31    3    5   11    0  595    3   44    2    7   13]
 [  15    7    5    6   21    0  677   20  144    5    7]
 [  27    9   12   54    9   16   18  988   51   13   36]
 [   5    2    1    3    9    0  154   15  558    4    2]
 [  10    3    1    0    1    5    4    3    1 1184   72]
 [   6    7    3    2    0    5    1    7    0   93 1029]]
Class Accuracies:
 [0.71594684 0.78631052 0.70185449 0.76142132 0.79405941 0.83333333
 0.74641676 0.80129765 0.74103586 0.92211838 0.89245447]
145/145 - 11s - 11s/epoch - 74ms/step
Epoch 14/200
Confusion Matrix:
 [[ 431   20   14   34   22    4   30   35    2    5    5]
 [  45  471    5    3   11    1   11   17    9    8   18]
 [  41    3  492   31    0   29    7   39    2    5   52]
 [  42    4   14  600    6    6    7   92    9    4    4]
 [  31    2    0    7  401    0   37    9   14    2    2]
 [  31    3    5   11    0  595    3   44    2    7   13]
 [  15    7    5    6   21    0  677   20  144    5    7]
 [  27    9   12   54    9   16   18  988   51   13   36]
 [   5    2    1    3    9    0  154   15  558    4    2]
 [  10    3    1    0    1    5    4    3    1 1184   72]
 [   6    7    3    2    0    5    1    7    0   93 1029]]
Class Accuracies:
 [0.71594684 0.78631052 0.70185449 0.76142132 0.79405941 0.83333333
 0.74641676 0.80129765 0.74103586 0.92211838 0.89245447]
145/145 - 11s - 11s/epoch - 78ms/step
Epoch 15/200
Confusion Matrix:
 [[ 431   20   14   34   22    4   30   35    2    5    5]
 [  45  471    5    3   11    1   11   17    9    8   18]
 [  41    3  492   31    0   29    7   39    2    5   52]
 [  42    4   14  600    6    6    7   92    9    4    4]
 [  31    2    0    7  401    0   37    9   14    2    2]
 [  31    3    5   11    0  595    3   44    2    7   13]
 [  15    7    5    6   21    0  677   20  144    5    7]
 [  27    9   12   54    9   16   18  988   51   13   36]
 [   5    2    1    3    9    0  154   15  558    4    2]
 [  10    3    1    0    1    5    4    3    1 1184   72]
 [   6    7    3    2    0    5    1    7    0   93 1029]]
Class Accuracies:
 [0.71594684 0.78631052 0.70185449 0.76142132 0.79405941 0.83333333
 0.74641676 0.80129765 0.74103586 0.92211838 0.89245447]
145/145 - 11s - 11s/epoch - 75ms/step
Epoch 16/200
Confusion Matrix:
 [[ 431   20   14   34   22    4   30   35    2    5    5]
 [  45  471    5    3   11    1   11   17    9    8   18]
 [  41    3  492   31    0   29    7   39    2    5   52]
 [  42    4   14  600    6    6    7   92    9    4    4]
 [  31    2    0    7  401    0   37    9   14    2    2]
 [  31    3    5   11    0  595    3   44    2    7   13]
 [  15    7    5    6   21    0  677   20  144    5    7]
 [  27    9   12   54    9   16   18  988   51   13   36]
 [   5    2    1    3    9    0  154   15  558    4    2]
 [  10    3    1    0    1    5    4    3    1 1184   72]
 [   6    7    3    2    0    5    1    7    0   93 1029]]
Class Accuracies:
 [0.71594684 0.78631052 0.70185449 0.76142132 0.79405941 0.83333333
 0.74641676 0.80129765 0.74103586 0.92211838 0.89245447]
145/145 - 11s - 11s/epoch - 75ms/step
Epoch 17/200
Confusion Matrix:
 [[ 431   20   14   34   22    4   30   35    2    5    5]
 [  45  471    5    3   11    1   11   17    9    8   18]
 [  41    3  492   31    0   29    7   39    2    5   52]
 [  42    4   14  600    6    6    7   92    9    4    4]
 [  31    2    0    7  401    0   37    9   14    2    2]
 [  31    3    5   11    0  595    3   44    2    7   13]
 [  15    7    5    6   21    0  677   20  144    5    7]
 [  27    9   12   54    9   16   18  988   51   13   36]
 [   5    2    1    3    9    0  154   15  558    4    2]
 [  10    3    1    0    1    5    4    3    1 1184   72]
 [   6    7    3    2    0    5    1    7    0   93 1029]]
Class Accuracies:
 [0.71594684 0.78631052 0.70185449 0.76142132 0.79405941 0.83333333
 0.74641676 0.80129765 0.74103586 0.92211838 0.89245447]
145/145 - 11s - 11s/epoch - 74ms/step
Epoch 18/200
Confusion Matrix:
 [[ 431   20   14   34   22    4   30   35    2    5    5]
 [  45  471    5    3   11    1   11   17    9    8   18]
 [  41    3  492   31    0   29    7   39    2    5   52]
 [  42    4   14  600    6    6    7   92    9    4    4]
 [  31    2    0    7  401    0   37    9   14    2    2]
 [  31    3    5   11    0  595    3   44    2    7   13]
 [  15    7    5    6   21    0  677   20  144    5    7]
 [  27    9   12   54    9   16   18  988   51   13   36]
 [   5    2    1    3    9    0  154   15  558    4    2]
 [  10    3    1    0    1    5    4    3    1 1184   72]
 [   6    7    3    2    0    5    1    7    0   93 1029]]
Class Accuracies:
 [0.71594684 0.78631052 0.70185449 0.76142132 0.79405941 0.83333333
 0.74641676 0.80129765 0.74103586 0.92211838 0.89245447]
145/145 - 11s - 11s/epoch - 74ms/step
Epoch 19/200
Confusion Matrix:
 [[ 431   20   14   34   22    4   30   35    2    5    5]
 [  45  471    5    3   11    1   11   17    9    8   18]
 [  41    3  492   31    0   29    7   39    2    5   52]
 [  42    4   14  600    6    6    7   92    9    4    4]
 [  31    2    0    7  401    0   37    9   14    2    2]
 [  31    3    5   11    0  595    3   44    2    7   13]
 [  15    7    5    6   21    0  677   20  144    5    7]
 [  27    9   12   54    9   16   18  988   51   13   36]
 [   5    2    1    3    9    0  154   15  558    4    2]
 [  10    3    1    0    1    5    4    3    1 1184   72]
 [   6    7    3    2    0    5    1    7    0   93 1029]]
Class Accuracies:
 [0.71594684 0.78631052 0.70185449 0.76142132 0.79405941 0.83333333
 0.74641676 0.80129765 0.74103586 0.92211838 0.89245447]
145/145 - 11s - 11s/epoch - 79ms/step
Epoch 20/200
Confusion Matrix:
 [[ 431   20   14   34   22    4   30   35    2    5    5]
 [  45  471    5    3   11    1   11   17    9    8   18]
 [  41    3  492   31    0   29    7   39    2    5   52]
 [  42    4   14  600    6    6    7   92    9    4    4]
 [  31    2    0    7  401    0   37    9   14    2    2]
 [  31    3    5   11    0  595    3   44    2    7   13]
 [  15    7    5    6   21    0  677   20  144    5    7]
 [  27    9   12   54    9   16   18  988   51   13   36]
 [   5    2    1    3    9    0  154   15  558    4    2]
 [  10    3    1    0    1    5    4    3    1 1184   72]
 [   6    7    3    2    0    5    1    7    0   93 1029]]
Class Accuracies:
 [0.71594684 0.78631052 0.70185449 0.76142132 0.79405941 0.83333333
 0.74641676 0.80129765 0.74103586 0.92211838 0.89245447]
145/145 - 11s - 11s/epoch - 74ms/step
Epoch 21/200
Confusion Matrix:
 [[ 431   20   14   34   22    4   30   35    2    5    5]
 [  45  471    5    3   11    1   11   17    9    8   18]
 [  41    3  492   31    0   29    7   39    2    5   52]
 [  42    4   14  600    6    6    7   92    9    4    4]
 [  31    2    0    7  401    0   37    9   14    2    2]
 [  31    3    5   11    0  595    3   44    2    7   13]
 [  15    7    5    6   21    0  677   20  144    5    7]
 [  27    9   12   54    9   16   18  988   51   13   36]
 [   5    2    1    3    9    0  154   15  558    4    2]
 [  10    3    1    0    1    5    4    3    1 1184   72]
 [   6    7    3    2    0    5    1    7    0   93 1029]]
Class Accuracies:
 [0.71594684 0.78631052 0.70185449 0.76142132 0.79405941 0.83333333
 0.74641676 0.80129765 0.74103586 0.92211838 0.89245447]
145/145 - 11s - 11s/epoch - 74ms/step
Epoch 22/200
Confusion Matrix:
 [[ 431   20   14   34   22    4   30   35    2    5    5]
 [  45  471    5    3   11    1   11   17    9    8   18]
 [  41    3  492   31    0   29    7   39    2    5   52]
 [  42    4   14  600    6    6    7   92    9    4    4]
 [  31    2    0    7  401    0   37    9   14    2    2]
 [  31    3    5   11    0  595    3   44    2    7   13]
 [  15    7    5    6   21    0  677   20  144    5    7]
 [  27    9   12   54    9   16   18  988   51   13   36]
 [   5    2    1    3    9    0  154   15  558    4    2]
 [  10    3    1    0    1    5    4    3    1 1184   72]
 [   6    7    3    2    0    5    1    7    0   93 1029]]
Class Accuracies:
 [0.71594684 0.78631052 0.70185449 0.76142132 0.79405941 0.83333333
 0.74641676 0.80129765 0.74103586 0.92211838 0.89245447]
145/145 - 11s - 11s/epoch - 75ms/step
Epoch 23/200
Confusion Matrix:
 [[ 431   20   14   34   22    4   30   35    2    5    5]
 [  45  471    5    3   11    1   11   17    9    8   18]
 [  41    3  492   31    0   29    7   39    2    5   52]
 [  42    4   14  600    6    6    7   92    9    4    4]
 [  31    2    0    7  401    0   37    9   14    2    2]
 [  31    3    5   11    0  595    3   44    2    7   13]
 [  15    7    5    6   21    0  677   20  144    5    7]
 [  27    9   12   54    9   16   18  988   51   13   36]
 [   5    2    1    3    9    0  154   15  558    4    2]
 [  10    3    1    0    1    5    4    3    1 1184   72]
 [   6    7    3    2    0    5    1    7    0   93 1029]]
Class Accuracies:
 [0.71594684 0.78631052 0.70185449 0.76142132 0.79405941 0.83333333
 0.74641676 0.80129765 0.74103586 0.92211838 0.89245447]
145/145 - 12s - 12s/epoch - 79ms/step
Epoch 24/200
Confusion Matrix:
 [[ 431   20   14   34   22    4   30   35    2    5    5]
 [  45  471    5    3   11    1   11   17    9    8   18]
 [  41    3  492   31    0   29    7   39    2    5   52]
 [  42    4   14  600    6    6    7   92    9    4    4]
 [  31    2    0    7  401    0   37    9   14    2    2]
 [  31    3    5   11    0  595    3   44    2    7   13]
 [  15    7    5    6   21    0  677   20  144    5    7]
 [  27    9   12   54    9   16   18  988   51   13   36]
 [   5    2    1    3    9    0  154   15  558    4    2]
 [  10    3    1    0    1    5    4    3    1 1184   72]
 [   6    7    3    2    0    5    1    7    0   93 1029]]
Class Accuracies:
 [0.71594684 0.78631052 0.70185449 0.76142132 0.79405941 0.83333333
 0.74641676 0.80129765 0.74103586 0.92211838 0.89245447]
145/145 - 11s - 11s/epoch - 79ms/step
Epoch 25/200
Confusion Matrix:
 [[ 431   20   14   34   22    4   30   35    2    5    5]
 [  45  471    5    3   11    1   11   17    9    8   18]
 [  41    3  492   31    0   29    7   39    2    5   52]
 [  42    4   14  600    6    6    7   92    9    4    4]
 [  31    2    0    7  401    0   37    9   14    2    2]
 [  31    3    5   11    0  595    3   44    2    7   13]
 [  15    7    5    6   21    0  677   20  144    5    7]
 [  27    9   12   54    9   16   18  988   51   13   36]
 [   5    2    1    3    9    0  154   15  558    4    2]
 [  10    3    1    0    1    5    4    3    1 1184   72]
 [   6    7    3    2    0    5    1    7    0   93 1029]]
Class Accuracies:
 [0.71594684 0.78631052 0.70185449 0.76142132 0.79405941 0.83333333
 0.74641676 0.80129765 0.74103586 0.92211838 0.89245447]
145/145 - 11s - 11s/epoch - 75ms/step
Epoch 26/200
Confusion Matrix:
 [[ 431   20   14   34   22    4   30   35    2    5    5]
 [  45  471    5    3   11    1   11   17    9    8   18]
 [  41    3  492   31    0   29    7   39    2    5   52]
 [  42    4   14  600    6    6    7   92    9    4    4]
 [  31    2    0    7  401    0   37    9   14    2    2]
 [  31    3    5   11    0  595    3   44    2    7   13]
 [  15    7    5    6   21    0  677   20  144    5    7]
 [  27    9   12   54    9   16   18  988   51   13   36]
 [   5    2    1    3    9    0  154   15  558    4    2]
 [  10    3    1    0    1    5    4    3    1 1184   72]
 [   6    7    3    2    0    5    1    7    0   93 1029]]
Class Accuracies:
 [0.71594684 0.78631052 0.70185449 0.76142132 0.79405941 0.83333333
 0.74641676 0.80129765 0.74103586 0.92211838 0.89245447]
145/145 - 11s - 11s/epoch - 75ms/step
Epoch 27/200
Confusion Matrix:
 [[ 431   20   14   34   22    4   30   35    2    5    5]
 [  45  471    5    3   11    1   11   17    9    8   18]
 [  41    3  492   31    0   29    7   39    2    5   52]
 [  42    4   14  600    6    6    7   92    9    4    4]
 [  31    2    0    7  401    0   37    9   14    2    2]
 [  31    3    5   11    0  595    3   44    2    7   13]
 [  15    7    5    6   21    0  677   20  144    5    7]
 [  27    9   12   54    9   16   18  988   51   13   36]
 [   5    2    1    3    9    0  154   15  558    4    2]
 [  10    3    1    0    1    5    4    3    1 1184   72]
 [   6    7    3    2    0    5    1    7    0   93 1029]]
Class Accuracies:
 [0.71594684 0.78631052 0.70185449 0.76142132 0.79405941 0.83333333
 0.74641676 0.80129765 0.74103586 0.92211838 0.89245447]
145/145 - 11s - 11s/epoch - 74ms/step
Epoch 28/200
Confusion Matrix:
 [[ 431   20   14   34   22    4   30   35    2    5    5]
 [  45  471    5    3   11    1   11   17    9    8   18]
 [  41    3  492   31    0   29    7   39    2    5   52]
 [  42    4   14  600    6    6    7   92    9    4    4]
 [  31    2    0    7  401    0   37    9   14    2    2]
 [  31    3    5   11    0  595    3   44    2    7   13]
 [  15    7    5    6   21    0  677   20  144    5    7]
 [  27    9   12   54    9   16   18  988   51   13   36]
 [   5    2    1    3    9    0  154   15  558    4    2]
 [  10    3    1    0    1    5    4    3    1 1184   72]
 [   6    7    3    2    0    5    1    7    0   93 1029]]
Class Accuracies:
 [0.71594684 0.78631052 0.70185449 0.76142132 0.79405941 0.83333333
 0.74641676 0.80129765 0.74103586 0.92211838 0.89245447]
145/145 - 11s - 11s/epoch - 79ms/step
Epoch 29/200
Confusion Matrix:
 [[ 431   20   14   34   22    4   30   35    2    5    5]
 [  45  471    5    3   11    1   11   17    9    8   18]
 [  41    3  492   31    0   29    7   39    2    5   52]
 [  42    4   14  600    6    6    7   92    9    4    4]
 [  31    2    0    7  401    0   37    9   14    2    2]
 [  31    3    5   11    0  595    3   44    2    7   13]
 [  15    7    5    6   21    0  677   20  144    5    7]
 [  27    9   12   54    9   16   18  988   51   13   36]
 [   5    2    1    3    9    0  154   15  558    4    2]
 [  10    3    1    0    1    5    4    3    1 1184   72]
 [   6    7    3    2    0    5    1    7    0   93 1029]]
Class Accuracies:
 [0.71594684 0.78631052 0.70185449 0.76142132 0.79405941 0.83333333
 0.74641676 0.80129765 0.74103586 0.92211838 0.89245447]
145/145 - 11s - 11s/epoch - 75ms/step
Epoch 30/200
Confusion Matrix:
 [[ 431   20   14   34   22    4   30   35    2    5    5]
 [  45  471    5    3   11    1   11   17    9    8   18]
 [  41    3  492   31    0   29    7   39    2    5   52]
 [  42    4   14  600    6    6    7   92    9    4    4]
 [  31    2    0    7  401    0   37    9   14    2    2]
 [  31    3    5   11    0  595    3   44    2    7   13]
 [  15    7    5    6   21    0  677   20  144    5    7]
 [  27    9   12   54    9   16   18  988   51   13   36]
 [   5    2    1    3    9    0  154   15  558    4    2]
 [  10    3    1    0    1    5    4    3    1 1184   72]
 [   6    7    3    2    0    5    1    7    0   93 1029]]
Class Accuracies:
 [0.71594684 0.78631052 0.70185449 0.76142132 0.79405941 0.83333333
 0.74641676 0.80129765 0.74103586 0.92211838 0.89245447]
145/145 - 11s - 11s/epoch - 74ms/step
Epoch 31/200
Confusion Matrix:
 [[ 431   20   14   34   22    4   30   35    2    5    5]
 [  45  471    5    3   11    1   11   17    9    8   18]
 [  41    3  492   31    0   29    7   39    2    5   52]
 [  42    4   14  600    6    6    7   92    9    4    4]
 [  31    2    0    7  401    0   37    9   14    2    2]
 [  31    3    5   11    0  595    3   44    2    7   13]
 [  15    7    5    6   21    0  677   20  144    5    7]
 [  27    9   12   54    9   16   18  988   51   13   36]
 [   5    2    1    3    9    0  154   15  558    4    2]
 [  10    3    1    0    1    5    4    3    1 1184   72]
 [   6    7    3    2    0    5    1    7    0   93 1029]]
Class Accuracies:
 [0.71594684 0.78631052 0.70185449 0.76142132 0.79405941 0.83333333
 0.74641676 0.80129765 0.74103586 0.92211838 0.89245447]
145/145 - 11s - 11s/epoch - 74ms/step
Epoch 32/200
Confusion Matrix:
 [[ 431   20   14   34   22    4   30   35    2    5    5]
 [  45  471    5    3   11    1   11   17    9    8   18]
 [  41    3  492   31    0   29    7   39    2    5   52]
 [  42    4   14  600    6    6    7   92    9    4    4]
 [  31    2    0    7  401    0   37    9   14    2    2]
 [  31    3    5   11    0  595    3   44    2    7   13]
 [  15    7    5    6   21    0  677   20  144    5    7]
 [  27    9   12   54    9   16   18  988   51   13   36]
 [   5    2    1    3    9    0  154   15  558    4    2]
 [  10    3    1    0    1    5    4    3    1 1184   72]
 [   6    7    3    2    0    5    1    7    0   93 1029]]
Class Accuracies:
 [0.71594684 0.78631052 0.70185449 0.76142132 0.79405941 0.83333333
 0.74641676 0.80129765 0.74103586 0.92211838 0.89245447]
145/145 - 11s - 11s/epoch - 75ms/step
Epoch 33/200
Confusion Matrix:
 [[ 431   20   14   34   22    4   30   35    2    5    5]
 [  45  471    5    3   11    1   11   17    9    8   18]
 [  41    3  492   31    0   29    7   39    2    5   52]
 [  42    4   14  600    6    6    7   92    9    4    4]
 [  31    2    0    7  401    0   37    9   14    2    2]
 [  31    3    5   11    0  595    3   44    2    7   13]
 [  15    7    5    6   21    0  677   20  144    5    7]
 [  27    9   12   54    9   16   18  988   51   13   36]
 [   5    2    1    3    9    0  154   15  558    4    2]
 [  10    3    1    0    1    5    4    3    1 1184   72]
 [   6    7    3    2    0    5    1    7    0   93 1029]]
Class Accuracies:
 [0.71594684 0.78631052 0.70185449 0.76142132 0.79405941 0.83333333
 0.74641676 0.80129765 0.74103586 0.92211838 0.89245447]
145/145 - 11s - 11s/epoch - 79ms/step
Epoch 34/200
Confusion Matrix:
 [[ 431   20   14   34   22    4   30   35    2    5    5]
 [  45  471    5    3   11    1   11   17    9    8   18]
 [  41    3  492   31    0   29    7   39    2    5   52]
 [  42    4   14  600    6    6    7   92    9    4    4]
 [  31    2    0    7  401    0   37    9   14    2    2]
 [  31    3    5   11    0  595    3   44    2    7   13]
 [  15    7    5    6   21    0  677   20  144    5    7]
 [  27    9   12   54    9   16   18  988   51   13   36]
 [   5    2    1    3    9    0  154   15  558    4    2]
 [  10    3    1    0    1    5    4    3    1 1184   72]
 [   6    7    3    2    0    5    1    7    0   93 1029]]
Class Accuracies:
 [0.71594684 0.78631052 0.70185449 0.76142132 0.79405941 0.83333333
 0.74641676 0.80129765 0.74103586 0.92211838 0.89245447]
145/145 - 11s - 11s/epoch - 74ms/step
Epoch 35/200
Confusion Matrix:
 [[ 431   20   14   34   22    4   30   35    2    5    5]
 [  45  471    5    3   11    1   11   17    9    8   18]
 [  41    3  492   31    0   29    7   39    2    5   52]
 [  42    4   14  600    6    6    7   92    9    4    4]
 [  31    2    0    7  401    0   37    9   14    2    2]
 [  31    3    5   11    0  595    3   44    2    7   13]
 [  15    7    5    6   21    0  677   20  144    5    7]
 [  27    9   12   54    9   16   18  988   51   13   36]
 [   5    2    1    3    9    0  154   15  558    4    2]
 [  10    3    1    0    1    5    4    3    1 1184   72]
 [   6    7    3    2    0    5    1    7    0   93 1029]]
Class Accuracies:
 [0.71594684 0.78631052 0.70185449 0.76142132 0.79405941 0.83333333
 0.74641676 0.80129765 0.74103586 0.92211838 0.89245447]
145/145 - 11s - 11s/epoch - 74ms/step
Epoch 36/200
Confusion Matrix:
 [[ 431   20   14   34   22    4   30   35    2    5    5]
 [  45  471    5    3   11    1   11   17    9    8   18]
 [  41    3  492   31    0   29    7   39    2    5   52]
 [  42    4   14  600    6    6    7   92    9    4    4]
 [  31    2    0    7  401    0   37    9   14    2    2]
 [  31    3    5   11    0  595    3   44    2    7   13]
 [  15    7    5    6   21    0  677   20  144    5    7]
 [  27    9   12   54    9   16   18  988   51   13   36]
 [   5    2    1    3    9    0  154   15  558    4    2]
 [  10    3    1    0    1    5    4    3    1 1184   72]
 [   6    7    3    2    0    5    1    7    0   93 1029]]
Class Accuracies:
 [0.71594684 0.78631052 0.70185449 0.76142132 0.79405941 0.83333333
 0.74641676 0.80129765 0.74103586 0.92211838 0.89245447]
145/145 - 11s - 11s/epoch - 75ms/step
Epoch 37/200
Confusion Matrix:
 [[ 431   20   14   34   22    4   30   35    2    5    5]
 [  45  471    5    3   11    1   11   17    9    8   18]
 [  41    3  492   31    0   29    7   39    2    5   52]
 [  42    4   14  600    6    6    7   92    9    4    4]
 [  31    2    0    7  401    0   37    9   14    2    2]
 [  31    3    5   11    0  595    3   44    2    7   13]
 [  15    7    5    6   21    0  677   20  144    5    7]
 [  27    9   12   54    9   16   18  988   51   13   36]
 [   5    2    1    3    9    0  154   15  558    4    2]
 [  10    3    1    0    1    5    4    3    1 1184   72]
 [   6    7    3    2    0    5    1    7    0   93 1029]]
Class Accuracies:
 [0.71594684 0.78631052 0.70185449 0.76142132 0.79405941 0.83333333
 0.74641676 0.80129765 0.74103586 0.92211838 0.89245447]
145/145 - 11s - 11s/epoch - 74ms/step
Epoch 38/200
Confusion Matrix:
 [[ 431   20   14   34   22    4   30   35    2    5    5]
 [  45  471    5    3   11    1   11   17    9    8   18]
 [  41    3  492   31    0   29    7   39    2    5   52]
 [  42    4   14  600    6    6    7   92    9    4    4]
 [  31    2    0    7  401    0   37    9   14    2    2]
 [  31    3    5   11    0  595    3   44    2    7   13]
 [  15    7    5    6   21    0  677   20  144    5    7]
 [  27    9   12   54    9   16   18  988   51   13   36]
 [   5    2    1    3    9    0  154   15  558    4    2]
 [  10    3    1    0    1    5    4    3    1 1184   72]
 [   6    7    3    2    0    5    1    7    0   93 1029]]
Class Accuracies:
 [0.71594684 0.78631052 0.70185449 0.76142132 0.79405941 0.83333333
 0.74641676 0.80129765 0.74103586 0.92211838 0.89245447]
145/145 - 12s - 12s/epoch - 81ms/step
Epoch 39/200
Confusion Matrix:
 [[ 431   20   14   34   22    4   30   35    2    5    5]
 [  45  471    5    3   11    1   11   17    9    8   18]
 [  41    3  492   31    0   29    7   39    2    5   52]
 [  42    4   14  600    6    6    7   92    9    4    4]
 [  31    2    0    7  401    0   37    9   14    2    2]
 [  31    3    5   11    0  595    3   44    2    7   13]
 [  15    7    5    6   21    0  677   20  144    5    7]
 [  27    9   12   54    9   16   18  988   51   13   36]
 [   5    2    1    3    9    0  154   15  558    4    2]
 [  10    3    1    0    1    5    4    3    1 1184   72]
 [   6    7    3    2    0    5    1    7    0   93 1029]]
Class Accuracies:
 [0.71594684 0.78631052 0.70185449 0.76142132 0.79405941 0.83333333
 0.74641676 0.80129765 0.74103586 0.92211838 0.89245447]
145/145 - 11s - 11s/epoch - 76ms/step
Epoch 40/200
Confusion Matrix:
 [[ 431   20   14   34   22    4   30   35    2    5    5]
 [  45  471    5    3   11    1   11   17    9    8   18]
 [  41    3  492   31    0   29    7   39    2    5   52]
 [  42    4   14  600    6    6    7   92    9    4    4]
 [  31    2    0    7  401    0   37    9   14    2    2]
 [  31    3    5   11    0  595    3   44    2    7   13]
 [  15    7    5    6   21    0  677   20  144    5    7]
 [  27    9   12   54    9   16   18  988   51   13   36]
 [   5    2    1    3    9    0  154   15  558    4    2]
 [  10    3    1    0    1    5    4    3    1 1184   72]
 [   6    7    3    2    0    5    1    7    0   93 1029]]
Class Accuracies:
 [0.71594684 0.78631052 0.70185449 0.76142132 0.79405941 0.83333333
 0.74641676 0.80129765 0.74103586 0.92211838 0.89245447]
145/145 - 11s - 11s/epoch - 75ms/step
Epoch 41/200
Confusion Matrix:
 [[ 431   20   14   34   22    4   30   35    2    5    5]
 [  45  471    5    3   11    1   11   17    9    8   18]
 [  41    3  492   31    0   29    7   39    2    5   52]
 [  42    4   14  600    6    6    7   92    9    4    4]
 [  31    2    0    7  401    0   37    9   14    2    2]
 [  31    3    5   11    0  595    3   44    2    7   13]
 [  15    7    5    6   21    0  677   20  144    5    7]
 [  27    9   12   54    9   16   18  988   51   13   36]
 [   5    2    1    3    9    0  154   15  558    4    2]
 [  10    3    1    0    1    5    4    3    1 1184   72]
 [   6    7    3    2    0    5    1    7    0   93 1029]]
Class Accuracies:
 [0.71594684 0.78631052 0.70185449 0.76142132 0.79405941 0.83333333
 0.74641676 0.80129765 0.74103586 0.92211838 0.89245447]
145/145 - 11s - 11s/epoch - 75ms/step
Epoch 42/200
Confusion Matrix:
 [[ 431   20   14   34   22    4   30   35    2    5    5]
 [  45  471    5    3   11    1   11   17    9    8   18]
 [  41    3  492   31    0   29    7   39    2    5   52]
 [  42    4   14  600    6    6    7   92    9    4    4]
 [  31    2    0    7  401    0   37    9   14    2    2]
 [  31    3    5   11    0  595    3   44    2    7   13]
 [  15    7    5    6   21    0  677   20  144    5    7]
 [  27    9   12   54    9   16   18  988   51   13   36]
 [   5    2    1    3    9    0  154   15  558    4    2]
 [  10    3    1    0    1    5    4    3    1 1184   72]
 [   6    7    3    2    0    5    1    7    0   93 1029]]
Class Accuracies:
 [0.71594684 0.78631052 0.70185449 0.76142132 0.79405941 0.83333333
 0.74641676 0.80129765 0.74103586 0.92211838 0.89245447]
145/145 - 11s - 11s/epoch - 75ms/step
Epoch 43/200
Confusion Matrix:
 [[ 431   20   14   34   22    4   30   35    2    5    5]
 [  45  471    5    3   11    1   11   17    9    8   18]
 [  41    3  492   31    0   29    7   39    2    5   52]
 [  42    4   14  600    6    6    7   92    9    4    4]
 [  31    2    0    7  401    0   37    9   14    2    2]
 [  31    3    5   11    0  595    3   44    2    7   13]
 [  15    7    5    6   21    0  677   20  144    5    7]
 [  27    9   12   54    9   16   18  988   51   13   36]
 [   5    2    1    3    9    0  154   15  558    4    2]
 [  10    3    1    0    1    5    4    3    1 1184   72]
 [   6    7    3    2    0    5    1    7    0   93 1029]]
Class Accuracies:
 [0.71594684 0.78631052 0.70185449 0.76142132 0.79405941 0.83333333
 0.74641676 0.80129765 0.74103586 0.92211838 0.89245447]
145/145 - 11s - 11s/epoch - 79ms/step
Epoch 44/200
Confusion Matrix:
 [[ 431   20   14   34   22    4   30   35    2    5    5]
 [  45  471    5    3   11    1   11   17    9    8   18]
 [  41    3  492   31    0   29    7   39    2    5   52]
 [  42    4   14  600    6    6    7   92    9    4    4]
 [  31    2    0    7  401    0   37    9   14    2    2]
 [  31    3    5   11    0  595    3   44    2    7   13]
 [  15    7    5    6   21    0  677   20  144    5    7]
 [  27    9   12   54    9   16   18  988   51   13   36]
 [   5    2    1    3    9    0  154   15  558    4    2]
 [  10    3    1    0    1    5    4    3    1 1184   72]
 [   6    7    3    2    0    5    1    7    0   93 1029]]
Class Accuracies:
 [0.71594684 0.78631052 0.70185449 0.76142132 0.79405941 0.83333333
 0.74641676 0.80129765 0.74103586 0.92211838 0.89245447]
145/145 - 11s - 11s/epoch - 75ms/step
Epoch 45/200
Confusion Matrix:
 [[ 431   20   14   34   22    4   30   35    2    5    5]
 [  45  471    5    3   11    1   11   17    9    8   18]
 [  41    3  492   31    0   29    7   39    2    5   52]
 [  42    4   14  600    6    6    7   92    9    4    4]
 [  31    2    0    7  401    0   37    9   14    2    2]
 [  31    3    5   11    0  595    3   44    2    7   13]
 [  15    7    5    6   21    0  677   20  144    5    7]
 [  27    9   12   54    9   16   18  988   51   13   36]
 [   5    2    1    3    9    0  154   15  558    4    2]
 [  10    3    1    0    1    5    4    3    1 1184   72]
 [   6    7    3    2    0    5    1    7    0   93 1029]]
Class Accuracies:
 [0.71594684 0.78631052 0.70185449 0.76142132 0.79405941 0.83333333
 0.74641676 0.80129765 0.74103586 0.92211838 0.89245447]
145/145 - 11s - 11s/epoch - 75ms/step
Epoch 46/200
Confusion Matrix:
 [[ 431   20   14   34   22    4   30   35    2    5    5]
 [  45  471    5    3   11    1   11   17    9    8   18]
 [  41    3  492   31    0   29    7   39    2    5   52]
 [  42    4   14  600    6    6    7   92    9    4    4]
 [  31    2    0    7  401    0   37    9   14    2    2]
 [  31    3    5   11    0  595    3   44    2    7   13]
 [  15    7    5    6   21    0  677   20  144    5    7]
 [  27    9   12   54    9   16   18  988   51   13   36]
 [   5    2    1    3    9    0  154   15  558    4    2]
 [  10    3    1    0    1    5    4    3    1 1184   72]
 [   6    7    3    2    0    5    1    7    0   93 1029]]
Class Accuracies:
 [0.71594684 0.78631052 0.70185449 0.76142132 0.79405941 0.83333333
 0.74641676 0.80129765 0.74103586 0.92211838 0.89245447]
145/145 - 11s - 11s/epoch - 75ms/step
Epoch 47/200
Confusion Matrix:
 [[ 431   20   14   34   22    4   30   35    2    5    5]
 [  45  471    5    3   11    1   11   17    9    8   18]
 [  41    3  492   31    0   29    7   39    2    5   52]
 [  42    4   14  600    6    6    7   92    9    4    4]
 [  31    2    0    7  401    0   37    9   14    2    2]
 [  31    3    5   11    0  595    3   44    2    7   13]
 [  15    7    5    6   21    0  677   20  144    5    7]
 [  27    9   12   54    9   16   18  988   51   13   36]
 [   5    2    1    3    9    0  154   15  558    4    2]
 [  10    3    1    0    1    5    4    3    1 1184   72]
 [   6    7    3    2    0    5    1    7    0   93 1029]]
Class Accuracies:
 [0.71594684 0.78631052 0.70185449 0.76142132 0.79405941 0.83333333
 0.74641676 0.80129765 0.74103586 0.92211838 0.89245447]
145/145 - 11s - 11s/epoch - 75ms/step
Epoch 48/200
Confusion Matrix:
 [[ 431   20   14   34   22    4   30   35    2    5    5]
 [  45  471    5    3   11    1   11   17    9    8   18]
 [  41    3  492   31    0   29    7   39    2    5   52]
 [  42    4   14  600    6    6    7   92    9    4    4]
 [  31    2    0    7  401    0   37    9   14    2    2]
 [  31    3    5   11    0  595    3   44    2    7   13]
 [  15    7    5    6   21    0  677   20  144    5    7]
 [  27    9   12   54    9   16   18  988   51   13   36]
 [   5    2    1    3    9    0  154   15  558    4    2]
 [  10    3    1    0    1    5    4    3    1 1184   72]
 [   6    7    3    2    0    5    1    7    0   93 1029]]
Class Accuracies:
 [0.71594684 0.78631052 0.70185449 0.76142132 0.79405941 0.83333333
 0.74641676 0.80129765 0.74103586 0.92211838 0.89245447]
145/145 - 11s - 11s/epoch - 74ms/step
Epoch 49/200
Confusion Matrix:
 [[ 431   20   14   34   22    4   30   35    2    5    5]
 [  45  471    5    3   11    1   11   17    9    8   18]
 [  41    3  492   31    0   29    7   39    2    5   52]
 [  42    4   14  600    6    6    7   92    9    4    4]
 [  31    2    0    7  401    0   37    9   14    2    2]
 [  31    3    5   11    0  595    3   44    2    7   13]
 [  15    7    5    6   21    0  677   20  144    5    7]
 [  27    9   12   54    9   16   18  988   51   13   36]
 [   5    2    1    3    9    0  154   15  558    4    2]
 [  10    3    1    0    1    5    4    3    1 1184   72]
 [   6    7    3    2    0    5    1    7    0   93 1029]]
Class Accuracies:
 [0.71594684 0.78631052 0.70185449 0.76142132 0.79405941 0.83333333
 0.74641676 0.80129765 0.74103586 0.92211838 0.89245447]
145/145 - 12s - 12s/epoch - 79ms/step
Epoch 50/200
Confusion Matrix:
 [[ 431   20   14   34   22    4   30   35    2    5    5]
 [  45  471    5    3   11    1   11   17    9    8   18]
 [  41    3  492   31    0   29    7   39    2    5   52]
 [  42    4   14  600    6    6    7   92    9    4    4]
 [  31    2    0    7  401    0   37    9   14    2    2]
 [  31    3    5   11    0  595    3   44    2    7   13]
 [  15    7    5    6   21    0  677   20  144    5    7]
 [  27    9   12   54    9   16   18  988   51   13   36]
 [   5    2    1    3    9    0  154   15  558    4    2]
 [  10    3    1    0    1    5    4    3    1 1184   72]
 [   6    7    3    2    0    5    1    7    0   93 1029]]
Class Accuracies:
 [0.71594684 0.78631052 0.70185449 0.76142132 0.79405941 0.83333333
 0.74641676 0.80129765 0.74103586 0.92211838 0.89245447]
145/145 - 11s - 11s/epoch - 75ms/step
Epoch 51/200
Confusion Matrix:
 [[ 431   20   14   34   22    4   30   35    2    5    5]
 [  45  471    5    3   11    1   11   17    9    8   18]
 [  41    3  492   31    0   29    7   39    2    5   52]
 [  42    4   14  600    6    6    7   92    9    4    4]
 [  31    2    0    7  401    0   37    9   14    2    2]
 [  31    3    5   11    0  595    3   44    2    7   13]
 [  15    7    5    6   21    0  677   20  144    5    7]
 [  27    9   12   54    9   16   18  988   51   13   36]
 [   5    2    1    3    9    0  154   15  558    4    2]
 [  10    3    1    0    1    5    4    3    1 1184   72]
 [   6    7    3    2    0    5    1    7    0   93 1029]]
Class Accuracies:
 [0.71594684 0.78631052 0.70185449 0.76142132 0.79405941 0.83333333
 0.74641676 0.80129765 0.74103586 0.92211838 0.89245447]
145/145 - 11s - 11s/epoch - 75ms/step
Epoch 52/200
Confusion Matrix:
 [[ 431   20   14   34   22    4   30   35    2    5    5]
 [  45  471    5    3   11    1   11   17    9    8   18]
 [  41    3  492   31    0   29    7   39    2    5   52]
 [  42    4   14  600    6    6    7   92    9    4    4]
 [  31    2    0    7  401    0   37    9   14    2    2]
 [  31    3    5   11    0  595    3   44    2    7   13]
 [  15    7    5    6   21    0  677   20  144    5    7]
 [  27    9   12   54    9   16   18  988   51   13   36]
 [   5    2    1    3    9    0  154   15  558    4    2]
 [  10    3    1    0    1    5    4    3    1 1184   72]
 [   6    7    3    2    0    5    1    7    0   93 1029]]
Class Accuracies:
 [0.71594684 0.78631052 0.70185449 0.76142132 0.79405941 0.83333333
 0.74641676 0.80129765 0.74103586 0.92211838 0.89245447]
145/145 - 11s - 11s/epoch - 75ms/step
Epoch 53/200
Confusion Matrix:
 [[ 431   20   14   34   22    4   30   35    2    5    5]
 [  45  471    5    3   11    1   11   17    9    8   18]
 [  41    3  492   31    0   29    7   39    2    5   52]
 [  42    4   14  600    6    6    7   92    9    4    4]
 [  31    2    0    7  401    0   37    9   14    2    2]
 [  31    3    5   11    0  595    3   44    2    7   13]
 [  15    7    5    6   21    0  677   20  144    5    7]
 [  27    9   12   54    9   16   18  988   51   13   36]
 [   5    2    1    3    9    0  154   15  558    4    2]
 [  10    3    1    0    1    5    4    3    1 1184   72]
 [   6    7    3    2    0    5    1    7    0   93 1029]]
Class Accuracies:
 [0.71594684 0.78631052 0.70185449 0.76142132 0.79405941 0.83333333
 0.74641676 0.80129765 0.74103586 0.92211838 0.89245447]
145/145 - 11s - 11s/epoch - 76ms/step
Epoch 54/200
Confusion Matrix:
 [[ 431   20   14   34   22    4   30   35    2    5    5]
 [  45  471    5    3   11    1   11   17    9    8   18]
 [  41    3  492   31    0   29    7   39    2    5   52]
 [  42    4   14  600    6    6    7   92    9    4    4]
 [  31    2    0    7  401    0   37    9   14    2    2]
 [  31    3    5   11    0  595    3   44    2    7   13]
 [  15    7    5    6   21    0  677   20  144    5    7]
 [  27    9   12   54    9   16   18  988   51   13   36]
 [   5    2    1    3    9    0  154   15  558    4    2]
 [  10    3    1    0    1    5    4    3    1 1184   72]
 [   6    7    3    2    0    5    1    7    0   93 1029]]
Class Accuracies:
 [0.71594684 0.78631052 0.70185449 0.76142132 0.79405941 0.83333333
 0.74641676 0.80129765 0.74103586 0.92211838 0.89245447]
145/145 - 11s - 11s/epoch - 79ms/step
Epoch 55/200
Confusion Matrix:
 [[ 431   20   14   34   22    4   30   35    2    5    5]
 [  45  471    5    3   11    1   11   17    9    8   18]
 [  41    3  492   31    0   29    7   39    2    5   52]
 [  42    4   14  600    6    6    7   92    9    4    4]
 [  31    2    0    7  401    0   37    9   14    2    2]
 [  31    3    5   11    0  595    3   44    2    7   13]
 [  15    7    5    6   21    0  677   20  144    5    7]
 [  27    9   12   54    9   16   18  988   51   13   36]
 [   5    2    1    3    9    0  154   15  558    4    2]
 [  10    3    1    0    1    5    4    3    1 1184   72]
 [   6    7    3    2    0    5    1    7    0   93 1029]]
Class Accuracies:
 [0.71594684 0.78631052 0.70185449 0.76142132 0.79405941 0.83333333
 0.74641676 0.80129765 0.74103586 0.92211838 0.89245447]
145/145 - 11s - 11s/epoch - 74ms/step
Epoch 56/200
Confusion Matrix:
 [[ 431   20   14   34   22    4   30   35    2    5    5]
 [  45  471    5    3   11    1   11   17    9    8   18]
 [  41    3  492   31    0   29    7   39    2    5   52]
 [  42    4   14  600    6    6    7   92    9    4    4]
 [  31    2    0    7  401    0   37    9   14    2    2]
 [  31    3    5   11    0  595    3   44    2    7   13]
 [  15    7    5    6   21    0  677   20  144    5    7]
 [  27    9   12   54    9   16   18  988   51   13   36]
 [   5    2    1    3    9    0  154   15  558    4    2]
 [  10    3    1    0    1    5    4    3    1 1184   72]
 [   6    7    3    2    0    5    1    7    0   93 1029]]
Class Accuracies:
 [0.71594684 0.78631052 0.70185449 0.76142132 0.79405941 0.83333333
 0.74641676 0.80129765 0.74103586 0.92211838 0.89245447]
145/145 - 11s - 11s/epoch - 74ms/step
Epoch 57/200
Confusion Matrix:
 [[ 431   20   14   34   22    4   30   35    2    5    5]
 [  45  471    5    3   11    1   11   17    9    8   18]
 [  41    3  492   31    0   29    7   39    2    5   52]
 [  42    4   14  600    6    6    7   92    9    4    4]
 [  31    2    0    7  401    0   37    9   14    2    2]
 [  31    3    5   11    0  595    3   44    2    7   13]
 [  15    7    5    6   21    0  677   20  144    5    7]
 [  27    9   12   54    9   16   18  988   51   13   36]
 [   5    2    1    3    9    0  154   15  558    4    2]
 [  10    3    1    0    1    5    4    3    1 1184   72]
 [   6    7    3    2    0    5    1    7    0   93 1029]]
Class Accuracies:
 [0.71594684 0.78631052 0.70185449 0.76142132 0.79405941 0.83333333
 0.74641676 0.80129765 0.74103586 0.92211838 0.89245447]
145/145 - 11s - 11s/epoch - 75ms/step
Epoch 58/200
Confusion Matrix:
 [[ 431   20   14   34   22    4   30   35    2    5    5]
 [  45  471    5    3   11    1   11   17    9    8   18]
 [  41    3  492   31    0   29    7   39    2    5   52]
 [  42    4   14  600    6    6    7   92    9    4    4]
 [  31    2    0    7  401    0   37    9   14    2    2]
 [  31    3    5   11    0  595    3   44    2    7   13]
 [  15    7    5    6   21    0  677   20  144    5    7]
 [  27    9   12   54    9   16   18  988   51   13   36]
 [   5    2    1    3    9    0  154   15  558    4    2]
 [  10    3    1    0    1    5    4    3    1 1184   72]
 [   6    7    3    2    0    5    1    7    0   93 1029]]
Class Accuracies:
 [0.71594684 0.78631052 0.70185449 0.76142132 0.79405941 0.83333333
 0.74641676 0.80129765 0.74103586 0.92211838 0.89245447]
145/145 - 11s - 11s/epoch - 75ms/step
Epoch 59/200
Confusion Matrix:
 [[ 431   20   14   34   22    4   30   35    2    5    5]
 [  45  471    5    3   11    1   11   17    9    8   18]
 [  41    3  492   31    0   29    7   39    2    5   52]
 [  42    4   14  600    6    6    7   92    9    4    4]
 [  31    2    0    7  401    0   37    9   14    2    2]
 [  31    3    5   11    0  595    3   44    2    7   13]
 [  15    7    5    6   21    0  677   20  144    5    7]
 [  27    9   12   54    9   16   18  988   51   13   36]
 [   5    2    1    3    9    0  154   15  558    4    2]
 [  10    3    1    0    1    5    4    3    1 1184   72]
 [   6    7    3    2    0    5    1    7    0   93 1029]]
Class Accuracies:
 [0.71594684 0.78631052 0.70185449 0.76142132 0.79405941 0.83333333
 0.74641676 0.80129765 0.74103586 0.92211838 0.89245447]
145/145 - 11s - 11s/epoch - 79ms/step
Epoch 60/200
Confusion Matrix:
 [[ 431   20   14   34   22    4   30   35    2    5    5]
 [  45  471    5    3   11    1   11   17    9    8   18]
 [  41    3  492   31    0   29    7   39    2    5   52]
 [  42    4   14  600    6    6    7   92    9    4    4]
 [  31    2    0    7  401    0   37    9   14    2    2]
 [  31    3    5   11    0  595    3   44    2    7   13]
 [  15    7    5    6   21    0  677   20  144    5    7]
 [  27    9   12   54    9   16   18  988   51   13   36]
 [   5    2    1    3    9    0  154   15  558    4    2]
 [  10    3    1    0    1    5    4    3    1 1184   72]
 [   6    7    3    2    0    5    1    7    0   93 1029]]
Class Accuracies:
 [0.71594684 0.78631052 0.70185449 0.76142132 0.79405941 0.83333333
 0.74641676 0.80129765 0.74103586 0.92211838 0.89245447]
145/145 - 11s - 11s/epoch - 79ms/step
Epoch 61/200
Confusion Matrix:
 [[ 431   20   14   34   22    4   30   35    2    5    5]
 [  45  471    5    3   11    1   11   17    9    8   18]
 [  41    3  492   31    0   29    7   39    2    5   52]
 [  42    4   14  600    6    6    7   92    9    4    4]
 [  31    2    0    7  401    0   37    9   14    2    2]
 [  31    3    5   11    0  595    3   44    2    7   13]
 [  15    7    5    6   21    0  677   20  144    5    7]
 [  27    9   12   54    9   16   18  988   51   13   36]
 [   5    2    1    3    9    0  154   15  558    4    2]
 [  10    3    1    0    1    5    4    3    1 1184   72]
 [   6    7    3    2    0    5    1    7    0   93 1029]]
Class Accuracies:
 [0.71594684 0.78631052 0.70185449 0.76142132 0.79405941 0.83333333
 0.74641676 0.80129765 0.74103586 0.92211838 0.89245447]
145/145 - 11s - 11s/epoch - 75ms/step
Epoch 62/200
Confusion Matrix:
 [[ 431   20   14   34   22    4   30   35    2    5    5]
 [  45  471    5    3   11    1   11   17    9    8   18]
 [  41    3  492   31    0   29    7   39    2    5   52]
 [  42    4   14  600    6    6    7   92    9    4    4]
 [  31    2    0    7  401    0   37    9   14    2    2]
 [  31    3    5   11    0  595    3   44    2    7   13]
 [  15    7    5    6   21    0  677   20  144    5    7]
 [  27    9   12   54    9   16   18  988   51   13   36]
 [   5    2    1    3    9    0  154   15  558    4    2]
 [  10    3    1    0    1    5    4    3    1 1184   72]
 [   6    7    3    2    0    5    1    7    0   93 1029]]
Class Accuracies:
 [0.71594684 0.78631052 0.70185449 0.76142132 0.79405941 0.83333333
 0.74641676 0.80129765 0.74103586 0.92211838 0.89245447]
145/145 - 11s - 11s/epoch - 75ms/step
Epoch 63/200
Confusion Matrix:
 [[ 431   20   14   34   22    4   30   35    2    5    5]
 [  45  471    5    3   11    1   11   17    9    8   18]
 [  41    3  492   31    0   29    7   39    2    5   52]
 [  42    4   14  600    6    6    7   92    9    4    4]
 [  31    2    0    7  401    0   37    9   14    2    2]
 [  31    3    5   11    0  595    3   44    2    7   13]
 [  15    7    5    6   21    0  677   20  144    5    7]
 [  27    9   12   54    9   16   18  988   51   13   36]
 [   5    2    1    3    9    0  154   15  558    4    2]
 [  10    3    1    0    1    5    4    3    1 1184   72]
 [   6    7    3    2    0    5    1    7    0   93 1029]]
Class Accuracies:
 [0.71594684 0.78631052 0.70185449 0.76142132 0.79405941 0.83333333
 0.74641676 0.80129765 0.74103586 0.92211838 0.89245447]
145/145 - 11s - 11s/epoch - 75ms/step
Epoch 64/200
Confusion Matrix:
 [[ 431   20   14   34   22    4   30   35    2    5    5]
 [  45  471    5    3   11    1   11   17    9    8   18]
 [  41    3  492   31    0   29    7   39    2    5   52]
 [  42    4   14  600    6    6    7   92    9    4    4]
 [  31    2    0    7  401    0   37    9   14    2    2]
 [  31    3    5   11    0  595    3   44    2    7   13]
 [  15    7    5    6   21    0  677   20  144    5    7]
 [  27    9   12   54    9   16   18  988   51   13   36]
 [   5    2    1    3    9    0  154   15  558    4    2]
 [  10    3    1    0    1    5    4    3    1 1184   72]
 [   6    7    3    2    0    5    1    7    0   93 1029]]
Class Accuracies:
 [0.71594684 0.78631052 0.70185449 0.76142132 0.79405941 0.83333333
 0.74641676 0.80129765 0.74103586 0.92211838 0.89245447]
145/145 - 11s - 11s/epoch - 75ms/step
Epoch 65/200
Confusion Matrix:
 [[ 431   20   14   34   22    4   30   35    2    5    5]
 [  45  471    5    3   11    1   11   17    9    8   18]
 [  41    3  492   31    0   29    7   39    2    5   52]
 [  42    4   14  600    6    6    7   92    9    4    4]
 [  31    2    0    7  401    0   37    9   14    2    2]
 [  31    3    5   11    0  595    3   44    2    7   13]
 [  15    7    5    6   21    0  677   20  144    5    7]
 [  27    9   12   54    9   16   18  988   51   13   36]
 [   5    2    1    3    9    0  154   15  558    4    2]
 [  10    3    1    0    1    5    4    3    1 1184   72]
 [   6    7    3    2    0    5    1    7    0   93 1029]]
Class Accuracies:
 [0.71594684 0.78631052 0.70185449 0.76142132 0.79405941 0.83333333
 0.74641676 0.80129765 0.74103586 0.92211838 0.89245447]
145/145 - 12s - 12s/epoch - 81ms/step
Epoch 66/200
Confusion Matrix:
 [[ 431   20   14   34   22    4   30   35    2    5    5]
 [  45  471    5    3   11    1   11   17    9    8   18]
 [  41    3  492   31    0   29    7   39    2    5   52]
 [  42    4   14  600    6    6    7   92    9    4    4]
 [  31    2    0    7  401    0   37    9   14    2    2]
 [  31    3    5   11    0  595    3   44    2    7   13]
 [  15    7    5    6   21    0  677   20  144    5    7]
 [  27    9   12   54    9   16   18  988   51   13   36]
 [   5    2    1    3    9    0  154   15  558    4    2]
 [  10    3    1    0    1    5    4    3    1 1184   72]
 [   6    7    3    2    0    5    1    7    0   93 1029]]
Class Accuracies:
 [0.71594684 0.78631052 0.70185449 0.76142132 0.79405941 0.83333333
 0.74641676 0.80129765 0.74103586 0.92211838 0.89245447]
145/145 - 11s - 11s/epoch - 75ms/step
Epoch 67/200
Confusion Matrix:
 [[ 431   20   14   34   22    4   30   35    2    5    5]
 [  45  471    5    3   11    1   11   17    9    8   18]
 [  41    3  492   31    0   29    7   39    2    5   52]
 [  42    4   14  600    6    6    7   92    9    4    4]
 [  31    2    0    7  401    0   37    9   14    2    2]
 [  31    3    5   11    0  595    3   44    2    7   13]
 [  15    7    5    6   21    0  677   20  144    5    7]
 [  27    9   12   54    9   16   18  988   51   13   36]
 [   5    2    1    3    9    0  154   15  558    4    2]
 [  10    3    1    0    1    5    4    3    1 1184   72]
 [   6    7    3    2    0    5    1    7    0   93 1029]]
Class Accuracies:
 [0.71594684 0.78631052 0.70185449 0.76142132 0.79405941 0.83333333
 0.74641676 0.80129765 0.74103586 0.92211838 0.89245447]
145/145 - 11s - 11s/epoch - 75ms/step
Epoch 68/200
Confusion Matrix:
 [[ 431   20   14   34   22    4   30   35    2    5    5]
 [  45  471    5    3   11    1   11   17    9    8   18]
 [  41    3  492   31    0   29    7   39    2    5   52]
 [  42    4   14  600    6    6    7   92    9    4    4]
 [  31    2    0    7  401    0   37    9   14    2    2]
 [  31    3    5   11    0  595    3   44    2    7   13]
 [  15    7    5    6   21    0  677   20  144    5    7]
 [  27    9   12   54    9   16   18  988   51   13   36]
 [   5    2    1    3    9    0  154   15  558    4    2]
 [  10    3    1    0    1    5    4    3    1 1184   72]
 [   6    7    3    2    0    5    1    7    0   93 1029]]
Class Accuracies:
 [0.71594684 0.78631052 0.70185449 0.76142132 0.79405941 0.83333333
 0.74641676 0.80129765 0.74103586 0.92211838 0.89245447]
145/145 - 11s - 11s/epoch - 75ms/step
Epoch 69/200
Confusion Matrix:
 [[ 431   20   14   34   22    4   30   35    2    5    5]
 [  45  471    5    3   11    1   11   17    9    8   18]
 [  41    3  492   31    0   29    7   39    2    5   52]
 [  42    4   14  600    6    6    7   92    9    4    4]
 [  31    2    0    7  401    0   37    9   14    2    2]
 [  31    3    5   11    0  595    3   44    2    7   13]
 [  15    7    5    6   21    0  677   20  144    5    7]
 [  27    9   12   54    9   16   18  988   51   13   36]
 [   5    2    1    3    9    0  154   15  558    4    2]
 [  10    3    1    0    1    5    4    3    1 1184   72]
 [   6    7    3    2    0    5    1    7    0   93 1029]]
Class Accuracies:
 [0.71594684 0.78631052 0.70185449 0.76142132 0.79405941 0.83333333
 0.74641676 0.80129765 0.74103586 0.92211838 0.89245447]
145/145 - 11s - 11s/epoch - 75ms/step
Epoch 70/200
Confusion Matrix:
 [[ 431   20   14   34   22    4   30   35    2    5    5]
 [  45  471    5    3   11    1   11   17    9    8   18]
 [  41    3  492   31    0   29    7   39    2    5   52]
 [  42    4   14  600    6    6    7   92    9    4    4]
 [  31    2    0    7  401    0   37    9   14    2    2]
 [  31    3    5   11    0  595    3   44    2    7   13]
 [  15    7    5    6   21    0  677   20  144    5    7]
 [  27    9   12   54    9   16   18  988   51   13   36]
 [   5    2    1    3    9    0  154   15  558    4    2]
 [  10    3    1    0    1    5    4    3    1 1184   72]
 [   6    7    3    2    0    5    1    7    0   93 1029]]
Class Accuracies:
 [0.71594684 0.78631052 0.70185449 0.76142132 0.79405941 0.83333333
 0.74641676 0.80129765 0.74103586 0.92211838 0.89245447]
145/145 - 11s - 11s/epoch - 75ms/step
Epoch 71/200
Confusion Matrix:
 [[ 431   20   14   34   22    4   30   35    2    5    5]
 [  45  471    5    3   11    1   11   17    9    8   18]
 [  41    3  492   31    0   29    7   39    2    5   52]
 [  42    4   14  600    6    6    7   92    9    4    4]
 [  31    2    0    7  401    0   37    9   14    2    2]
 [  31    3    5   11    0  595    3   44    2    7   13]
 [  15    7    5    6   21    0  677   20  144    5    7]
 [  27    9   12   54    9   16   18  988   51   13   36]
 [   5    2    1    3    9    0  154   15  558    4    2]
 [  10    3    1    0    1    5    4    3    1 1184   72]
 [   6    7    3    2    0    5    1    7    0   93 1029]]
Class Accuracies:
 [0.71594684 0.78631052 0.70185449 0.76142132 0.79405941 0.83333333
 0.74641676 0.80129765 0.74103586 0.92211838 0.89245447]
145/145 - 12s - 12s/epoch - 79ms/step
Epoch 72/200
Confusion Matrix:
 [[ 431   20   14   34   22    4   30   35    2    5    5]
 [  45  471    5    3   11    1   11   17    9    8   18]
 [  41    3  492   31    0   29    7   39    2    5   52]
 [  42    4   14  600    6    6    7   92    9    4    4]
 [  31    2    0    7  401    0   37    9   14    2    2]
 [  31    3    5   11    0  595    3   44    2    7   13]
 [  15    7    5    6   21    0  677   20  144    5    7]
 [  27    9   12   54    9   16   18  988   51   13   36]
 [   5    2    1    3    9    0  154   15  558    4    2]
 [  10    3    1    0    1    5    4    3    1 1184   72]
 [   6    7    3    2    0    5    1    7    0   93 1029]]
Class Accuracies:
 [0.71594684 0.78631052 0.70185449 0.76142132 0.79405941 0.83333333
 0.74641676 0.80129765 0.74103586 0.92211838 0.89245447]
145/145 - 11s - 11s/epoch - 75ms/step
Epoch 73/200
Confusion Matrix:
 [[ 431   20   14   34   22    4   30   35    2    5    5]
 [  45  471    5    3   11    1   11   17    9    8   18]
 [  41    3  492   31    0   29    7   39    2    5   52]
 [  42    4   14  600    6    6    7   92    9    4    4]
 [  31    2    0    7  401    0   37    9   14    2    2]
 [  31    3    5   11    0  595    3   44    2    7   13]
 [  15    7    5    6   21    0  677   20  144    5    7]
 [  27    9   12   54    9   16   18  988   51   13   36]
 [   5    2    1    3    9    0  154   15  558    4    2]
 [  10    3    1    0    1    5    4    3    1 1184   72]
 [   6    7    3    2    0    5    1    7    0   93 1029]]
Class Accuracies:
 [0.71594684 0.78631052 0.70185449 0.76142132 0.79405941 0.83333333
 0.74641676 0.80129765 0.74103586 0.92211838 0.89245447]
145/145 - 11s - 11s/epoch - 77ms/step
Epoch 74/200
Confusion Matrix:
 [[ 431   20   14   34   22    4   30   35    2    5    5]
 [  45  471    5    3   11    1   11   17    9    8   18]
 [  41    3  492   31    0   29    7   39    2    5   52]
 [  42    4   14  600    6    6    7   92    9    4    4]
 [  31    2    0    7  401    0   37    9   14    2    2]
 [  31    3    5   11    0  595    3   44    2    7   13]
 [  15    7    5    6   21    0  677   20  144    5    7]
 [  27    9   12   54    9   16   18  988   51   13   36]
 [   5    2    1    3    9    0  154   15  558    4    2]
 [  10    3    1    0    1    5    4    3    1 1184   72]
 [   6    7    3    2    0    5    1    7    0   93 1029]]
Class Accuracies:
 [0.71594684 0.78631052 0.70185449 0.76142132 0.79405941 0.83333333
 0.74641676 0.80129765 0.74103586 0.92211838 0.89245447]
145/145 - 11s - 11s/epoch - 76ms/step
Epoch 75/200
Confusion Matrix:
 [[ 431   20   14   34   22    4   30   35    2    5    5]
 [  45  471    5    3   11    1   11   17    9    8   18]
 [  41    3  492   31    0   29    7   39    2    5   52]
 [  42    4   14  600    6    6    7   92    9    4    4]
 [  31    2    0    7  401    0   37    9   14    2    2]
 [  31    3    5   11    0  595    3   44    2    7   13]
 [  15    7    5    6   21    0  677   20  144    5    7]
 [  27    9   12   54    9   16   18  988   51   13   36]
 [   5    2    1    3    9    0  154   15  558    4    2]
 [  10    3    1    0    1    5    4    3    1 1184   72]
 [   6    7    3    2    0    5    1    7    0   93 1029]]
Class Accuracies:
 [0.71594684 0.78631052 0.70185449 0.76142132 0.79405941 0.83333333
 0.74641676 0.80129765 0.74103586 0.92211838 0.89245447]
145/145 - 11s - 11s/epoch - 75ms/step
Epoch 76/200
Confusion Matrix:
 [[ 431   20   14   34   22    4   30   35    2    5    5]
 [  45  471    5    3   11    1   11   17    9    8   18]
 [  41    3  492   31    0   29    7   39    2    5   52]
 [  42    4   14  600    6    6    7   92    9    4    4]
 [  31    2    0    7  401    0   37    9   14    2    2]
 [  31    3    5   11    0  595    3   44    2    7   13]
 [  15    7    5    6   21    0  677   20  144    5    7]
 [  27    9   12   54    9   16   18  988   51   13   36]
 [   5    2    1    3    9    0  154   15  558    4    2]
 [  10    3    1    0    1    5    4    3    1 1184   72]
 [   6    7    3    2    0    5    1    7    0   93 1029]]
Class Accuracies:
 [0.71594684 0.78631052 0.70185449 0.76142132 0.79405941 0.83333333
 0.74641676 0.80129765 0.74103586 0.92211838 0.89245447]
145/145 - 12s - 12s/epoch - 81ms/step
Epoch 77/200
Confusion Matrix:
 [[ 431   20   14   34   22    4   30   35    2    5    5]
 [  45  471    5    3   11    1   11   17    9    8   18]
 [  41    3  492   31    0   29    7   39    2    5   52]
 [  42    4   14  600    6    6    7   92    9    4    4]
 [  31    2    0    7  401    0   37    9   14    2    2]
 [  31    3    5   11    0  595    3   44    2    7   13]
 [  15    7    5    6   21    0  677   20  144    5    7]
 [  27    9   12   54    9   16   18  988   51   13   36]
 [   5    2    1    3    9    0  154   15  558    4    2]
 [  10    3    1    0    1    5    4    3    1 1184   72]
 [   6    7    3    2    0    5    1    7    0   93 1029]]
Class Accuracies:
 [0.71594684 0.78631052 0.70185449 0.76142132 0.79405941 0.83333333
 0.74641676 0.80129765 0.74103586 0.92211838 0.89245447]
145/145 - 12s - 12s/epoch - 81ms/step
Epoch 78/200
Confusion Matrix:
 [[ 431   20   14   34   22    4   30   35    2    5    5]
 [  45  471    5    3   11    1   11   17    9    8   18]
 [  41    3  492   31    0   29    7   39    2    5   52]
 [  42    4   14  600    6    6    7   92    9    4    4]
 [  31    2    0    7  401    0   37    9   14    2    2]
 [  31    3    5   11    0  595    3   44    2    7   13]
 [  15    7    5    6   21    0  677   20  144    5    7]
 [  27    9   12   54    9   16   18  988   51   13   36]
 [   5    2    1    3    9    0  154   15  558    4    2]
 [  10    3    1    0    1    5    4    3    1 1184   72]
 [   6    7    3    2    0    5    1    7    0   93 1029]]
Class Accuracies:
 [0.71594684 0.78631052 0.70185449 0.76142132 0.79405941 0.83333333
 0.74641676 0.80129765 0.74103586 0.92211838 0.89245447]
145/145 - 11s - 11s/epoch - 75ms/step
Epoch 79/200
Confusion Matrix:
 [[ 431   20   14   34   22    4   30   35    2    5    5]
 [  45  471    5    3   11    1   11   17    9    8   18]
 [  41    3  492   31    0   29    7   39    2    5   52]
 [  42    4   14  600    6    6    7   92    9    4    4]
 [  31    2    0    7  401    0   37    9   14    2    2]
 [  31    3    5   11    0  595    3   44    2    7   13]
 [  15    7    5    6   21    0  677   20  144    5    7]
 [  27    9   12   54    9   16   18  988   51   13   36]
 [   5    2    1    3    9    0  154   15  558    4    2]
 [  10    3    1    0    1    5    4    3    1 1184   72]
 [   6    7    3    2    0    5    1    7    0   93 1029]]
Class Accuracies:
 [0.71594684 0.78631052 0.70185449 0.76142132 0.79405941 0.83333333
 0.74641676 0.80129765 0.74103586 0.92211838 0.89245447]
145/145 - 11s - 11s/epoch - 76ms/step
Epoch 80/200
Confusion Matrix:
 [[ 431   20   14   34   22    4   30   35    2    5    5]
 [  45  471    5    3   11    1   11   17    9    8   18]
 [  41    3  492   31    0   29    7   39    2    5   52]
 [  42    4   14  600    6    6    7   92    9    4    4]
 [  31    2    0    7  401    0   37    9   14    2    2]
 [  31    3    5   11    0  595    3   44    2    7   13]
 [  15    7    5    6   21    0  677   20  144    5    7]
 [  27    9   12   54    9   16   18  988   51   13   36]
 [   5    2    1    3    9    0  154   15  558    4    2]
 [  10    3    1    0    1    5    4    3    1 1184   72]
 [   6    7    3    2    0    5    1    7    0   93 1029]]
Class Accuracies:
 [0.71594684 0.78631052 0.70185449 0.76142132 0.79405941 0.83333333
 0.74641676 0.80129765 0.74103586 0.92211838 0.89245447]
145/145 - 11s - 11s/epoch - 75ms/step
Epoch 81/200
Confusion Matrix:
 [[ 431   20   14   34   22    4   30   35    2    5    5]
 [  45  471    5    3   11    1   11   17    9    8   18]
 [  41    3  492   31    0   29    7   39    2    5   52]
 [  42    4   14  600    6    6    7   92    9    4    4]
 [  31    2    0    7  401    0   37    9   14    2    2]
 [  31    3    5   11    0  595    3   44    2    7   13]
 [  15    7    5    6   21    0  677   20  144    5    7]
 [  27    9   12   54    9   16   18  988   51   13   36]
 [   5    2    1    3    9    0  154   15  558    4    2]
 [  10    3    1    0    1    5    4    3    1 1184   72]
 [   6    7    3    2    0    5    1    7    0   93 1029]]
Class Accuracies:
 [0.71594684 0.78631052 0.70185449 0.76142132 0.79405941 0.83333333
 0.74641676 0.80129765 0.74103586 0.92211838 0.89245447]
145/145 - 11s - 11s/epoch - 75ms/step
Epoch 82/200
Confusion Matrix:
 [[ 431   20   14   34   22    4   30   35    2    5    5]
 [  45  471    5    3   11    1   11   17    9    8   18]
 [  41    3  492   31    0   29    7   39    2    5   52]
 [  42    4   14  600    6    6    7   92    9    4    4]
 [  31    2    0    7  401    0   37    9   14    2    2]
 [  31    3    5   11    0  595    3   44    2    7   13]
 [  15    7    5    6   21    0  677   20  144    5    7]
 [  27    9   12   54    9   16   18  988   51   13   36]
 [   5    2    1    3    9    0  154   15  558    4    2]
 [  10    3    1    0    1    5    4    3    1 1184   72]
 [   6    7    3    2    0    5    1    7    0   93 1029]]
Class Accuracies:
 [0.71594684 0.78631052 0.70185449 0.76142132 0.79405941 0.83333333
 0.74641676 0.80129765 0.74103586 0.92211838 0.89245447]
145/145 - 11s - 11s/epoch - 77ms/step
Epoch 83/200
Confusion Matrix:
 [[ 431   20   14   34   22    4   30   35    2    5    5]
 [  45  471    5    3   11    1   11   17    9    8   18]
 [  41    3  492   31    0   29    7   39    2    5   52]
 [  42    4   14  600    6    6    7   92    9    4    4]
 [  31    2    0    7  401    0   37    9   14    2    2]
 [  31    3    5   11    0  595    3   44    2    7   13]
 [  15    7    5    6   21    0  677   20  144    5    7]
 [  27    9   12   54    9   16   18  988   51   13   36]
 [   5    2    1    3    9    0  154   15  558    4    2]
 [  10    3    1    0    1    5    4    3    1 1184   72]
 [   6    7    3    2    0    5    1    7    0   93 1029]]
Class Accuracies:
 [0.71594684 0.78631052 0.70185449 0.76142132 0.79405941 0.83333333
 0.74641676 0.80129765 0.74103586 0.92211838 0.89245447]
145/145 - 12s - 12s/epoch - 80ms/step
Epoch 84/200
Confusion Matrix:
 [[ 431   20   14   34   22    4   30   35    2    5    5]
 [  45  471    5    3   11    1   11   17    9    8   18]
 [  41    3  492   31    0   29    7   39    2    5   52]
 [  42    4   14  600    6    6    7   92    9    4    4]
 [  31    2    0    7  401    0   37    9   14    2    2]
 [  31    3    5   11    0  595    3   44    2    7   13]
 [  15    7    5    6   21    0  677   20  144    5    7]
 [  27    9   12   54    9   16   18  988   51   13   36]
 [   5    2    1    3    9    0  154   15  558    4    2]
 [  10    3    1    0    1    5    4    3    1 1184   72]
 [   6    7    3    2    0    5    1    7    0   93 1029]]
Class Accuracies:
 [0.71594684 0.78631052 0.70185449 0.76142132 0.79405941 0.83333333
 0.74641676 0.80129765 0.74103586 0.92211838 0.89245447]
145/145 - 11s - 11s/epoch - 76ms/step
Epoch 85/200
Confusion Matrix:
 [[ 431   20   14   34   22    4   30   35    2    5    5]
 [  45  471    5    3   11    1   11   17    9    8   18]
 [  41    3  492   31    0   29    7   39    2    5   52]
 [  42    4   14  600    6    6    7   92    9    4    4]
 [  31    2    0    7  401    0   37    9   14    2    2]
 [  31    3    5   11    0  595    3   44    2    7   13]
 [  15    7    5    6   21    0  677   20  144    5    7]
 [  27    9   12   54    9   16   18  988   51   13   36]
 [   5    2    1    3    9    0  154   15  558    4    2]
 [  10    3    1    0    1    5    4    3    1 1184   72]
 [   6    7    3    2    0    5    1    7    0   93 1029]]
Class Accuracies:
 [0.71594684 0.78631052 0.70185449 0.76142132 0.79405941 0.83333333
 0.74641676 0.80129765 0.74103586 0.92211838 0.89245447]
145/145 - 11s - 11s/epoch - 76ms/step
Epoch 86/200
Confusion Matrix:
 [[ 431   20   14   34   22    4   30   35    2    5    5]
 [  45  471    5    3   11    1   11   17    9    8   18]
 [  41    3  492   31    0   29    7   39    2    5   52]
 [  42    4   14  600    6    6    7   92    9    4    4]
 [  31    2    0    7  401    0   37    9   14    2    2]
 [  31    3    5   11    0  595    3   44    2    7   13]
 [  15    7    5    6   21    0  677   20  144    5    7]
 [  27    9   12   54    9   16   18  988   51   13   36]
 [   5    2    1    3    9    0  154   15  558    4    2]
 [  10    3    1    0    1    5    4    3    1 1184   72]
 [   6    7    3    2    0    5    1    7    0   93 1029]]
Class Accuracies:
 [0.71594684 0.78631052 0.70185449 0.76142132 0.79405941 0.83333333
 0.74641676 0.80129765 0.74103586 0.92211838 0.89245447]
145/145 - 11s - 11s/epoch - 75ms/step
Epoch 87/200
Confusion Matrix:
 [[ 431   20   14   34   22    4   30   35    2    5    5]
 [  45  471    5    3   11    1   11   17    9    8   18]
 [  41    3  492   31    0   29    7   39    2    5   52]
 [  42    4   14  600    6    6    7   92    9    4    4]
 [  31    2    0    7  401    0   37    9   14    2    2]
 [  31    3    5   11    0  595    3   44    2    7   13]
 [  15    7    5    6   21    0  677   20  144    5    7]
 [  27    9   12   54    9   16   18  988   51   13   36]
 [   5    2    1    3    9    0  154   15  558    4    2]
 [  10    3    1    0    1    5    4    3    1 1184   72]
 [   6    7    3    2    0    5    1    7    0   93 1029]]
Class Accuracies:
 [0.71594684 0.78631052 0.70185449 0.76142132 0.79405941 0.83333333
 0.74641676 0.80129765 0.74103586 0.92211838 0.89245447]
145/145 - 11s - 11s/epoch - 75ms/step
Epoch 88/200
Confusion Matrix:
 [[ 431   20   14   34   22    4   30   35    2    5    5]
 [  45  471    5    3   11    1   11   17    9    8   18]
 [  41    3  492   31    0   29    7   39    2    5   52]
 [  42    4   14  600    6    6    7   92    9    4    4]
 [  31    2    0    7  401    0   37    9   14    2    2]
 [  31    3    5   11    0  595    3   44    2    7   13]
 [  15    7    5    6   21    0  677   20  144    5    7]
 [  27    9   12   54    9   16   18  988   51   13   36]
 [   5    2    1    3    9    0  154   15  558    4    2]
 [  10    3    1    0    1    5    4    3    1 1184   72]
 [   6    7    3    2    0    5    1    7    0   93 1029]]
Class Accuracies:
 [0.71594684 0.78631052 0.70185449 0.76142132 0.79405941 0.83333333
 0.74641676 0.80129765 0.74103586 0.92211838 0.89245447]
145/145 - 11s - 11s/epoch - 75ms/step
Epoch 89/200
Confusion Matrix:
 [[ 431   20   14   34   22    4   30   35    2    5    5]
 [  45  471    5    3   11    1   11   17    9    8   18]
 [  41    3  492   31    0   29    7   39    2    5   52]
 [  42    4   14  600    6    6    7   92    9    4    4]
 [  31    2    0    7  401    0   37    9   14    2    2]
 [  31    3    5   11    0  595    3   44    2    7   13]
 [  15    7    5    6   21    0  677   20  144    5    7]
 [  27    9   12   54    9   16   18  988   51   13   36]
 [   5    2    1    3    9    0  154   15  558    4    2]
 [  10    3    1    0    1    5    4    3    1 1184   72]
 [   6    7    3    2    0    5    1    7    0   93 1029]]
Class Accuracies:
 [0.71594684 0.78631052 0.70185449 0.76142132 0.79405941 0.83333333
 0.74641676 0.80129765 0.74103586 0.92211838 0.89245447]
145/145 - 12s - 12s/epoch - 79ms/step
Epoch 90/200
Confusion Matrix:
 [[ 431   20   14   34   22    4   30   35    2    5    5]
 [  45  471    5    3   11    1   11   17    9    8   18]
 [  41    3  492   31    0   29    7   39    2    5   52]
 [  42    4   14  600    6    6    7   92    9    4    4]
 [  31    2    0    7  401    0   37    9   14    2    2]
 [  31    3    5   11    0  595    3   44    2    7   13]
 [  15    7    5    6   21    0  677   20  144    5    7]
 [  27    9   12   54    9   16   18  988   51   13   36]
 [   5    2    1    3    9    0  154   15  558    4    2]
 [  10    3    1    0    1    5    4    3    1 1184   72]
 [   6    7    3    2    0    5    1    7    0   93 1029]]
Class Accuracies:
 [0.71594684 0.78631052 0.70185449 0.76142132 0.79405941 0.83333333
 0.74641676 0.80129765 0.74103586 0.92211838 0.89245447]
145/145 - 11s - 11s/epoch - 77ms/step
Epoch 91/200
Confusion Matrix:
 [[ 431   20   14   34   22    4   30   35    2    5    5]
 [  45  471    5    3   11    1   11   17    9    8   18]
 [  41    3  492   31    0   29    7   39    2    5   52]
 [  42    4   14  600    6    6    7   92    9    4    4]
 [  31    2    0    7  401    0   37    9   14    2    2]
 [  31    3    5   11    0  595    3   44    2    7   13]
 [  15    7    5    6   21    0  677   20  144    5    7]
 [  27    9   12   54    9   16   18  988   51   13   36]
 [   5    2    1    3    9    0  154   15  558    4    2]
 [  10    3    1    0    1    5    4    3    1 1184   72]
 [   6    7    3    2    0    5    1    7    0   93 1029]]
Class Accuracies:
 [0.71594684 0.78631052 0.70185449 0.76142132 0.79405941 0.83333333
 0.74641676 0.80129765 0.74103586 0.92211838 0.89245447]
145/145 - 11s - 11s/epoch - 75ms/step
Epoch 92/200
Confusion Matrix:
 [[ 431   20   14   34   22    4   30   35    2    5    5]
 [  45  471    5    3   11    1   11   17    9    8   18]
 [  41    3  492   31    0   29    7   39    2    5   52]
 [  42    4   14  600    6    6    7   92    9    4    4]
 [  31    2    0    7  401    0   37    9   14    2    2]
 [  31    3    5   11    0  595    3   44    2    7   13]
 [  15    7    5    6   21    0  677   20  144    5    7]
 [  27    9   12   54    9   16   18  988   51   13   36]
 [   5    2    1    3    9    0  154   15  558    4    2]
 [  10    3    1    0    1    5    4    3    1 1184   72]
 [   6    7    3    2    0    5    1    7    0   93 1029]]
Class Accuracies:
 [0.71594684 0.78631052 0.70185449 0.76142132 0.79405941 0.83333333
 0.74641676 0.80129765 0.74103586 0.92211838 0.89245447]
145/145 - 11s - 11s/epoch - 75ms/step
Epoch 93/200
Confusion Matrix:
 [[ 431   20   14   34   22    4   30   35    2    5    5]
 [  45  471    5    3   11    1   11   17    9    8   18]
 [  41    3  492   31    0   29    7   39    2    5   52]
 [  42    4   14  600    6    6    7   92    9    4    4]
 [  31    2    0    7  401    0   37    9   14    2    2]
 [  31    3    5   11    0  595    3   44    2    7   13]
 [  15    7    5    6   21    0  677   20  144    5    7]
 [  27    9   12   54    9   16   18  988   51   13   36]
 [   5    2    1    3    9    0  154   15  558    4    2]
 [  10    3    1    0    1    5    4    3    1 1184   72]
 [   6    7    3    2    0    5    1    7    0   93 1029]]
Class Accuracies:
 [0.71594684 0.78631052 0.70185449 0.76142132 0.79405941 0.83333333
 0.74641676 0.80129765 0.74103586 0.92211838 0.89245447]
145/145 - 11s - 11s/epoch - 76ms/step
Epoch 94/200
Confusion Matrix:
 [[ 431   20   14   34   22    4   30   35    2    5    5]
 [  45  471    5    3   11    1   11   17    9    8   18]
 [  41    3  492   31    0   29    7   39    2    5   52]
 [  42    4   14  600    6    6    7   92    9    4    4]
 [  31    2    0    7  401    0   37    9   14    2    2]
 [  31    3    5   11    0  595    3   44    2    7   13]
 [  15    7    5    6   21    0  677   20  144    5    7]
 [  27    9   12   54    9   16   18  988   51   13   36]
 [   5    2    1    3    9    0  154   15  558    4    2]
 [  10    3    1    0    1    5    4    3    1 1184   72]
 [   6    7    3    2    0    5    1    7    0   93 1029]]
Class Accuracies:
 [0.71594684 0.78631052 0.70185449 0.76142132 0.79405941 0.83333333
 0.74641676 0.80129765 0.74103586 0.92211838 0.89245447]
145/145 - 11s - 11s/epoch - 75ms/step
Epoch 95/200
Confusion Matrix:
 [[ 431   20   14   34   22    4   30   35    2    5    5]
 [  45  471    5    3   11    1   11   17    9    8   18]
 [  41    3  492   31    0   29    7   39    2    5   52]
 [  42    4   14  600    6    6    7   92    9    4    4]
 [  31    2    0    7  401    0   37    9   14    2    2]
 [  31    3    5   11    0  595    3   44    2    7   13]
 [  15    7    5    6   21    0  677   20  144    5    7]
 [  27    9   12   54    9   16   18  988   51   13   36]
 [   5    2    1    3    9    0  154   15  558    4    2]
 [  10    3    1    0    1    5    4    3    1 1184   72]
 [   6    7    3    2    0    5    1    7    0   93 1029]]
Class Accuracies:
 [0.71594684 0.78631052 0.70185449 0.76142132 0.79405941 0.83333333
 0.74641676 0.80129765 0.74103586 0.92211838 0.89245447]
145/145 - 12s - 12s/epoch - 79ms/step
Epoch 96/200
Confusion Matrix:
 [[ 431   20   14   34   22    4   30   35    2    5    5]
 [  45  471    5    3   11    1   11   17    9    8   18]
 [  41    3  492   31    0   29    7   39    2    5   52]
 [  42    4   14  600    6    6    7   92    9    4    4]
 [  31    2    0    7  401    0   37    9   14    2    2]
 [  31    3    5   11    0  595    3   44    2    7   13]
 [  15    7    5    6   21    0  677   20  144    5    7]
 [  27    9   12   54    9   16   18  988   51   13   36]
 [   5    2    1    3    9    0  154   15  558    4    2]
 [  10    3    1    0    1    5    4    3    1 1184   72]
 [   6    7    3    2    0    5    1    7    0   93 1029]]
Class Accuracies:
 [0.71594684 0.78631052 0.70185449 0.76142132 0.79405941 0.83333333
 0.74641676 0.80129765 0.74103586 0.92211838 0.89245447]
145/145 - 12s - 12s/epoch - 80ms/step
Epoch 97/200
Confusion Matrix:
 [[ 431   20   14   34   22    4   30   35    2    5    5]
 [  45  471    5    3   11    1   11   17    9    8   18]
 [  41    3  492   31    0   29    7   39    2    5   52]
 [  42    4   14  600    6    6    7   92    9    4    4]
 [  31    2    0    7  401    0   37    9   14    2    2]
 [  31    3    5   11    0  595    3   44    2    7   13]
 [  15    7    5    6   21    0  677   20  144    5    7]
 [  27    9   12   54    9   16   18  988   51   13   36]
 [   5    2    1    3    9    0  154   15  558    4    2]
 [  10    3    1    0    1    5    4    3    1 1184   72]
 [   6    7    3    2    0    5    1    7    0   93 1029]]
Class Accuracies:
 [0.71594684 0.78631052 0.70185449 0.76142132 0.79405941 0.83333333
 0.74641676 0.80129765 0.74103586 0.92211838 0.89245447]
145/145 - 11s - 11s/epoch - 77ms/step
Epoch 98/200
Confusion Matrix:
 [[ 431   20   14   34   22    4   30   35    2    5    5]
 [  45  471    5    3   11    1   11   17    9    8   18]
 [  41    3  492   31    0   29    7   39    2    5   52]
 [  42    4   14  600    6    6    7   92    9    4    4]
 [  31    2    0    7  401    0   37    9   14    2    2]
 [  31    3    5   11    0  595    3   44    2    7   13]
 [  15    7    5    6   21    0  677   20  144    5    7]
 [  27    9   12   54    9   16   18  988   51   13   36]
 [   5    2    1    3    9    0  154   15  558    4    2]
 [  10    3    1    0    1    5    4    3    1 1184   72]
 [   6    7    3    2    0    5    1    7    0   93 1029]]
Class Accuracies:
 [0.71594684 0.78631052 0.70185449 0.76142132 0.79405941 0.83333333
 0.74641676 0.80129765 0.74103586 0.92211838 0.89245447]
145/145 - 11s - 11s/epoch - 76ms/step
Epoch 99/200
Confusion Matrix:
 [[ 431   20   14   34   22    4   30   35    2    5    5]
 [  45  471    5    3   11    1   11   17    9    8   18]
 [  41    3  492   31    0   29    7   39    2    5   52]
 [  42    4   14  600    6    6    7   92    9    4    4]
 [  31    2    0    7  401    0   37    9   14    2    2]
 [  31    3    5   11    0  595    3   44    2    7   13]
 [  15    7    5    6   21    0  677   20  144    5    7]
 [  27    9   12   54    9   16   18  988   51   13   36]
 [   5    2    1    3    9    0  154   15  558    4    2]
 [  10    3    1    0    1    5    4    3    1 1184   72]
 [   6    7    3    2    0    5    1    7    0   93 1029]]
Class Accuracies:
 [0.71594684 0.78631052 0.70185449 0.76142132 0.79405941 0.83333333
 0.74641676 0.80129765 0.74103586 0.92211838 0.89245447]
145/145 - 11s - 11s/epoch - 75ms/step
Epoch 100/200
Confusion Matrix:
 [[ 431   20   14   34   22    4   30   35    2    5    5]
 [  45  471    5    3   11    1   11   17    9    8   18]
 [  41    3  492   31    0   29    7   39    2    5   52]
 [  42    4   14  600    6    6    7   92    9    4    4]
 [  31    2    0    7  401    0   37    9   14    2    2]
 [  31    3    5   11    0  595    3   44    2    7   13]
 [  15    7    5    6   21    0  677   20  144    5    7]
 [  27    9   12   54    9   16   18  988   51   13   36]
 [   5    2    1    3    9    0  154   15  558    4    2]
 [  10    3    1    0    1    5    4    3    1 1184   72]
 [   6    7    3    2    0    5    1    7    0   93 1029]]
Class Accuracies:
 [0.71594684 0.78631052 0.70185449 0.76142132 0.79405941 0.83333333
 0.74641676 0.80129765 0.74103586 0.92211838 0.89245447]
145/145 - 11s - 11s/epoch - 75ms/step
Epoch 101/200
Confusion Matrix:
 [[ 431   20   14   34   22    4   30   35    2    5    5]
 [  45  471    5    3   11    1   11   17    9    8   18]
 [  41    3  492   31    0   29    7   39    2    5   52]
 [  42    4   14  600    6    6    7   92    9    4    4]
 [  31    2    0    7  401    0   37    9   14    2    2]
 [  31    3    5   11    0  595    3   44    2    7   13]
 [  15    7    5    6   21    0  677   20  144    5    7]
 [  27    9   12   54    9   16   18  988   51   13   36]
 [   5    2    1    3    9    0  154   15  558    4    2]
 [  10    3    1    0    1    5    4    3    1 1184   72]
 [   6    7    3    2    0    5    1    7    0   93 1029]]
Class Accuracies:
 [0.71594684 0.78631052 0.70185449 0.76142132 0.79405941 0.83333333
 0.74641676 0.80129765 0.74103586 0.92211838 0.89245447]
145/145 - 11s - 11s/epoch - 76ms/step
Epoch 102/200
Confusion Matrix:
 [[ 431   20   14   34   22    4   30   35    2    5    5]
 [  45  471    5    3   11    1   11   17    9    8   18]
 [  41    3  492   31    0   29    7   39    2    5   52]
 [  42    4   14  600    6    6    7   92    9    4    4]
 [  31    2    0    7  401    0   37    9   14    2    2]
 [  31    3    5   11    0  595    3   44    2    7   13]
 [  15    7    5    6   21    0  677   20  144    5    7]
 [  27    9   12   54    9   16   18  988   51   13   36]
 [   5    2    1    3    9    0  154   15  558    4    2]
 [  10    3    1    0    1    5    4    3    1 1184   72]
 [   6    7    3    2    0    5    1    7    0   93 1029]]
Class Accuracies:
 [0.71594684 0.78631052 0.70185449 0.76142132 0.79405941 0.83333333
 0.74641676 0.80129765 0.74103586 0.92211838 0.89245447]
145/145 - 12s - 12s/epoch - 80ms/step
Epoch 103/200
Confusion Matrix:
 [[ 431   20   14   34   22    4   30   35    2    5    5]
 [  45  471    5    3   11    1   11   17    9    8   18]
 [  41    3  492   31    0   29    7   39    2    5   52]
 [  42    4   14  600    6    6    7   92    9    4    4]
 [  31    2    0    7  401    0   37    9   14    2    2]
 [  31    3    5   11    0  595    3   44    2    7   13]
 [  15    7    5    6   21    0  677   20  144    5    7]
 [  27    9   12   54    9   16   18  988   51   13   36]
 [   5    2    1    3    9    0  154   15  558    4    2]
 [  10    3    1    0    1    5    4    3    1 1184   72]
 [   6    7    3    2    0    5    1    7    0   93 1029]]
Class Accuracies:
 [0.71594684 0.78631052 0.70185449 0.76142132 0.79405941 0.83333333
 0.74641676 0.80129765 0.74103586 0.92211838 0.89245447]
145/145 - 11s - 11s/epoch - 75ms/step
Epoch 104/200
Confusion Matrix:
 [[ 431   20   14   34   22    4   30   35    2    5    5]
 [  45  471    5    3   11    1   11   17    9    8   18]
 [  41    3  492   31    0   29    7   39    2    5   52]
 [  42    4   14  600    6    6    7   92    9    4    4]
 [  31    2    0    7  401    0   37    9   14    2    2]
 [  31    3    5   11    0  595    3   44    2    7   13]
 [  15    7    5    6   21    0  677   20  144    5    7]
 [  27    9   12   54    9   16   18  988   51   13   36]
 [   5    2    1    3    9    0  154   15  558    4    2]
 [  10    3    1    0    1    5    4    3    1 1184   72]
 [   6    7    3    2    0    5    1    7    0   93 1029]]
Class Accuracies:
 [0.71594684 0.78631052 0.70185449 0.76142132 0.79405941 0.83333333
 0.74641676 0.80129765 0.74103586 0.92211838 0.89245447]
145/145 - 11s - 11s/epoch - 77ms/step
Epoch 105/200
Confusion Matrix:
 [[ 431   20   14   34   22    4   30   35    2    5    5]
 [  45  471    5    3   11    1   11   17    9    8   18]
 [  41    3  492   31    0   29    7   39    2    5   52]
 [  42    4   14  600    6    6    7   92    9    4    4]
 [  31    2    0    7  401    0   37    9   14    2    2]
 [  31    3    5   11    0  595    3   44    2    7   13]
 [  15    7    5    6   21    0  677   20  144    5    7]
 [  27    9   12   54    9   16   18  988   51   13   36]
 [   5    2    1    3    9    0  154   15  558    4    2]
 [  10    3    1    0    1    5    4    3    1 1184   72]
 [   6    7    3    2    0    5    1    7    0   93 1029]]
Class Accuracies:
 [0.71594684 0.78631052 0.70185449 0.76142132 0.79405941 0.83333333
 0.74641676 0.80129765 0.74103586 0.92211838 0.89245447]
145/145 - 11s - 11s/epoch - 77ms/step
Epoch 106/200
Confusion Matrix:
 [[ 431   20   14   34   22    4   30   35    2    5    5]
 [  45  471    5    3   11    1   11   17    9    8   18]
 [  41    3  492   31    0   29    7   39    2    5   52]
 [  42    4   14  600    6    6    7   92    9    4    4]
 [  31    2    0    7  401    0   37    9   14    2    2]
 [  31    3    5   11    0  595    3   44    2    7   13]
 [  15    7    5    6   21    0  677   20  144    5    7]
 [  27    9   12   54    9   16   18  988   51   13   36]
 [   5    2    1    3    9    0  154   15  558    4    2]
 [  10    3    1    0    1    5    4    3    1 1184   72]
 [   6    7    3    2    0    5    1    7    0   93 1029]]
Class Accuracies:
 [0.71594684 0.78631052 0.70185449 0.76142132 0.79405941 0.83333333
 0.74641676 0.80129765 0.74103586 0.92211838 0.89245447]
145/145 - 11s - 11s/epoch - 76ms/step
Epoch 107/200
Confusion Matrix:
 [[ 431   20   14   34   22    4   30   35    2    5    5]
 [  45  471    5    3   11    1   11   17    9    8   18]
 [  41    3  492   31    0   29    7   39    2    5   52]
 [  42    4   14  600    6    6    7   92    9    4    4]
 [  31    2    0    7  401    0   37    9   14    2    2]
 [  31    3    5   11    0  595    3   44    2    7   13]
 [  15    7    5    6   21    0  677   20  144    5    7]
 [  27    9   12   54    9   16   18  988   51   13   36]
 [   5    2    1    3    9    0  154   15  558    4    2]
 [  10    3    1    0    1    5    4    3    1 1184   72]
 [   6    7    3    2    0    5    1    7    0   93 1029]]
Class Accuracies:
 [0.71594684 0.78631052 0.70185449 0.76142132 0.79405941 0.83333333
 0.74641676 0.80129765 0.74103586 0.92211838 0.89245447]
145/145 - 11s - 11s/epoch - 75ms/step
Epoch 108/200
Confusion Matrix:
 [[ 431   20   14   34   22    4   30   35    2    5    5]
 [  45  471    5    3   11    1   11   17    9    8   18]
 [  41    3  492   31    0   29    7   39    2    5   52]
 [  42    4   14  600    6    6    7   92    9    4    4]
 [  31    2    0    7  401    0   37    9   14    2    2]
 [  31    3    5   11    0  595    3   44    2    7   13]
 [  15    7    5    6   21    0  677   20  144    5    7]
 [  27    9   12   54    9   16   18  988   51   13   36]
 [   5    2    1    3    9    0  154   15  558    4    2]
 [  10    3    1    0    1    5    4    3    1 1184   72]
 [   6    7    3    2    0    5    1    7    0   93 1029]]
Class Accuracies:
 [0.71594684 0.78631052 0.70185449 0.76142132 0.79405941 0.83333333
 0.74641676 0.80129765 0.74103586 0.92211838 0.89245447]
145/145 - 11s - 11s/epoch - 76ms/step
Epoch 109/200
Confusion Matrix:
 [[ 431   20   14   34   22    4   30   35    2    5    5]
 [  45  471    5    3   11    1   11   17    9    8   18]
 [  41    3  492   31    0   29    7   39    2    5   52]
 [  42    4   14  600    6    6    7   92    9    4    4]
 [  31    2    0    7  401    0   37    9   14    2    2]
 [  31    3    5   11    0  595    3   44    2    7   13]
 [  15    7    5    6   21    0  677   20  144    5    7]
 [  27    9   12   54    9   16   18  988   51   13   36]
 [   5    2    1    3    9    0  154   15  558    4    2]
 [  10    3    1    0    1    5    4    3    1 1184   72]
 [   6    7    3    2    0    5    1    7    0   93 1029]]
Class Accuracies:
 [0.71594684 0.78631052 0.70185449 0.76142132 0.79405941 0.83333333
 0.74641676 0.80129765 0.74103586 0.92211838 0.89245447]
145/145 - 12s - 12s/epoch - 80ms/step
Epoch 110/200
Confusion Matrix:
 [[ 431   20   14   34   22    4   30   35    2    5    5]
 [  45  471    5    3   11    1   11   17    9    8   18]
 [  41    3  492   31    0   29    7   39    2    5   52]
 [  42    4   14  600    6    6    7   92    9    4    4]
 [  31    2    0    7  401    0   37    9   14    2    2]
 [  31    3    5   11    0  595    3   44    2    7   13]
 [  15    7    5    6   21    0  677   20  144    5    7]
 [  27    9   12   54    9   16   18  988   51   13   36]
 [   5    2    1    3    9    0  154   15  558    4    2]
 [  10    3    1    0    1    5    4    3    1 1184   72]
 [   6    7    3    2    0    5    1    7    0   93 1029]]
Class Accuracies:
 [0.71594684 0.78631052 0.70185449 0.76142132 0.79405941 0.83333333
 0.74641676 0.80129765 0.74103586 0.92211838 0.89245447]
145/145 - 11s - 11s/epoch - 75ms/step
Epoch 111/200
Confusion Matrix:
 [[ 431   20   14   34   22    4   30   35    2    5    5]
 [  45  471    5    3   11    1   11   17    9    8   18]
 [  41    3  492   31    0   29    7   39    2    5   52]
 [  42    4   14  600    6    6    7   92    9    4    4]
 [  31    2    0    7  401    0   37    9   14    2    2]
 [  31    3    5   11    0  595    3   44    2    7   13]
 [  15    7    5    6   21    0  677   20  144    5    7]
 [  27    9   12   54    9   16   18  988   51   13   36]
 [   5    2    1    3    9    0  154   15  558    4    2]
 [  10    3    1    0    1    5    4    3    1 1184   72]
 [   6    7    3    2    0    5    1    7    0   93 1029]]
Class Accuracies:
 [0.71594684 0.78631052 0.70185449 0.76142132 0.79405941 0.83333333
 0.74641676 0.80129765 0.74103586 0.92211838 0.89245447]
145/145 - 11s - 11s/epoch - 76ms/step
Epoch 112/200
Confusion Matrix:
 [[ 431   20   14   34   22    4   30   35    2    5    5]
 [  45  471    5    3   11    1   11   17    9    8   18]
 [  41    3  492   31    0   29    7   39    2    5   52]
 [  42    4   14  600    6    6    7   92    9    4    4]
 [  31    2    0    7  401    0   37    9   14    2    2]
 [  31    3    5   11    0  595    3   44    2    7   13]
 [  15    7    5    6   21    0  677   20  144    5    7]
 [  27    9   12   54    9   16   18  988   51   13   36]
 [   5    2    1    3    9    0  154   15  558    4    2]
 [  10    3    1    0    1    5    4    3    1 1184   72]
 [   6    7    3    2    0    5    1    7    0   93 1029]]
Class Accuracies:
 [0.71594684 0.78631052 0.70185449 0.76142132 0.79405941 0.83333333
 0.74641676 0.80129765 0.74103586 0.92211838 0.89245447]
145/145 - 11s - 11s/epoch - 75ms/step
Epoch 113/200
Confusion Matrix:
 [[ 431   20   14   34   22    4   30   35    2    5    5]
 [  45  471    5    3   11    1   11   17    9    8   18]
 [  41    3  492   31    0   29    7   39    2    5   52]
 [  42    4   14  600    6    6    7   92    9    4    4]
 [  31    2    0    7  401    0   37    9   14    2    2]
 [  31    3    5   11    0  595    3   44    2    7   13]
 [  15    7    5    6   21    0  677   20  144    5    7]
 [  27    9   12   54    9   16   18  988   51   13   36]
 [   5    2    1    3    9    0  154   15  558    4    2]
 [  10    3    1    0    1    5    4    3    1 1184   72]
 [   6    7    3    2    0    5    1    7    0   93 1029]]
Class Accuracies:
 [0.71594684 0.78631052 0.70185449 0.76142132 0.79405941 0.83333333
 0.74641676 0.80129765 0.74103586 0.92211838 0.89245447]
145/145 - 11s - 11s/epoch - 76ms/step
Epoch 114/200
Confusion Matrix:
 [[ 431   20   14   34   22    4   30   35    2    5    5]
 [  45  471    5    3   11    1   11   17    9    8   18]
 [  41    3  492   31    0   29    7   39    2    5   52]
 [  42    4   14  600    6    6    7   92    9    4    4]
 [  31    2    0    7  401    0   37    9   14    2    2]
 [  31    3    5   11    0  595    3   44    2    7   13]
 [  15    7    5    6   21    0  677   20  144    5    7]
 [  27    9   12   54    9   16   18  988   51   13   36]
 [   5    2    1    3    9    0  154   15  558    4    2]
 [  10    3    1    0    1    5    4    3    1 1184   72]
 [   6    7    3    2    0    5    1    7    0   93 1029]]
Class Accuracies:
 [0.71594684 0.78631052 0.70185449 0.76142132 0.79405941 0.83333333
 0.74641676 0.80129765 0.74103586 0.92211838 0.89245447]
145/145 - 11s - 11s/epoch - 76ms/step
Epoch 115/200
Confusion Matrix:
 [[ 431   20   14   34   22    4   30   35    2    5    5]
 [  45  471    5    3   11    1   11   17    9    8   18]
 [  41    3  492   31    0   29    7   39    2    5   52]
 [  42    4   14  600    6    6    7   92    9    4    4]
 [  31    2    0    7  401    0   37    9   14    2    2]
 [  31    3    5   11    0  595    3   44    2    7   13]
 [  15    7    5    6   21    0  677   20  144    5    7]
 [  27    9   12   54    9   16   18  988   51   13   36]
 [   5    2    1    3    9    0  154   15  558    4    2]
 [  10    3    1    0    1    5    4    3    1 1184   72]
 [   6    7    3    2    0    5    1    7    0   93 1029]]
Class Accuracies:
 [0.71594684 0.78631052 0.70185449 0.76142132 0.79405941 0.83333333
 0.74641676 0.80129765 0.74103586 0.92211838 0.89245447]
145/145 - 11s - 11s/epoch - 76ms/step
Epoch 116/200
Confusion Matrix:
 [[ 431   20   14   34   22    4   30   35    2    5    5]
 [  45  471    5    3   11    1   11   17    9    8   18]
 [  41    3  492   31    0   29    7   39    2    5   52]
 [  42    4   14  600    6    6    7   92    9    4    4]
 [  31    2    0    7  401    0   37    9   14    2    2]
 [  31    3    5   11    0  595    3   44    2    7   13]
 [  15    7    5    6   21    0  677   20  144    5    7]
 [  27    9   12   54    9   16   18  988   51   13   36]
 [   5    2    1    3    9    0  154   15  558    4    2]
 [  10    3    1    0    1    5    4    3    1 1184   72]
 [   6    7    3    2    0    5    1    7    0   93 1029]]
Class Accuracies:
 [0.71594684 0.78631052 0.70185449 0.76142132 0.79405941 0.83333333
 0.74641676 0.80129765 0.74103586 0.92211838 0.89245447]
145/145 - 12s - 12s/epoch - 81ms/step
Epoch 117/200
Confusion Matrix:
 [[ 431   20   14   34   22    4   30   35    2    5    5]
 [  45  471    5    3   11    1   11   17    9    8   18]
 [  41    3  492   31    0   29    7   39    2    5   52]
 [  42    4   14  600    6    6    7   92    9    4    4]
 [  31    2    0    7  401    0   37    9   14    2    2]
 [  31    3    5   11    0  595    3   44    2    7   13]
 [  15    7    5    6   21    0  677   20  144    5    7]
 [  27    9   12   54    9   16   18  988   51   13   36]
 [   5    2    1    3    9    0  154   15  558    4    2]
 [  10    3    1    0    1    5    4    3    1 1184   72]
 [   6    7    3    2    0    5    1    7    0   93 1029]]
Class Accuracies:
 [0.71594684 0.78631052 0.70185449 0.76142132 0.79405941 0.83333333
 0.74641676 0.80129765 0.74103586 0.92211838 0.89245447]
145/145 - 11s - 11s/epoch - 75ms/step
Epoch 118/200
Confusion Matrix:
 [[ 431   20   14   34   22    4   30   35    2    5    5]
 [  45  471    5    3   11    1   11   17    9    8   18]
 [  41    3  492   31    0   29    7   39    2    5   52]
 [  42    4   14  600    6    6    7   92    9    4    4]
 [  31    2    0    7  401    0   37    9   14    2    2]
 [  31    3    5   11    0  595    3   44    2    7   13]
 [  15    7    5    6   21    0  677   20  144    5    7]
 [  27    9   12   54    9   16   18  988   51   13   36]
 [   5    2    1    3    9    0  154   15  558    4    2]
 [  10    3    1    0    1    5    4    3    1 1184   72]
 [   6    7    3    2    0    5    1    7    0   93 1029]]
Class Accuracies:
 [0.71594684 0.78631052 0.70185449 0.76142132 0.79405941 0.83333333
 0.74641676 0.80129765 0.74103586 0.92211838 0.89245447]
145/145 - 11s - 11s/epoch - 76ms/step
Epoch 119/200
Confusion Matrix:
 [[ 431   20   14   34   22    4   30   35    2    5    5]
 [  45  471    5    3   11    1   11   17    9    8   18]
 [  41    3  492   31    0   29    7   39    2    5   52]
 [  42    4   14  600    6    6    7   92    9    4    4]
 [  31    2    0    7  401    0   37    9   14    2    2]
 [  31    3    5   11    0  595    3   44    2    7   13]
 [  15    7    5    6   21    0  677   20  144    5    7]
 [  27    9   12   54    9   16   18  988   51   13   36]
 [   5    2    1    3    9    0  154   15  558    4    2]
 [  10    3    1    0    1    5    4    3    1 1184   72]
 [   6    7    3    2    0    5    1    7    0   93 1029]]
Class Accuracies:
 [0.71594684 0.78631052 0.70185449 0.76142132 0.79405941 0.83333333
 0.74641676 0.80129765 0.74103586 0.92211838 0.89245447]
145/145 - 11s - 11s/epoch - 76ms/step
Epoch 120/200
Confusion Matrix:
 [[ 431   20   14   34   22    4   30   35    2    5    5]
 [  45  471    5    3   11    1   11   17    9    8   18]
 [  41    3  492   31    0   29    7   39    2    5   52]
 [  42    4   14  600    6    6    7   92    9    4    4]
 [  31    2    0    7  401    0   37    9   14    2    2]
 [  31    3    5   11    0  595    3   44    2    7   13]
 [  15    7    5    6   21    0  677   20  144    5    7]
 [  27    9   12   54    9   16   18  988   51   13   36]
 [   5    2    1    3    9    0  154   15  558    4    2]
 [  10    3    1    0    1    5    4    3    1 1184   72]
 [   6    7    3    2    0    5    1    7    0   93 1029]]
Class Accuracies:
 [0.71594684 0.78631052 0.70185449 0.76142132 0.79405941 0.83333333
 0.74641676 0.80129765 0.74103586 0.92211838 0.89245447]
145/145 - 11s - 11s/epoch - 75ms/step
Epoch 121/200
Confusion Matrix:
 [[ 431   20   14   34   22    4   30   35    2    5    5]
 [  45  471    5    3   11    1   11   17    9    8   18]
 [  41    3  492   31    0   29    7   39    2    5   52]
 [  42    4   14  600    6    6    7   92    9    4    4]
 [  31    2    0    7  401    0   37    9   14    2    2]
 [  31    3    5   11    0  595    3   44    2    7   13]
 [  15    7    5    6   21    0  677   20  144    5    7]
 [  27    9   12   54    9   16   18  988   51   13   36]
 [   5    2    1    3    9    0  154   15  558    4    2]
 [  10    3    1    0    1    5    4    3    1 1184   72]
 [   6    7    3    2    0    5    1    7    0   93 1029]]
Class Accuracies:
 [0.71594684 0.78631052 0.70185449 0.76142132 0.79405941 0.83333333
 0.74641676 0.80129765 0.74103586 0.92211838 0.89245447]
145/145 - 11s - 11s/epoch - 76ms/step
Epoch 122/200
Confusion Matrix:
 [[ 431   20   14   34   22    4   30   35    2    5    5]
 [  45  471    5    3   11    1   11   17    9    8   18]
 [  41    3  492   31    0   29    7   39    2    5   52]
 [  42    4   14  600    6    6    7   92    9    4    4]
 [  31    2    0    7  401    0   37    9   14    2    2]
 [  31    3    5   11    0  595    3   44    2    7   13]
 [  15    7    5    6   21    0  677   20  144    5    7]
 [  27    9   12   54    9   16   18  988   51   13   36]
 [   5    2    1    3    9    0  154   15  558    4    2]
 [  10    3    1    0    1    5    4    3    1 1184   72]
 [   6    7    3    2    0    5    1    7    0   93 1029]]
Class Accuracies:
 [0.71594684 0.78631052 0.70185449 0.76142132 0.79405941 0.83333333
 0.74641676 0.80129765 0.74103586 0.92211838 0.89245447]
145/145 - 11s - 11s/epoch - 75ms/step
Epoch 123/200
Confusion Matrix:
 [[ 431   20   14   34   22    4   30   35    2    5    5]
 [  45  471    5    3   11    1   11   17    9    8   18]
 [  41    3  492   31    0   29    7   39    2    5   52]
 [  42    4   14  600    6    6    7   92    9    4    4]
 [  31    2    0    7  401    0   37    9   14    2    2]
 [  31    3    5   11    0  595    3   44    2    7   13]
 [  15    7    5    6   21    0  677   20  144    5    7]
 [  27    9   12   54    9   16   18  988   51   13   36]
 [   5    2    1    3    9    0  154   15  558    4    2]
 [  10    3    1    0    1    5    4    3    1 1184   72]
 [   6    7    3    2    0    5    1    7    0   93 1029]]
Class Accuracies:
 [0.71594684 0.78631052 0.70185449 0.76142132 0.79405941 0.83333333
 0.74641676 0.80129765 0.74103586 0.92211838 0.89245447]
145/145 - 12s - 12s/epoch - 80ms/step
Epoch 124/200
Confusion Matrix:
 [[ 431   20   14   34   22    4   30   35    2    5    5]
 [  45  471    5    3   11    1   11   17    9    8   18]
 [  41    3  492   31    0   29    7   39    2    5   52]
 [  42    4   14  600    6    6    7   92    9    4    4]
 [  31    2    0    7  401    0   37    9   14    2    2]
 [  31    3    5   11    0  595    3   44    2    7   13]
 [  15    7    5    6   21    0  677   20  144    5    7]
 [  27    9   12   54    9   16   18  988   51   13   36]
 [   5    2    1    3    9    0  154   15  558    4    2]
 [  10    3    1    0    1    5    4    3    1 1184   72]
 [   6    7    3    2    0    5    1    7    0   93 1029]]
Class Accuracies:
 [0.71594684 0.78631052 0.70185449 0.76142132 0.79405941 0.83333333
 0.74641676 0.80129765 0.74103586 0.92211838 0.89245447]
145/145 - 12s - 12s/epoch - 81ms/step
Epoch 125/200
Confusion Matrix:
 [[ 431   20   14   34   22    4   30   35    2    5    5]
 [  45  471    5    3   11    1   11   17    9    8   18]
 [  41    3  492   31    0   29    7   39    2    5   52]
 [  42    4   14  600    6    6    7   92    9    4    4]
 [  31    2    0    7  401    0   37    9   14    2    2]
 [  31    3    5   11    0  595    3   44    2    7   13]
 [  15    7    5    6   21    0  677   20  144    5    7]
 [  27    9   12   54    9   16   18  988   51   13   36]
 [   5    2    1    3    9    0  154   15  558    4    2]
 [  10    3    1    0    1    5    4    3    1 1184   72]
 [   6    7    3    2    0    5    1    7    0   93 1029]]
Class Accuracies:
 [0.71594684 0.78631052 0.70185449 0.76142132 0.79405941 0.83333333
 0.74641676 0.80129765 0.74103586 0.92211838 0.89245447]
145/145 - 11s - 11s/epoch - 76ms/step
Epoch 126/200
Confusion Matrix:
 [[ 431   20   14   34   22    4   30   35    2    5    5]
 [  45  471    5    3   11    1   11   17    9    8   18]
 [  41    3  492   31    0   29    7   39    2    5   52]
 [  42    4   14  600    6    6    7   92    9    4    4]
 [  31    2    0    7  401    0   37    9   14    2    2]
 [  31    3    5   11    0  595    3   44    2    7   13]
 [  15    7    5    6   21    0  677   20  144    5    7]
 [  27    9   12   54    9   16   18  988   51   13   36]
 [   5    2    1    3    9    0  154   15  558    4    2]
 [  10    3    1    0    1    5    4    3    1 1184   72]
 [   6    7    3    2    0    5    1    7    0   93 1029]]
Class Accuracies:
 [0.71594684 0.78631052 0.70185449 0.76142132 0.79405941 0.83333333
 0.74641676 0.80129765 0.74103586 0.92211838 0.89245447]
145/145 - 11s - 11s/epoch - 76ms/step
Epoch 127/200
Confusion Matrix:
 [[ 431   20   14   34   22    4   30   35    2    5    5]
 [  45  471    5    3   11    1   11   17    9    8   18]
 [  41    3  492   31    0   29    7   39    2    5   52]
 [  42    4   14  600    6    6    7   92    9    4    4]
 [  31    2    0    7  401    0   37    9   14    2    2]
 [  31    3    5   11    0  595    3   44    2    7   13]
 [  15    7    5    6   21    0  677   20  144    5    7]
 [  27    9   12   54    9   16   18  988   51   13   36]
 [   5    2    1    3    9    0  154   15  558    4    2]
 [  10    3    1    0    1    5    4    3    1 1184   72]
 [   6    7    3    2    0    5    1    7    0   93 1029]]
Class Accuracies:
 [0.71594684 0.78631052 0.70185449 0.76142132 0.79405941 0.83333333
 0.74641676 0.80129765 0.74103586 0.92211838 0.89245447]
145/145 - 11s - 11s/epoch - 76ms/step
Epoch 128/200
Confusion Matrix:
 [[ 431   20   14   34   22    4   30   35    2    5    5]
 [  45  471    5    3   11    1   11   17    9    8   18]
 [  41    3  492   31    0   29    7   39    2    5   52]
 [  42    4   14  600    6    6    7   92    9    4    4]
 [  31    2    0    7  401    0   37    9   14    2    2]
 [  31    3    5   11    0  595    3   44    2    7   13]
 [  15    7    5    6   21    0  677   20  144    5    7]
 [  27    9   12   54    9   16   18  988   51   13   36]
 [   5    2    1    3    9    0  154   15  558    4    2]
 [  10    3    1    0    1    5    4    3    1 1184   72]
 [   6    7    3    2    0    5    1    7    0   93 1029]]
Class Accuracies:
 [0.71594684 0.78631052 0.70185449 0.76142132 0.79405941 0.83333333
 0.74641676 0.80129765 0.74103586 0.92211838 0.89245447]
145/145 - 11s - 11s/epoch - 76ms/step
Epoch 129/200
Confusion Matrix:
 [[ 431   20   14   34   22    4   30   35    2    5    5]
 [  45  471    5    3   11    1   11   17    9    8   18]
 [  41    3  492   31    0   29    7   39    2    5   52]
 [  42    4   14  600    6    6    7   92    9    4    4]
 [  31    2    0    7  401    0   37    9   14    2    2]
 [  31    3    5   11    0  595    3   44    2    7   13]
 [  15    7    5    6   21    0  677   20  144    5    7]
 [  27    9   12   54    9   16   18  988   51   13   36]
 [   5    2    1    3    9    0  154   15  558    4    2]
 [  10    3    1    0    1    5    4    3    1 1184   72]
 [   6    7    3    2    0    5    1    7    0   93 1029]]
Class Accuracies:
 [0.71594684 0.78631052 0.70185449 0.76142132 0.79405941 0.83333333
 0.74641676 0.80129765 0.74103586 0.92211838 0.89245447]
145/145 - 11s - 11s/epoch - 76ms/step
Epoch 130/200
Confusion Matrix:
 [[ 431   20   14   34   22    4   30   35    2    5    5]
 [  45  471    5    3   11    1   11   17    9    8   18]
 [  41    3  492   31    0   29    7   39    2    5   52]
 [  42    4   14  600    6    6    7   92    9    4    4]
 [  31    2    0    7  401    0   37    9   14    2    2]
 [  31    3    5   11    0  595    3   44    2    7   13]
 [  15    7    5    6   21    0  677   20  144    5    7]
 [  27    9   12   54    9   16   18  988   51   13   36]
 [   5    2    1    3    9    0  154   15  558    4    2]
 [  10    3    1    0    1    5    4    3    1 1184   72]
 [   6    7    3    2    0    5    1    7    0   93 1029]]
Class Accuracies:
 [0.71594684 0.78631052 0.70185449 0.76142132 0.79405941 0.83333333
 0.74641676 0.80129765 0.74103586 0.92211838 0.89245447]
145/145 - 11s - 11s/epoch - 75ms/step
Epoch 131/200
Confusion Matrix:
 [[ 431   20   14   34   22    4   30   35    2    5    5]
 [  45  471    5    3   11    1   11   17    9    8   18]
 [  41    3  492   31    0   29    7   39    2    5   52]
 [  42    4   14  600    6    6    7   92    9    4    4]
 [  31    2    0    7  401    0   37    9   14    2    2]
 [  31    3    5   11    0  595    3   44    2    7   13]
 [  15    7    5    6   21    0  677   20  144    5    7]
 [  27    9   12   54    9   16   18  988   51   13   36]
 [   5    2    1    3    9    0  154   15  558    4    2]
 [  10    3    1    0    1    5    4    3    1 1184   72]
 [   6    7    3    2    0    5    1    7    0   93 1029]]
Class Accuracies:
 [0.71594684 0.78631052 0.70185449 0.76142132 0.79405941 0.83333333
 0.74641676 0.80129765 0.74103586 0.92211838 0.89245447]
145/145 - 12s - 12s/epoch - 81ms/step
Epoch 132/200
Confusion Matrix:
 [[ 431   20   14   34   22    4   30   35    2    5    5]
 [  45  471    5    3   11    1   11   17    9    8   18]
 [  41    3  492   31    0   29    7   39    2    5   52]
 [  42    4   14  600    6    6    7   92    9    4    4]
 [  31    2    0    7  401    0   37    9   14    2    2]
 [  31    3    5   11    0  595    3   44    2    7   13]
 [  15    7    5    6   21    0  677   20  144    5    7]
 [  27    9   12   54    9   16   18  988   51   13   36]
 [   5    2    1    3    9    0  154   15  558    4    2]
 [  10    3    1    0    1    5    4    3    1 1184   72]
 [   6    7    3    2    0    5    1    7    0   93 1029]]
Class Accuracies:
 [0.71594684 0.78631052 0.70185449 0.76142132 0.79405941 0.83333333
 0.74641676 0.80129765 0.74103586 0.92211838 0.89245447]
145/145 - 12s - 12s/epoch - 80ms/step
Epoch 133/200
Confusion Matrix:
 [[ 431   20   14   34   22    4   30   35    2    5    5]
 [  45  471    5    3   11    1   11   17    9    8   18]
 [  41    3  492   31    0   29    7   39    2    5   52]
 [  42    4   14  600    6    6    7   92    9    4    4]
 [  31    2    0    7  401    0   37    9   14    2    2]
 [  31    3    5   11    0  595    3   44    2    7   13]
 [  15    7    5    6   21    0  677   20  144    5    7]
 [  27    9   12   54    9   16   18  988   51   13   36]
 [   5    2    1    3    9    0  154   15  558    4    2]
 [  10    3    1    0    1    5    4    3    1 1184   72]
 [   6    7    3    2    0    5    1    7    0   93 1029]]
Class Accuracies:
 [0.71594684 0.78631052 0.70185449 0.76142132 0.79405941 0.83333333
 0.74641676 0.80129765 0.74103586 0.92211838 0.89245447]
145/145 - 11s - 11s/epoch - 75ms/step
Epoch 134/200
Confusion Matrix:
 [[ 431   20   14   34   22    4   30   35    2    5    5]
 [  45  471    5    3   11    1   11   17    9    8   18]
 [  41    3  492   31    0   29    7   39    2    5   52]
 [  42    4   14  600    6    6    7   92    9    4    4]
 [  31    2    0    7  401    0   37    9   14    2    2]
 [  31    3    5   11    0  595    3   44    2    7   13]
 [  15    7    5    6   21    0  677   20  144    5    7]
 [  27    9   12   54    9   16   18  988   51   13   36]
 [   5    2    1    3    9    0  154   15  558    4    2]
 [  10    3    1    0    1    5    4    3    1 1184   72]
 [   6    7    3    2    0    5    1    7    0   93 1029]]
Class Accuracies:
 [0.71594684 0.78631052 0.70185449 0.76142132 0.79405941 0.83333333
 0.74641676 0.80129765 0.74103586 0.92211838 0.89245447]
145/145 - 11s - 11s/epoch - 75ms/step
Epoch 135/200
Confusion Matrix:
 [[ 431   20   14   34   22    4   30   35    2    5    5]
 [  45  471    5    3   11    1   11   17    9    8   18]
 [  41    3  492   31    0   29    7   39    2    5   52]
 [  42    4   14  600    6    6    7   92    9    4    4]
 [  31    2    0    7  401    0   37    9   14    2    2]
 [  31    3    5   11    0  595    3   44    2    7   13]
 [  15    7    5    6   21    0  677   20  144    5    7]
 [  27    9   12   54    9   16   18  988   51   13   36]
 [   5    2    1    3    9    0  154   15  558    4    2]
 [  10    3    1    0    1    5    4    3    1 1184   72]
 [   6    7    3    2    0    5    1    7    0   93 1029]]
Class Accuracies:
 [0.71594684 0.78631052 0.70185449 0.76142132 0.79405941 0.83333333
 0.74641676 0.80129765 0.74103586 0.92211838 0.89245447]
145/145 - 11s - 11s/epoch - 76ms/step
Epoch 136/200
Confusion Matrix:
 [[ 431   20   14   34   22    4   30   35    2    5    5]
 [  45  471    5    3   11    1   11   17    9    8   18]
 [  41    3  492   31    0   29    7   39    2    5   52]
 [  42    4   14  600    6    6    7   92    9    4    4]
 [  31    2    0    7  401    0   37    9   14    2    2]
 [  31    3    5   11    0  595    3   44    2    7   13]
 [  15    7    5    6   21    0  677   20  144    5    7]
 [  27    9   12   54    9   16   18  988   51   13   36]
 [   5    2    1    3    9    0  154   15  558    4    2]
 [  10    3    1    0    1    5    4    3    1 1184   72]
 [   6    7    3    2    0    5    1    7    0   93 1029]]
Class Accuracies:
 [0.71594684 0.78631052 0.70185449 0.76142132 0.79405941 0.83333333
 0.74641676 0.80129765 0.74103586 0.92211838 0.89245447]
145/145 - 11s - 11s/epoch - 76ms/step
Epoch 137/200
Confusion Matrix:
 [[ 431   20   14   34   22    4   30   35    2    5    5]
 [  45  471    5    3   11    1   11   17    9    8   18]
 [  41    3  492   31    0   29    7   39    2    5   52]
 [  42    4   14  600    6    6    7   92    9    4    4]
 [  31    2    0    7  401    0   37    9   14    2    2]
 [  31    3    5   11    0  595    3   44    2    7   13]
 [  15    7    5    6   21    0  677   20  144    5    7]
 [  27    9   12   54    9   16   18  988   51   13   36]
 [   5    2    1    3    9    0  154   15  558    4    2]
 [  10    3    1    0    1    5    4    3    1 1184   72]
 [   6    7    3    2    0    5    1    7    0   93 1029]]
Class Accuracies:
 [0.71594684 0.78631052 0.70185449 0.76142132 0.79405941 0.83333333
 0.74641676 0.80129765 0.74103586 0.92211838 0.89245447]
145/145 - 11s - 11s/epoch - 76ms/step
Epoch 138/200
Confusion Matrix:
 [[ 431   20   14   34   22    4   30   35    2    5    5]
 [  45  471    5    3   11    1   11   17    9    8   18]
 [  41    3  492   31    0   29    7   39    2    5   52]
 [  42    4   14  600    6    6    7   92    9    4    4]
 [  31    2    0    7  401    0   37    9   14    2    2]
 [  31    3    5   11    0  595    3   44    2    7   13]
 [  15    7    5    6   21    0  677   20  144    5    7]
 [  27    9   12   54    9   16   18  988   51   13   36]
 [   5    2    1    3    9    0  154   15  558    4    2]
 [  10    3    1    0    1    5    4    3    1 1184   72]
 [   6    7    3    2    0    5    1    7    0   93 1029]]
Class Accuracies:
 [0.71594684 0.78631052 0.70185449 0.76142132 0.79405941 0.83333333
 0.74641676 0.80129765 0.74103586 0.92211838 0.89245447]
145/145 - 11s - 11s/epoch - 76ms/step
Epoch 139/200
Confusion Matrix:
 [[ 431   20   14   34   22    4   30   35    2    5    5]
 [  45  471    5    3   11    1   11   17    9    8   18]
 [  41    3  492   31    0   29    7   39    2    5   52]
 [  42    4   14  600    6    6    7   92    9    4    4]
 [  31    2    0    7  401    0   37    9   14    2    2]
 [  31    3    5   11    0  595    3   44    2    7   13]
 [  15    7    5    6   21    0  677   20  144    5    7]
 [  27    9   12   54    9   16   18  988   51   13   36]
 [   5    2    1    3    9    0  154   15  558    4    2]
 [  10    3    1    0    1    5    4    3    1 1184   72]
 [   6    7    3    2    0    5    1    7    0   93 1029]]
Class Accuracies:
 [0.71594684 0.78631052 0.70185449 0.76142132 0.79405941 0.83333333
 0.74641676 0.80129765 0.74103586 0.92211838 0.89245447]
145/145 - 12s - 12s/epoch - 80ms/step
Epoch 140/200
Confusion Matrix:
 [[ 431   20   14   34   22    4   30   35    2    5    5]
 [  45  471    5    3   11    1   11   17    9    8   18]
 [  41    3  492   31    0   29    7   39    2    5   52]
 [  42    4   14  600    6    6    7   92    9    4    4]
 [  31    2    0    7  401    0   37    9   14    2    2]
 [  31    3    5   11    0  595    3   44    2    7   13]
 [  15    7    5    6   21    0  677   20  144    5    7]
 [  27    9   12   54    9   16   18  988   51   13   36]
 [   5    2    1    3    9    0  154   15  558    4    2]
 [  10    3    1    0    1    5    4    3    1 1184   72]
 [   6    7    3    2    0    5    1    7    0   93 1029]]
Class Accuracies:
 [0.71594684 0.78631052 0.70185449 0.76142132 0.79405941 0.83333333
 0.74641676 0.80129765 0.74103586 0.92211838 0.89245447]
145/145 - 12s - 12s/epoch - 81ms/step
Epoch 141/200
Confusion Matrix:
 [[ 431   20   14   34   22    4   30   35    2    5    5]
 [  45  471    5    3   11    1   11   17    9    8   18]
 [  41    3  492   31    0   29    7   39    2    5   52]
 [  42    4   14  600    6    6    7   92    9    4    4]
 [  31    2    0    7  401    0   37    9   14    2    2]
 [  31    3    5   11    0  595    3   44    2    7   13]
 [  15    7    5    6   21    0  677   20  144    5    7]
 [  27    9   12   54    9   16   18  988   51   13   36]
 [   5    2    1    3    9    0  154   15  558    4    2]
 [  10    3    1    0    1    5    4    3    1 1184   72]
 [   6    7    3    2    0    5    1    7    0   93 1029]]
Class Accuracies:
 [0.71594684 0.78631052 0.70185449 0.76142132 0.79405941 0.83333333
 0.74641676 0.80129765 0.74103586 0.92211838 0.89245447]
145/145 - 11s - 11s/epoch - 76ms/step
Epoch 142/200
Confusion Matrix:
 [[ 431   20   14   34   22    4   30   35    2    5    5]
 [  45  471    5    3   11    1   11   17    9    8   18]
 [  41    3  492   31    0   29    7   39    2    5   52]
 [  42    4   14  600    6    6    7   92    9    4    4]
 [  31    2    0    7  401    0   37    9   14    2    2]
 [  31    3    5   11    0  595    3   44    2    7   13]
 [  15    7    5    6   21    0  677   20  144    5    7]
 [  27    9   12   54    9   16   18  988   51   13   36]
 [   5    2    1    3    9    0  154   15  558    4    2]
 [  10    3    1    0    1    5    4    3    1 1184   72]
 [   6    7    3    2    0    5    1    7    0   93 1029]]
Class Accuracies:
 [0.71594684 0.78631052 0.70185449 0.76142132 0.79405941 0.83333333
 0.74641676 0.80129765 0.74103586 0.92211838 0.89245447]
145/145 - 11s - 11s/epoch - 76ms/step
Epoch 143/200
Confusion Matrix:
 [[ 431   20   14   34   22    4   30   35    2    5    5]
 [  45  471    5    3   11    1   11   17    9    8   18]
 [  41    3  492   31    0   29    7   39    2    5   52]
 [  42    4   14  600    6    6    7   92    9    4    4]
 [  31    2    0    7  401    0   37    9   14    2    2]
 [  31    3    5   11    0  595    3   44    2    7   13]
 [  15    7    5    6   21    0  677   20  144    5    7]
 [  27    9   12   54    9   16   18  988   51   13   36]
 [   5    2    1    3    9    0  154   15  558    4    2]
 [  10    3    1    0    1    5    4    3    1 1184   72]
 [   6    7    3    2    0    5    1    7    0   93 1029]]
Class Accuracies:
 [0.71594684 0.78631052 0.70185449 0.76142132 0.79405941 0.83333333
 0.74641676 0.80129765 0.74103586 0.92211838 0.89245447]
145/145 - 11s - 11s/epoch - 76ms/step
Epoch 144/200
Confusion Matrix:
 [[ 431   20   14   34   22    4   30   35    2    5    5]
 [  45  471    5    3   11    1   11   17    9    8   18]
 [  41    3  492   31    0   29    7   39    2    5   52]
 [  42    4   14  600    6    6    7   92    9    4    4]
 [  31    2    0    7  401    0   37    9   14    2    2]
 [  31    3    5   11    0  595    3   44    2    7   13]
 [  15    7    5    6   21    0  677   20  144    5    7]
 [  27    9   12   54    9   16   18  988   51   13   36]
 [   5    2    1    3    9    0  154   15  558    4    2]
 [  10    3    1    0    1    5    4    3    1 1184   72]
 [   6    7    3    2    0    5    1    7    0   93 1029]]
Class Accuracies:
 [0.71594684 0.78631052 0.70185449 0.76142132 0.79405941 0.83333333
 0.74641676 0.80129765 0.74103586 0.92211838 0.89245447]
145/145 - 11s - 11s/epoch - 76ms/step
Epoch 145/200
Confusion Matrix:
 [[ 431   20   14   34   22    4   30   35    2    5    5]
 [  45  471    5    3   11    1   11   17    9    8   18]
 [  41    3  492   31    0   29    7   39    2    5   52]
 [  42    4   14  600    6    6    7   92    9    4    4]
 [  31    2    0    7  401    0   37    9   14    2    2]
 [  31    3    5   11    0  595    3   44    2    7   13]
 [  15    7    5    6   21    0  677   20  144    5    7]
 [  27    9   12   54    9   16   18  988   51   13   36]
 [   5    2    1    3    9    0  154   15  558    4    2]
 [  10    3    1    0    1    5    4    3    1 1184   72]
 [   6    7    3    2    0    5    1    7    0   93 1029]]
Class Accuracies:
 [0.71594684 0.78631052 0.70185449 0.76142132 0.79405941 0.83333333
 0.74641676 0.80129765 0.74103586 0.92211838 0.89245447]
145/145 - 11s - 11s/epoch - 76ms/step
Epoch 146/200
Confusion Matrix:
 [[ 431   20   14   34   22    4   30   35    2    5    5]
 [  45  471    5    3   11    1   11   17    9    8   18]
 [  41    3  492   31    0   29    7   39    2    5   52]
 [  42    4   14  600    6    6    7   92    9    4    4]
 [  31    2    0    7  401    0   37    9   14    2    2]
 [  31    3    5   11    0  595    3   44    2    7   13]
 [  15    7    5    6   21    0  677   20  144    5    7]
 [  27    9   12   54    9   16   18  988   51   13   36]
 [   5    2    1    3    9    0  154   15  558    4    2]
 [  10    3    1    0    1    5    4    3    1 1184   72]
 [   6    7    3    2    0    5    1    7    0   93 1029]]
Class Accuracies:
 [0.71594684 0.78631052 0.70185449 0.76142132 0.79405941 0.83333333
 0.74641676 0.80129765 0.74103586 0.92211838 0.89245447]
145/145 - 11s - 11s/epoch - 76ms/step
Epoch 147/200
Confusion Matrix:
 [[ 431   20   14   34   22    4   30   35    2    5    5]
 [  45  471    5    3   11    1   11   17    9    8   18]
 [  41    3  492   31    0   29    7   39    2    5   52]
 [  42    4   14  600    6    6    7   92    9    4    4]
 [  31    2    0    7  401    0   37    9   14    2    2]
 [  31    3    5   11    0  595    3   44    2    7   13]
 [  15    7    5    6   21    0  677   20  144    5    7]
 [  27    9   12   54    9   16   18  988   51   13   36]
 [   5    2    1    3    9    0  154   15  558    4    2]
 [  10    3    1    0    1    5    4    3    1 1184   72]
 [   6    7    3    2    0    5    1    7    0   93 1029]]
Class Accuracies:
 [0.71594684 0.78631052 0.70185449 0.76142132 0.79405941 0.83333333
 0.74641676 0.80129765 0.74103586 0.92211838 0.89245447]
145/145 - 11s - 11s/epoch - 76ms/step
Epoch 148/200
Confusion Matrix:
 [[ 431   20   14   34   22    4   30   35    2    5    5]
 [  45  471    5    3   11    1   11   17    9    8   18]
 [  41    3  492   31    0   29    7   39    2    5   52]
 [  42    4   14  600    6    6    7   92    9    4    4]
 [  31    2    0    7  401    0   37    9   14    2    2]
 [  31    3    5   11    0  595    3   44    2    7   13]
 [  15    7    5    6   21    0  677   20  144    5    7]
 [  27    9   12   54    9   16   18  988   51   13   36]
 [   5    2    1    3    9    0  154   15  558    4    2]
 [  10    3    1    0    1    5    4    3    1 1184   72]
 [   6    7    3    2    0    5    1    7    0   93 1029]]
Class Accuracies:
 [0.71594684 0.78631052 0.70185449 0.76142132 0.79405941 0.83333333
 0.74641676 0.80129765 0.74103586 0.92211838 0.89245447]
145/145 - 12s - 12s/epoch - 80ms/step
Epoch 149/200
Confusion Matrix:
 [[ 431   20   14   34   22    4   30   35    2    5    5]
 [  45  471    5    3   11    1   11   17    9    8   18]
 [  41    3  492   31    0   29    7   39    2    5   52]
 [  42    4   14  600    6    6    7   92    9    4    4]
 [  31    2    0    7  401    0   37    9   14    2    2]
 [  31    3    5   11    0  595    3   44    2    7   13]
 [  15    7    5    6   21    0  677   20  144    5    7]
 [  27    9   12   54    9   16   18  988   51   13   36]
 [   5    2    1    3    9    0  154   15  558    4    2]
 [  10    3    1    0    1    5    4    3    1 1184   72]
 [   6    7    3    2    0    5    1    7    0   93 1029]]
Class Accuracies:
 [0.71594684 0.78631052 0.70185449 0.76142132 0.79405941 0.83333333
 0.74641676 0.80129765 0.74103586 0.92211838 0.89245447]
145/145 - 12s - 12s/epoch - 80ms/step
Epoch 150/200
Confusion Matrix:
 [[ 431   20   14   34   22    4   30   35    2    5    5]
 [  45  471    5    3   11    1   11   17    9    8   18]
 [  41    3  492   31    0   29    7   39    2    5   52]
 [  42    4   14  600    6    6    7   92    9    4    4]
 [  31    2    0    7  401    0   37    9   14    2    2]
 [  31    3    5   11    0  595    3   44    2    7   13]
 [  15    7    5    6   21    0  677   20  144    5    7]
 [  27    9   12   54    9   16   18  988   51   13   36]
 [   5    2    1    3    9    0  154   15  558    4    2]
 [  10    3    1    0    1    5    4    3    1 1184   72]
 [   6    7    3    2    0    5    1    7    0   93 1029]]
Class Accuracies:
 [0.71594684 0.78631052 0.70185449 0.76142132 0.79405941 0.83333333
 0.74641676 0.80129765 0.74103586 0.92211838 0.89245447]
145/145 - 11s - 11s/epoch - 76ms/step
Epoch 151/200
Confusion Matrix:
 [[ 431   20   14   34   22    4   30   35    2    5    5]
 [  45  471    5    3   11    1   11   17    9    8   18]
 [  41    3  492   31    0   29    7   39    2    5   52]
 [  42    4   14  600    6    6    7   92    9    4    4]
 [  31    2    0    7  401    0   37    9   14    2    2]
 [  31    3    5   11    0  595    3   44    2    7   13]
 [  15    7    5    6   21    0  677   20  144    5    7]
 [  27    9   12   54    9   16   18  988   51   13   36]
 [   5    2    1    3    9    0  154   15  558    4    2]
 [  10    3    1    0    1    5    4    3    1 1184   72]
 [   6    7    3    2    0    5    1    7    0   93 1029]]
Class Accuracies:
 [0.71594684 0.78631052 0.70185449 0.76142132 0.79405941 0.83333333
 0.74641676 0.80129765 0.74103586 0.92211838 0.89245447]
145/145 - 11s - 11s/epoch - 76ms/step
Epoch 152/200
Confusion Matrix:
 [[ 431   20   14   34   22    4   30   35    2    5    5]
 [  45  471    5    3   11    1   11   17    9    8   18]
 [  41    3  492   31    0   29    7   39    2    5   52]
 [  42    4   14  600    6    6    7   92    9    4    4]
 [  31    2    0    7  401    0   37    9   14    2    2]
 [  31    3    5   11    0  595    3   44    2    7   13]
 [  15    7    5    6   21    0  677   20  144    5    7]
 [  27    9   12   54    9   16   18  988   51   13   36]
 [   5    2    1    3    9    0  154   15  558    4    2]
 [  10    3    1    0    1    5    4    3    1 1184   72]
 [   6    7    3    2    0    5    1    7    0   93 1029]]
Class Accuracies:
 [0.71594684 0.78631052 0.70185449 0.76142132 0.79405941 0.83333333
 0.74641676 0.80129765 0.74103586 0.92211838 0.89245447]
145/145 - 11s - 11s/epoch - 75ms/step
Epoch 153/200
Confusion Matrix:
 [[ 431   20   14   34   22    4   30   35    2    5    5]
 [  45  471    5    3   11    1   11   17    9    8   18]
 [  41    3  492   31    0   29    7   39    2    5   52]
 [  42    4   14  600    6    6    7   92    9    4    4]
 [  31    2    0    7  401    0   37    9   14    2    2]
 [  31    3    5   11    0  595    3   44    2    7   13]
 [  15    7    5    6   21    0  677   20  144    5    7]
 [  27    9   12   54    9   16   18  988   51   13   36]
 [   5    2    1    3    9    0  154   15  558    4    2]
 [  10    3    1    0    1    5    4    3    1 1184   72]
 [   6    7    3    2    0    5    1    7    0   93 1029]]
Class Accuracies:
 [0.71594684 0.78631052 0.70185449 0.76142132 0.79405941 0.83333333
 0.74641676 0.80129765 0.74103586 0.92211838 0.89245447]
145/145 - 11s - 11s/epoch - 76ms/step
Epoch 154/200
Confusion Matrix:
 [[ 431   20   14   34   22    4   30   35    2    5    5]
 [  45  471    5    3   11    1   11   17    9    8   18]
 [  41    3  492   31    0   29    7   39    2    5   52]
 [  42    4   14  600    6    6    7   92    9    4    4]
 [  31    2    0    7  401    0   37    9   14    2    2]
 [  31    3    5   11    0  595    3   44    2    7   13]
 [  15    7    5    6   21    0  677   20  144    5    7]
 [  27    9   12   54    9   16   18  988   51   13   36]
 [   5    2    1    3    9    0  154   15  558    4    2]
 [  10    3    1    0    1    5    4    3    1 1184   72]
 [   6    7    3    2    0    5    1    7    0   93 1029]]
Class Accuracies:
 [0.71594684 0.78631052 0.70185449 0.76142132 0.79405941 0.83333333
 0.74641676 0.80129765 0.74103586 0.92211838 0.89245447]
145/145 - 11s - 11s/epoch - 76ms/step
Epoch 155/200
Confusion Matrix:
 [[ 431   20   14   34   22    4   30   35    2    5    5]
 [  45  471    5    3   11    1   11   17    9    8   18]
 [  41    3  492   31    0   29    7   39    2    5   52]
 [  42    4   14  600    6    6    7   92    9    4    4]
 [  31    2    0    7  401    0   37    9   14    2    2]
 [  31    3    5   11    0  595    3   44    2    7   13]
 [  15    7    5    6   21    0  677   20  144    5    7]
 [  27    9   12   54    9   16   18  988   51   13   36]
 [   5    2    1    3    9    0  154   15  558    4    2]
 [  10    3    1    0    1    5    4    3    1 1184   72]
 [   6    7    3    2    0    5    1    7    0   93 1029]]
Class Accuracies:
 [0.71594684 0.78631052 0.70185449 0.76142132 0.79405941 0.83333333
 0.74641676 0.80129765 0.74103586 0.92211838 0.89245447]
145/145 - 11s - 11s/epoch - 75ms/step
Epoch 156/200
Confusion Matrix:
 [[ 431   20   14   34   22    4   30   35    2    5    5]
 [  45  471    5    3   11    1   11   17    9    8   18]
 [  41    3  492   31    0   29    7   39    2    5   52]
 [  42    4   14  600    6    6    7   92    9    4    4]
 [  31    2    0    7  401    0   37    9   14    2    2]
 [  31    3    5   11    0  595    3   44    2    7   13]
 [  15    7    5    6   21    0  677   20  144    5    7]
 [  27    9   12   54    9   16   18  988   51   13   36]
 [   5    2    1    3    9    0  154   15  558    4    2]
 [  10    3    1    0    1    5    4    3    1 1184   72]
 [   6    7    3    2    0    5    1    7    0   93 1029]]
Class Accuracies:
 [0.71594684 0.78631052 0.70185449 0.76142132 0.79405941 0.83333333
 0.74641676 0.80129765 0.74103586 0.92211838 0.89245447]
145/145 - 11s - 11s/epoch - 75ms/step
Epoch 157/200
Confusion Matrix:
 [[ 431   20   14   34   22    4   30   35    2    5    5]
 [  45  471    5    3   11    1   11   17    9    8   18]
 [  41    3  492   31    0   29    7   39    2    5   52]
 [  42    4   14  600    6    6    7   92    9    4    4]
 [  31    2    0    7  401    0   37    9   14    2    2]
 [  31    3    5   11    0  595    3   44    2    7   13]
 [  15    7    5    6   21    0  677   20  144    5    7]
 [  27    9   12   54    9   16   18  988   51   13   36]
 [   5    2    1    3    9    0  154   15  558    4    2]
 [  10    3    1    0    1    5    4    3    1 1184   72]
 [   6    7    3    2    0    5    1    7    0   93 1029]]
Class Accuracies:
 [0.71594684 0.78631052 0.70185449 0.76142132 0.79405941 0.83333333
 0.74641676 0.80129765 0.74103586 0.92211838 0.89245447]
145/145 - 12s - 12s/epoch - 80ms/step
Epoch 158/200
Confusion Matrix:
 [[ 431   20   14   34   22    4   30   35    2    5    5]
 [  45  471    5    3   11    1   11   17    9    8   18]
 [  41    3  492   31    0   29    7   39    2    5   52]
 [  42    4   14  600    6    6    7   92    9    4    4]
 [  31    2    0    7  401    0   37    9   14    2    2]
 [  31    3    5   11    0  595    3   44    2    7   13]
 [  15    7    5    6   21    0  677   20  144    5    7]
 [  27    9   12   54    9   16   18  988   51   13   36]
 [   5    2    1    3    9    0  154   15  558    4    2]
 [  10    3    1    0    1    5    4    3    1 1184   72]
 [   6    7    3    2    0    5    1    7    0   93 1029]]
Class Accuracies:
 [0.71594684 0.78631052 0.70185449 0.76142132 0.79405941 0.83333333
 0.74641676 0.80129765 0.74103586 0.92211838 0.89245447]
145/145 - 12s - 12s/epoch - 82ms/step
Epoch 159/200
Confusion Matrix:
 [[ 431   20   14   34   22    4   30   35    2    5    5]
 [  45  471    5    3   11    1   11   17    9    8   18]
 [  41    3  492   31    0   29    7   39    2    5   52]
 [  42    4   14  600    6    6    7   92    9    4    4]
 [  31    2    0    7  401    0   37    9   14    2    2]
 [  31    3    5   11    0  595    3   44    2    7   13]
 [  15    7    5    6   21    0  677   20  144    5    7]
 [  27    9   12   54    9   16   18  988   51   13   36]
 [   5    2    1    3    9    0  154   15  558    4    2]
 [  10    3    1    0    1    5    4    3    1 1184   72]
 [   6    7    3    2    0    5    1    7    0   93 1029]]
Class Accuracies:
 [0.71594684 0.78631052 0.70185449 0.76142132 0.79405941 0.83333333
 0.74641676 0.80129765 0.74103586 0.92211838 0.89245447]
145/145 - 11s - 11s/epoch - 75ms/step
Epoch 160/200
Confusion Matrix:
 [[ 431   20   14   34   22    4   30   35    2    5    5]
 [  45  471    5    3   11    1   11   17    9    8   18]
 [  41    3  492   31    0   29    7   39    2    5   52]
 [  42    4   14  600    6    6    7   92    9    4    4]
 [  31    2    0    7  401    0   37    9   14    2    2]
 [  31    3    5   11    0  595    3   44    2    7   13]
 [  15    7    5    6   21    0  677   20  144    5    7]
 [  27    9   12   54    9   16   18  988   51   13   36]
 [   5    2    1    3    9    0  154   15  558    4    2]
 [  10    3    1    0    1    5    4    3    1 1184   72]
 [   6    7    3    2    0    5    1    7    0   93 1029]]
Class Accuracies:
 [0.71594684 0.78631052 0.70185449 0.76142132 0.79405941 0.83333333
 0.74641676 0.80129765 0.74103586 0.92211838 0.89245447]
145/145 - 11s - 11s/epoch - 77ms/step
Epoch 161/200
Confusion Matrix:
 [[ 431   20   14   34   22    4   30   35    2    5    5]
 [  45  471    5    3   11    1   11   17    9    8   18]
 [  41    3  492   31    0   29    7   39    2    5   52]
 [  42    4   14  600    6    6    7   92    9    4    4]
 [  31    2    0    7  401    0   37    9   14    2    2]
 [  31    3    5   11    0  595    3   44    2    7   13]
 [  15    7    5    6   21    0  677   20  144    5    7]
 [  27    9   12   54    9   16   18  988   51   13   36]
 [   5    2    1    3    9    0  154   15  558    4    2]
 [  10    3    1    0    1    5    4    3    1 1184   72]
 [   6    7    3    2    0    5    1    7    0   93 1029]]
Class Accuracies:
 [0.71594684 0.78631052 0.70185449 0.76142132 0.79405941 0.83333333
 0.74641676 0.80129765 0.74103586 0.92211838 0.89245447]
145/145 - 11s - 11s/epoch - 75ms/step
Epoch 162/200
Confusion Matrix:
 [[ 431   20   14   34   22    4   30   35    2    5    5]
 [  45  471    5    3   11    1   11   17    9    8   18]
 [  41    3  492   31    0   29    7   39    2    5   52]
 [  42    4   14  600    6    6    7   92    9    4    4]
 [  31    2    0    7  401    0   37    9   14    2    2]
 [  31    3    5   11    0  595    3   44    2    7   13]
 [  15    7    5    6   21    0  677   20  144    5    7]
 [  27    9   12   54    9   16   18  988   51   13   36]
 [   5    2    1    3    9    0  154   15  558    4    2]
 [  10    3    1    0    1    5    4    3    1 1184   72]
 [   6    7    3    2    0    5    1    7    0   93 1029]]
Class Accuracies:
 [0.71594684 0.78631052 0.70185449 0.76142132 0.79405941 0.83333333
 0.74641676 0.80129765 0.74103586 0.92211838 0.89245447]
145/145 - 11s - 11s/epoch - 75ms/step
Epoch 163/200
Confusion Matrix:
 [[ 431   20   14   34   22    4   30   35    2    5    5]
 [  45  471    5    3   11    1   11   17    9    8   18]
 [  41    3  492   31    0   29    7   39    2    5   52]
 [  42    4   14  600    6    6    7   92    9    4    4]
 [  31    2    0    7  401    0   37    9   14    2    2]
 [  31    3    5   11    0  595    3   44    2    7   13]
 [  15    7    5    6   21    0  677   20  144    5    7]
 [  27    9   12   54    9   16   18  988   51   13   36]
 [   5    2    1    3    9    0  154   15  558    4    2]
 [  10    3    1    0    1    5    4    3    1 1184   72]
 [   6    7    3    2    0    5    1    7    0   93 1029]]
Class Accuracies:
 [0.71594684 0.78631052 0.70185449 0.76142132 0.79405941 0.83333333
 0.74641676 0.80129765 0.74103586 0.92211838 0.89245447]
145/145 - 11s - 11s/epoch - 76ms/step
Epoch 164/200
Confusion Matrix:
 [[ 431   20   14   34   22    4   30   35    2    5    5]
 [  45  471    5    3   11    1   11   17    9    8   18]
 [  41    3  492   31    0   29    7   39    2    5   52]
 [  42    4   14  600    6    6    7   92    9    4    4]
 [  31    2    0    7  401    0   37    9   14    2    2]
 [  31    3    5   11    0  595    3   44    2    7   13]
 [  15    7    5    6   21    0  677   20  144    5    7]
 [  27    9   12   54    9   16   18  988   51   13   36]
 [   5    2    1    3    9    0  154   15  558    4    2]
 [  10    3    1    0    1    5    4    3    1 1184   72]
 [   6    7    3    2    0    5    1    7    0   93 1029]]
Class Accuracies:
 [0.71594684 0.78631052 0.70185449 0.76142132 0.79405941 0.83333333
 0.74641676 0.80129765 0.74103586 0.92211838 0.89245447]
145/145 - 11s - 11s/epoch - 75ms/step
Epoch 165/200
Confusion Matrix:
 [[ 431   20   14   34   22    4   30   35    2    5    5]
 [  45  471    5    3   11    1   11   17    9    8   18]
 [  41    3  492   31    0   29    7   39    2    5   52]
 [  42    4   14  600    6    6    7   92    9    4    4]
 [  31    2    0    7  401    0   37    9   14    2    2]
 [  31    3    5   11    0  595    3   44    2    7   13]
 [  15    7    5    6   21    0  677   20  144    5    7]
 [  27    9   12   54    9   16   18  988   51   13   36]
 [   5    2    1    3    9    0  154   15  558    4    2]
 [  10    3    1    0    1    5    4    3    1 1184   72]
 [   6    7    3    2    0    5    1    7    0   93 1029]]
Class Accuracies:
 [0.71594684 0.78631052 0.70185449 0.76142132 0.79405941 0.83333333
 0.74641676 0.80129765 0.74103586 0.92211838 0.89245447]
145/145 - 11s - 11s/epoch - 76ms/step
Epoch 166/200
Confusion Matrix:
 [[ 431   20   14   34   22    4   30   35    2    5    5]
 [  45  471    5    3   11    1   11   17    9    8   18]
 [  41    3  492   31    0   29    7   39    2    5   52]
 [  42    4   14  600    6    6    7   92    9    4    4]
 [  31    2    0    7  401    0   37    9   14    2    2]
 [  31    3    5   11    0  595    3   44    2    7   13]
 [  15    7    5    6   21    0  677   20  144    5    7]
 [  27    9   12   54    9   16   18  988   51   13   36]
 [   5    2    1    3    9    0  154   15  558    4    2]
 [  10    3    1    0    1    5    4    3    1 1184   72]
 [   6    7    3    2    0    5    1    7    0   93 1029]]
Class Accuracies:
 [0.71594684 0.78631052 0.70185449 0.76142132 0.79405941 0.83333333
 0.74641676 0.80129765 0.74103586 0.92211838 0.89245447]
145/145 - 11s - 11s/epoch - 76ms/step
Epoch 167/200
Confusion Matrix:
 [[ 431   20   14   34   22    4   30   35    2    5    5]
 [  45  471    5    3   11    1   11   17    9    8   18]
 [  41    3  492   31    0   29    7   39    2    5   52]
 [  42    4   14  600    6    6    7   92    9    4    4]
 [  31    2    0    7  401    0   37    9   14    2    2]
 [  31    3    5   11    0  595    3   44    2    7   13]
 [  15    7    5    6   21    0  677   20  144    5    7]
 [  27    9   12   54    9   16   18  988   51   13   36]
 [   5    2    1    3    9    0  154   15  558    4    2]
 [  10    3    1    0    1    5    4    3    1 1184   72]
 [   6    7    3    2    0    5    1    7    0   93 1029]]
Class Accuracies:
 [0.71594684 0.78631052 0.70185449 0.76142132 0.79405941 0.83333333
 0.74641676 0.80129765 0.74103586 0.92211838 0.89245447]
145/145 - 12s - 12s/epoch - 80ms/step
Epoch 168/200
Confusion Matrix:
 [[ 431   20   14   34   22    4   30   35    2    5    5]
 [  45  471    5    3   11    1   11   17    9    8   18]
 [  41    3  492   31    0   29    7   39    2    5   52]
 [  42    4   14  600    6    6    7   92    9    4    4]
 [  31    2    0    7  401    0   37    9   14    2    2]
 [  31    3    5   11    0  595    3   44    2    7   13]
 [  15    7    5    6   21    0  677   20  144    5    7]
 [  27    9   12   54    9   16   18  988   51   13   36]
 [   5    2    1    3    9    0  154   15  558    4    2]
 [  10    3    1    0    1    5    4    3    1 1184   72]
 [   6    7    3    2    0    5    1    7    0   93 1029]]
Class Accuracies:
 [0.71594684 0.78631052 0.70185449 0.76142132 0.79405941 0.83333333
 0.74641676 0.80129765 0.74103586 0.92211838 0.89245447]
145/145 - 12s - 12s/epoch - 81ms/step
Epoch 169/200
Confusion Matrix:
 [[ 431   20   14   34   22    4   30   35    2    5    5]
 [  45  471    5    3   11    1   11   17    9    8   18]
 [  41    3  492   31    0   29    7   39    2    5   52]
 [  42    4   14  600    6    6    7   92    9    4    4]
 [  31    2    0    7  401    0   37    9   14    2    2]
 [  31    3    5   11    0  595    3   44    2    7   13]
 [  15    7    5    6   21    0  677   20  144    5    7]
 [  27    9   12   54    9   16   18  988   51   13   36]
 [   5    2    1    3    9    0  154   15  558    4    2]
 [  10    3    1    0    1    5    4    3    1 1184   72]
 [   6    7    3    2    0    5    1    7    0   93 1029]]
Class Accuracies:
 [0.71594684 0.78631052 0.70185449 0.76142132 0.79405941 0.83333333
 0.74641676 0.80129765 0.74103586 0.92211838 0.89245447]
145/145 - 11s - 11s/epoch - 75ms/step
Epoch 170/200
Confusion Matrix:
 [[ 431   20   14   34   22    4   30   35    2    5    5]
 [  45  471    5    3   11    1   11   17    9    8   18]
 [  41    3  492   31    0   29    7   39    2    5   52]
 [  42    4   14  600    6    6    7   92    9    4    4]
 [  31    2    0    7  401    0   37    9   14    2    2]
 [  31    3    5   11    0  595    3   44    2    7   13]
 [  15    7    5    6   21    0  677   20  144    5    7]
 [  27    9   12   54    9   16   18  988   51   13   36]
 [   5    2    1    3    9    0  154   15  558    4    2]
 [  10    3    1    0    1    5    4    3    1 1184   72]
 [   6    7    3    2    0    5    1    7    0   93 1029]]
Class Accuracies:
 [0.71594684 0.78631052 0.70185449 0.76142132 0.79405941 0.83333333
 0.74641676 0.80129765 0.74103586 0.92211838 0.89245447]
145/145 - 11s - 11s/epoch - 75ms/step
Epoch 171/200
Confusion Matrix:
 [[ 431   20   14   34   22    4   30   35    2    5    5]
 [  45  471    5    3   11    1   11   17    9    8   18]
 [  41    3  492   31    0   29    7   39    2    5   52]
 [  42    4   14  600    6    6    7   92    9    4    4]
 [  31    2    0    7  401    0   37    9   14    2    2]
 [  31    3    5   11    0  595    3   44    2    7   13]
 [  15    7    5    6   21    0  677   20  144    5    7]
 [  27    9   12   54    9   16   18  988   51   13   36]
 [   5    2    1    3    9    0  154   15  558    4    2]
 [  10    3    1    0    1    5    4    3    1 1184   72]
 [   6    7    3    2    0    5    1    7    0   93 1029]]
Class Accuracies:
 [0.71594684 0.78631052 0.70185449 0.76142132 0.79405941 0.83333333
 0.74641676 0.80129765 0.74103586 0.92211838 0.89245447]
145/145 - 11s - 11s/epoch - 76ms/step
Epoch 172/200
Confusion Matrix:
 [[ 431   20   14   34   22    4   30   35    2    5    5]
 [  45  471    5    3   11    1   11   17    9    8   18]
 [  41    3  492   31    0   29    7   39    2    5   52]
 [  42    4   14  600    6    6    7   92    9    4    4]
 [  31    2    0    7  401    0   37    9   14    2    2]
 [  31    3    5   11    0  595    3   44    2    7   13]
 [  15    7    5    6   21    0  677   20  144    5    7]
 [  27    9   12   54    9   16   18  988   51   13   36]
 [   5    2    1    3    9    0  154   15  558    4    2]
 [  10    3    1    0    1    5    4    3    1 1184   72]
 [   6    7    3    2    0    5    1    7    0   93 1029]]
Class Accuracies:
 [0.71594684 0.78631052 0.70185449 0.76142132 0.79405941 0.83333333
 0.74641676 0.80129765 0.74103586 0.92211838 0.89245447]
145/145 - 11s - 11s/epoch - 75ms/step
Epoch 173/200
Confusion Matrix:
 [[ 431   20   14   34   22    4   30   35    2    5    5]
 [  45  471    5    3   11    1   11   17    9    8   18]
 [  41    3  492   31    0   29    7   39    2    5   52]
 [  42    4   14  600    6    6    7   92    9    4    4]
 [  31    2    0    7  401    0   37    9   14    2    2]
 [  31    3    5   11    0  595    3   44    2    7   13]
 [  15    7    5    6   21    0  677   20  144    5    7]
 [  27    9   12   54    9   16   18  988   51   13   36]
 [   5    2    1    3    9    0  154   15  558    4    2]
 [  10    3    1    0    1    5    4    3    1 1184   72]
 [   6    7    3    2    0    5    1    7    0   93 1029]]
Class Accuracies:
 [0.71594684 0.78631052 0.70185449 0.76142132 0.79405941 0.83333333
 0.74641676 0.80129765 0.74103586 0.92211838 0.89245447]
145/145 - 11s - 11s/epoch - 76ms/step
Epoch 174/200
Confusion Matrix:
 [[ 431   20   14   34   22    4   30   35    2    5    5]
 [  45  471    5    3   11    1   11   17    9    8   18]
 [  41    3  492   31    0   29    7   39    2    5   52]
 [  42    4   14  600    6    6    7   92    9    4    4]
 [  31    2    0    7  401    0   37    9   14    2    2]
 [  31    3    5   11    0  595    3   44    2    7   13]
 [  15    7    5    6   21    0  677   20  144    5    7]
 [  27    9   12   54    9   16   18  988   51   13   36]
 [   5    2    1    3    9    0  154   15  558    4    2]
 [  10    3    1    0    1    5    4    3    1 1184   72]
 [   6    7    3    2    0    5    1    7    0   93 1029]]
Class Accuracies:
 [0.71594684 0.78631052 0.70185449 0.76142132 0.79405941 0.83333333
 0.74641676 0.80129765 0.74103586 0.92211838 0.89245447]
145/145 - 11s - 11s/epoch - 76ms/step
Epoch 175/200
Confusion Matrix:
 [[ 431   20   14   34   22    4   30   35    2    5    5]
 [  45  471    5    3   11    1   11   17    9    8   18]
 [  41    3  492   31    0   29    7   39    2    5   52]
 [  42    4   14  600    6    6    7   92    9    4    4]
 [  31    2    0    7  401    0   37    9   14    2    2]
 [  31    3    5   11    0  595    3   44    2    7   13]
 [  15    7    5    6   21    0  677   20  144    5    7]
 [  27    9   12   54    9   16   18  988   51   13   36]
 [   5    2    1    3    9    0  154   15  558    4    2]
 [  10    3    1    0    1    5    4    3    1 1184   72]
 [   6    7    3    2    0    5    1    7    0   93 1029]]
Class Accuracies:
 [0.71594684 0.78631052 0.70185449 0.76142132 0.79405941 0.83333333
 0.74641676 0.80129765 0.74103586 0.92211838 0.89245447]
145/145 - 11s - 11s/epoch - 76ms/step
Epoch 176/200
Confusion Matrix:
 [[ 431   20   14   34   22    4   30   35    2    5    5]
 [  45  471    5    3   11    1   11   17    9    8   18]
 [  41    3  492   31    0   29    7   39    2    5   52]
 [  42    4   14  600    6    6    7   92    9    4    4]
 [  31    2    0    7  401    0   37    9   14    2    2]
 [  31    3    5   11    0  595    3   44    2    7   13]
 [  15    7    5    6   21    0  677   20  144    5    7]
 [  27    9   12   54    9   16   18  988   51   13   36]
 [   5    2    1    3    9    0  154   15  558    4    2]
 [  10    3    1    0    1    5    4    3    1 1184   72]
 [   6    7    3    2    0    5    1    7    0   93 1029]]
Class Accuracies:
 [0.71594684 0.78631052 0.70185449 0.76142132 0.79405941 0.83333333
 0.74641676 0.80129765 0.74103586 0.92211838 0.89245447]
145/145 - 11s - 11s/epoch - 76ms/step
Epoch 177/200
Confusion Matrix:
 [[ 431   20   14   34   22    4   30   35    2    5    5]
 [  45  471    5    3   11    1   11   17    9    8   18]
 [  41    3  492   31    0   29    7   39    2    5   52]
 [  42    4   14  600    6    6    7   92    9    4    4]
 [  31    2    0    7  401    0   37    9   14    2    2]
 [  31    3    5   11    0  595    3   44    2    7   13]
 [  15    7    5    6   21    0  677   20  144    5    7]
 [  27    9   12   54    9   16   18  988   51   13   36]
 [   5    2    1    3    9    0  154   15  558    4    2]
 [  10    3    1    0    1    5    4    3    1 1184   72]
 [   6    7    3    2    0    5    1    7    0   93 1029]]
Class Accuracies:
 [0.71594684 0.78631052 0.70185449 0.76142132 0.79405941 0.83333333
 0.74641676 0.80129765 0.74103586 0.92211838 0.89245447]
145/145 - 12s - 12s/epoch - 80ms/step
Epoch 178/200
Confusion Matrix:
 [[ 431   20   14   34   22    4   30   35    2    5    5]
 [  45  471    5    3   11    1   11   17    9    8   18]
 [  41    3  492   31    0   29    7   39    2    5   52]
 [  42    4   14  600    6    6    7   92    9    4    4]
 [  31    2    0    7  401    0   37    9   14    2    2]
 [  31    3    5   11    0  595    3   44    2    7   13]
 [  15    7    5    6   21    0  677   20  144    5    7]
 [  27    9   12   54    9   16   18  988   51   13   36]
 [   5    2    1    3    9    0  154   15  558    4    2]
 [  10    3    1    0    1    5    4    3    1 1184   72]
 [   6    7    3    2    0    5    1    7    0   93 1029]]
Class Accuracies:
 [0.71594684 0.78631052 0.70185449 0.76142132 0.79405941 0.83333333
 0.74641676 0.80129765 0.74103586 0.92211838 0.89245447]
145/145 - 12s - 12s/epoch - 81ms/step
Epoch 179/200
Confusion Matrix:
 [[ 431   20   14   34   22    4   30   35    2    5    5]
 [  45  471    5    3   11    1   11   17    9    8   18]
 [  41    3  492   31    0   29    7   39    2    5   52]
 [  42    4   14  600    6    6    7   92    9    4    4]
 [  31    2    0    7  401    0   37    9   14    2    2]
 [  31    3    5   11    0  595    3   44    2    7   13]
 [  15    7    5    6   21    0  677   20  144    5    7]
 [  27    9   12   54    9   16   18  988   51   13   36]
 [   5    2    1    3    9    0  154   15  558    4    2]
 [  10    3    1    0    1    5    4    3    1 1184   72]
 [   6    7    3    2    0    5    1    7    0   93 1029]]
Class Accuracies:
 [0.71594684 0.78631052 0.70185449 0.76142132 0.79405941 0.83333333
 0.74641676 0.80129765 0.74103586 0.92211838 0.89245447]
145/145 - 12s - 12s/epoch - 80ms/step
Epoch 180/200
Confusion Matrix:
 [[ 431   20   14   34   22    4   30   35    2    5    5]
 [  45  471    5    3   11    1   11   17    9    8   18]
 [  41    3  492   31    0   29    7   39    2    5   52]
 [  42    4   14  600    6    6    7   92    9    4    4]
 [  31    2    0    7  401    0   37    9   14    2    2]
 [  31    3    5   11    0  595    3   44    2    7   13]
 [  15    7    5    6   21    0  677   20  144    5    7]
 [  27    9   12   54    9   16   18  988   51   13   36]
 [   5    2    1    3    9    0  154   15  558    4    2]
 [  10    3    1    0    1    5    4    3    1 1184   72]
 [   6    7    3    2    0    5    1    7    0   93 1029]]
Class Accuracies:
 [0.71594684 0.78631052 0.70185449 0.76142132 0.79405941 0.83333333
 0.74641676 0.80129765 0.74103586 0.92211838 0.89245447]
145/145 - 11s - 11s/epoch - 75ms/step
Epoch 181/200
Confusion Matrix:
 [[ 431   20   14   34   22    4   30   35    2    5    5]
 [  45  471    5    3   11    1   11   17    9    8   18]
 [  41    3  492   31    0   29    7   39    2    5   52]
 [  42    4   14  600    6    6    7   92    9    4    4]
 [  31    2    0    7  401    0   37    9   14    2    2]
 [  31    3    5   11    0  595    3   44    2    7   13]
 [  15    7    5    6   21    0  677   20  144    5    7]
 [  27    9   12   54    9   16   18  988   51   13   36]
 [   5    2    1    3    9    0  154   15  558    4    2]
 [  10    3    1    0    1    5    4    3    1 1184   72]
 [   6    7    3    2    0    5    1    7    0   93 1029]]
Class Accuracies:
 [0.71594684 0.78631052 0.70185449 0.76142132 0.79405941 0.83333333
 0.74641676 0.80129765 0.74103586 0.92211838 0.89245447]
145/145 - 11s - 11s/epoch - 76ms/step
Epoch 182/200
Confusion Matrix:
 [[ 431   20   14   34   22    4   30   35    2    5    5]
 [  45  471    5    3   11    1   11   17    9    8   18]
 [  41    3  492   31    0   29    7   39    2    5   52]
 [  42    4   14  600    6    6    7   92    9    4    4]
 [  31    2    0    7  401    0   37    9   14    2    2]
 [  31    3    5   11    0  595    3   44    2    7   13]
 [  15    7    5    6   21    0  677   20  144    5    7]
 [  27    9   12   54    9   16   18  988   51   13   36]
 [   5    2    1    3    9    0  154   15  558    4    2]
 [  10    3    1    0    1    5    4    3    1 1184   72]
 [   6    7    3    2    0    5    1    7    0   93 1029]]
Class Accuracies:
 [0.71594684 0.78631052 0.70185449 0.76142132 0.79405941 0.83333333
 0.74641676 0.80129765 0.74103586 0.92211838 0.89245447]
145/145 - 11s - 11s/epoch - 75ms/step
Epoch 183/200
Confusion Matrix:
 [[ 431   20   14   34   22    4   30   35    2    5    5]
 [  45  471    5    3   11    1   11   17    9    8   18]
 [  41    3  492   31    0   29    7   39    2    5   52]
 [  42    4   14  600    6    6    7   92    9    4    4]
 [  31    2    0    7  401    0   37    9   14    2    2]
 [  31    3    5   11    0  595    3   44    2    7   13]
 [  15    7    5    6   21    0  677   20  144    5    7]
 [  27    9   12   54    9   16   18  988   51   13   36]
 [   5    2    1    3    9    0  154   15  558    4    2]
 [  10    3    1    0    1    5    4    3    1 1184   72]
 [   6    7    3    2    0    5    1    7    0   93 1029]]
Class Accuracies:
 [0.71594684 0.78631052 0.70185449 0.76142132 0.79405941 0.83333333
 0.74641676 0.80129765 0.74103586 0.92211838 0.89245447]
145/145 - 11s - 11s/epoch - 76ms/step
Epoch 184/200
Confusion Matrix:
 [[ 431   20   14   34   22    4   30   35    2    5    5]
 [  45  471    5    3   11    1   11   17    9    8   18]
 [  41    3  492   31    0   29    7   39    2    5   52]
 [  42    4   14  600    6    6    7   92    9    4    4]
 [  31    2    0    7  401    0   37    9   14    2    2]
 [  31    3    5   11    0  595    3   44    2    7   13]
 [  15    7    5    6   21    0  677   20  144    5    7]
 [  27    9   12   54    9   16   18  988   51   13   36]
 [   5    2    1    3    9    0  154   15  558    4    2]
 [  10    3    1    0    1    5    4    3    1 1184   72]
 [   6    7    3    2    0    5    1    7    0   93 1029]]
Class Accuracies:
 [0.71594684 0.78631052 0.70185449 0.76142132 0.79405941 0.83333333
 0.74641676 0.80129765 0.74103586 0.92211838 0.89245447]
145/145 - 11s - 11s/epoch - 76ms/step
Epoch 185/200
Confusion Matrix:
 [[ 431   20   14   34   22    4   30   35    2    5    5]
 [  45  471    5    3   11    1   11   17    9    8   18]
 [  41    3  492   31    0   29    7   39    2    5   52]
 [  42    4   14  600    6    6    7   92    9    4    4]
 [  31    2    0    7  401    0   37    9   14    2    2]
 [  31    3    5   11    0  595    3   44    2    7   13]
 [  15    7    5    6   21    0  677   20  144    5    7]
 [  27    9   12   54    9   16   18  988   51   13   36]
 [   5    2    1    3    9    0  154   15  558    4    2]
 [  10    3    1    0    1    5    4    3    1 1184   72]
 [   6    7    3    2    0    5    1    7    0   93 1029]]
Class Accuracies:
 [0.71594684 0.78631052 0.70185449 0.76142132 0.79405941 0.83333333
 0.74641676 0.80129765 0.74103586 0.92211838 0.89245447]
145/145 - 11s - 11s/epoch - 77ms/step
Epoch 186/200
Confusion Matrix:
 [[ 431   20   14   34   22    4   30   35    2    5    5]
 [  45  471    5    3   11    1   11   17    9    8   18]
 [  41    3  492   31    0   29    7   39    2    5   52]
 [  42    4   14  600    6    6    7   92    9    4    4]
 [  31    2    0    7  401    0   37    9   14    2    2]
 [  31    3    5   11    0  595    3   44    2    7   13]
 [  15    7    5    6   21    0  677   20  144    5    7]
 [  27    9   12   54    9   16   18  988   51   13   36]
 [   5    2    1    3    9    0  154   15  558    4    2]
 [  10    3    1    0    1    5    4    3    1 1184   72]
 [   6    7    3    2    0    5    1    7    0   93 1029]]
Class Accuracies:
 [0.71594684 0.78631052 0.70185449 0.76142132 0.79405941 0.83333333
 0.74641676 0.80129765 0.74103586 0.92211838 0.89245447]
145/145 - 11s - 11s/epoch - 75ms/step
Epoch 187/200
Confusion Matrix:
 [[ 431   20   14   34   22    4   30   35    2    5    5]
 [  45  471    5    3   11    1   11   17    9    8   18]
 [  41    3  492   31    0   29    7   39    2    5   52]
 [  42    4   14  600    6    6    7   92    9    4    4]
 [  31    2    0    7  401    0   37    9   14    2    2]
 [  31    3    5   11    0  595    3   44    2    7   13]
 [  15    7    5    6   21    0  677   20  144    5    7]
 [  27    9   12   54    9   16   18  988   51   13   36]
 [   5    2    1    3    9    0  154   15  558    4    2]
 [  10    3    1    0    1    5    4    3    1 1184   72]
 [   6    7    3    2    0    5    1    7    0   93 1029]]
Class Accuracies:
 [0.71594684 0.78631052 0.70185449 0.76142132 0.79405941 0.83333333
 0.74641676 0.80129765 0.74103586 0.92211838 0.89245447]
145/145 - 11s - 11s/epoch - 76ms/step
Epoch 188/200
Confusion Matrix:
 [[ 431   20   14   34   22    4   30   35    2    5    5]
 [  45  471    5    3   11    1   11   17    9    8   18]
 [  41    3  492   31    0   29    7   39    2    5   52]
 [  42    4   14  600    6    6    7   92    9    4    4]
 [  31    2    0    7  401    0   37    9   14    2    2]
 [  31    3    5   11    0  595    3   44    2    7   13]
 [  15    7    5    6   21    0  677   20  144    5    7]
 [  27    9   12   54    9   16   18  988   51   13   36]
 [   5    2    1    3    9    0  154   15  558    4    2]
 [  10    3    1    0    1    5    4    3    1 1184   72]
 [   6    7    3    2    0    5    1    7    0   93 1029]]
Class Accuracies:
 [0.71594684 0.78631052 0.70185449 0.76142132 0.79405941 0.83333333
 0.74641676 0.80129765 0.74103586 0.92211838 0.89245447]
145/145 - 11s - 11s/epoch - 79ms/step
Epoch 189/200
Confusion Matrix:
 [[ 431   20   14   34   22    4   30   35    2    5    5]
 [  45  471    5    3   11    1   11   17    9    8   18]
 [  41    3  492   31    0   29    7   39    2    5   52]
 [  42    4   14  600    6    6    7   92    9    4    4]
 [  31    2    0    7  401    0   37    9   14    2    2]
 [  31    3    5   11    0  595    3   44    2    7   13]
 [  15    7    5    6   21    0  677   20  144    5    7]
 [  27    9   12   54    9   16   18  988   51   13   36]
 [   5    2    1    3    9    0  154   15  558    4    2]
 [  10    3    1    0    1    5    4    3    1 1184   72]
 [   6    7    3    2    0    5    1    7    0   93 1029]]
Class Accuracies:
 [0.71594684 0.78631052 0.70185449 0.76142132 0.79405941 0.83333333
 0.74641676 0.80129765 0.74103586 0.92211838 0.89245447]
145/145 - 12s - 12s/epoch - 80ms/step
Epoch 190/200
Confusion Matrix:
 [[ 431   20   14   34   22    4   30   35    2    5    5]
 [  45  471    5    3   11    1   11   17    9    8   18]
 [  41    3  492   31    0   29    7   39    2    5   52]
 [  42    4   14  600    6    6    7   92    9    4    4]
 [  31    2    0    7  401    0   37    9   14    2    2]
 [  31    3    5   11    0  595    3   44    2    7   13]
 [  15    7    5    6   21    0  677   20  144    5    7]
 [  27    9   12   54    9   16   18  988   51   13   36]
 [   5    2    1    3    9    0  154   15  558    4    2]
 [  10    3    1    0    1    5    4    3    1 1184   72]
 [   6    7    3    2    0    5    1    7    0   93 1029]]
Class Accuracies:
 [0.71594684 0.78631052 0.70185449 0.76142132 0.79405941 0.83333333
 0.74641676 0.80129765 0.74103586 0.92211838 0.89245447]
145/145 - 12s - 12s/epoch - 80ms/step
Epoch 191/200
Confusion Matrix:
 [[ 431   20   14   34   22    4   30   35    2    5    5]
 [  45  471    5    3   11    1   11   17    9    8   18]
 [  41    3  492   31    0   29    7   39    2    5   52]
 [  42    4   14  600    6    6    7   92    9    4    4]
 [  31    2    0    7  401    0   37    9   14    2    2]
 [  31    3    5   11    0  595    3   44    2    7   13]
 [  15    7    5    6   21    0  677   20  144    5    7]
 [  27    9   12   54    9   16   18  988   51   13   36]
 [   5    2    1    3    9    0  154   15  558    4    2]
 [  10    3    1    0    1    5    4    3    1 1184   72]
 [   6    7    3    2    0    5    1    7    0   93 1029]]
Class Accuracies:
 [0.71594684 0.78631052 0.70185449 0.76142132 0.79405941 0.83333333
 0.74641676 0.80129765 0.74103586 0.92211838 0.89245447]
145/145 - 11s - 11s/epoch - 76ms/step
Epoch 192/200
Confusion Matrix:
 [[ 431   20   14   34   22    4   30   35    2    5    5]
 [  45  471    5    3   11    1   11   17    9    8   18]
 [  41    3  492   31    0   29    7   39    2    5   52]
 [  42    4   14  600    6    6    7   92    9    4    4]
 [  31    2    0    7  401    0   37    9   14    2    2]
 [  31    3    5   11    0  595    3   44    2    7   13]
 [  15    7    5    6   21    0  677   20  144    5    7]
 [  27    9   12   54    9   16   18  988   51   13   36]
 [   5    2    1    3    9    0  154   15  558    4    2]
 [  10    3    1    0    1    5    4    3    1 1184   72]
 [   6    7    3    2    0    5    1    7    0   93 1029]]
Class Accuracies:
 [0.71594684 0.78631052 0.70185449 0.76142132 0.79405941 0.83333333
 0.74641676 0.80129765 0.74103586 0.92211838 0.89245447]
145/145 - 11s - 11s/epoch - 75ms/step
Epoch 193/200
Confusion Matrix:
 [[ 431   20   14   34   22    4   30   35    2    5    5]
 [  45  471    5    3   11    1   11   17    9    8   18]
 [  41    3  492   31    0   29    7   39    2    5   52]
 [  42    4   14  600    6    6    7   92    9    4    4]
 [  31    2    0    7  401    0   37    9   14    2    2]
 [  31    3    5   11    0  595    3   44    2    7   13]
 [  15    7    5    6   21    0  677   20  144    5    7]
 [  27    9   12   54    9   16   18  988   51   13   36]
 [   5    2    1    3    9    0  154   15  558    4    2]
 [  10    3    1    0    1    5    4    3    1 1184   72]
 [   6    7    3    2    0    5    1    7    0   93 1029]]
Class Accuracies:
 [0.71594684 0.78631052 0.70185449 0.76142132 0.79405941 0.83333333
 0.74641676 0.80129765 0.74103586 0.92211838 0.89245447]
145/145 - 11s - 11s/epoch - 75ms/step
Epoch 194/200
Confusion Matrix:
 [[ 431   20   14   34   22    4   30   35    2    5    5]
 [  45  471    5    3   11    1   11   17    9    8   18]
 [  41    3  492   31    0   29    7   39    2    5   52]
 [  42    4   14  600    6    6    7   92    9    4    4]
 [  31    2    0    7  401    0   37    9   14    2    2]
 [  31    3    5   11    0  595    3   44    2    7   13]
 [  15    7    5    6   21    0  677   20  144    5    7]
 [  27    9   12   54    9   16   18  988   51   13   36]
 [   5    2    1    3    9    0  154   15  558    4    2]
 [  10    3    1    0    1    5    4    3    1 1184   72]
 [   6    7    3    2    0    5    1    7    0   93 1029]]
Class Accuracies:
 [0.71594684 0.78631052 0.70185449 0.76142132 0.79405941 0.83333333
 0.74641676 0.80129765 0.74103586 0.92211838 0.89245447]
145/145 - 11s - 11s/epoch - 76ms/step
Epoch 195/200
Confusion Matrix:
 [[ 431   20   14   34   22    4   30   35    2    5    5]
 [  45  471    5    3   11    1   11   17    9    8   18]
 [  41    3  492   31    0   29    7   39    2    5   52]
 [  42    4   14  600    6    6    7   92    9    4    4]
 [  31    2    0    7  401    0   37    9   14    2    2]
 [  31    3    5   11    0  595    3   44    2    7   13]
 [  15    7    5    6   21    0  677   20  144    5    7]
 [  27    9   12   54    9   16   18  988   51   13   36]
 [   5    2    1    3    9    0  154   15  558    4    2]
 [  10    3    1    0    1    5    4    3    1 1184   72]
 [   6    7    3    2    0    5    1    7    0   93 1029]]
Class Accuracies:
 [0.71594684 0.78631052 0.70185449 0.76142132 0.79405941 0.83333333
 0.74641676 0.80129765 0.74103586 0.92211838 0.89245447]
145/145 - 11s - 11s/epoch - 76ms/step
Epoch 196/200
Confusion Matrix:
 [[ 431   20   14   34   22    4   30   35    2    5    5]
 [  45  471    5    3   11    1   11   17    9    8   18]
 [  41    3  492   31    0   29    7   39    2    5   52]
 [  42    4   14  600    6    6    7   92    9    4    4]
 [  31    2    0    7  401    0   37    9   14    2    2]
 [  31    3    5   11    0  595    3   44    2    7   13]
 [  15    7    5    6   21    0  677   20  144    5    7]
 [  27    9   12   54    9   16   18  988   51   13   36]
 [   5    2    1    3    9    0  154   15  558    4    2]
 [  10    3    1    0    1    5    4    3    1 1184   72]
 [   6    7    3    2    0    5    1    7    0   93 1029]]
Class Accuracies:
 [0.71594684 0.78631052 0.70185449 0.76142132 0.79405941 0.83333333
 0.74641676 0.80129765 0.74103586 0.92211838 0.89245447]
145/145 - 11s - 11s/epoch - 76ms/step
Epoch 197/200
Confusion Matrix:
 [[ 431   20   14   34   22    4   30   35    2    5    5]
 [  45  471    5    3   11    1   11   17    9    8   18]
 [  41    3  492   31    0   29    7   39    2    5   52]
 [  42    4   14  600    6    6    7   92    9    4    4]
 [  31    2    0    7  401    0   37    9   14    2    2]
 [  31    3    5   11    0  595    3   44    2    7   13]
 [  15    7    5    6   21    0  677   20  144    5    7]
 [  27    9   12   54    9   16   18  988   51   13   36]
 [   5    2    1    3    9    0  154   15  558    4    2]
 [  10    3    1    0    1    5    4    3    1 1184   72]
 [   6    7    3    2    0    5    1    7    0   93 1029]]
Class Accuracies:
 [0.71594684 0.78631052 0.70185449 0.76142132 0.79405941 0.83333333
 0.74641676 0.80129765 0.74103586 0.92211838 0.89245447]
145/145 - 11s - 11s/epoch - 75ms/step
Epoch 198/200
Confusion Matrix:
 [[ 431   20   14   34   22    4   30   35    2    5    5]
 [  45  471    5    3   11    1   11   17    9    8   18]
 [  41    3  492   31    0   29    7   39    2    5   52]
 [  42    4   14  600    6    6    7   92    9    4    4]
 [  31    2    0    7  401    0   37    9   14    2    2]
 [  31    3    5   11    0  595    3   44    2    7   13]
 [  15    7    5    6   21    0  677   20  144    5    7]
 [  27    9   12   54    9   16   18  988   51   13   36]
 [   5    2    1    3    9    0  154   15  558    4    2]
 [  10    3    1    0    1    5    4    3    1 1184   72]
 [   6    7    3    2    0    5    1    7    0   93 1029]]
Class Accuracies:
 [0.71594684 0.78631052 0.70185449 0.76142132 0.79405941 0.83333333
 0.74641676 0.80129765 0.74103586 0.92211838 0.89245447]
145/145 - 11s - 11s/epoch - 76ms/step
Epoch 199/200
Confusion Matrix:
 [[ 431   20   14   34   22    4   30   35    2    5    5]
 [  45  471    5    3   11    1   11   17    9    8   18]
 [  41    3  492   31    0   29    7   39    2    5   52]
 [  42    4   14  600    6    6    7   92    9    4    4]
 [  31    2    0    7  401    0   37    9   14    2    2]
 [  31    3    5   11    0  595    3   44    2    7   13]
 [  15    7    5    6   21    0  677   20  144    5    7]
 [  27    9   12   54    9   16   18  988   51   13   36]
 [   5    2    1    3    9    0  154   15  558    4    2]
 [  10    3    1    0    1    5    4    3    1 1184   72]
 [   6    7    3    2    0    5    1    7    0   93 1029]]
Class Accuracies:
 [0.71594684 0.78631052 0.70185449 0.76142132 0.79405941 0.83333333
 0.74641676 0.80129765 0.74103586 0.92211838 0.89245447]
145/145 - 11s - 11s/epoch - 77ms/step
Epoch 200/200
Confusion Matrix:
 [[ 431   20   14   34   22    4   30   35    2    5    5]
 [  45  471    5    3   11    1   11   17    9    8   18]
 [  41    3  492   31    0   29    7   39    2    5   52]
 [  42    4   14  600    6    6    7   92    9    4    4]
 [  31    2    0    7  401    0   37    9   14    2    2]
 [  31    3    5   11    0  595    3   44    2    7   13]
 [  15    7    5    6   21    0  677   20  144    5    7]
 [  27    9   12   54    9   16   18  988   51   13   36]
 [   5    2    1    3    9    0  154   15  558    4    2]
 [  10    3    1    0    1    5    4    3    1 1184   72]
 [   6    7    3    2    0    5    1    7    0   93 1029]]
Class Accuracies:
 [0.71594684 0.78631052 0.70185449 0.76142132 0.79405941 0.83333333
 0.74641676 0.80129765 0.74103586 0.92211838 0.89245447]
Train - Max ACC: 98.52% Min loss: 0.0463
Valid - Max ACC: 81.82% Min loss: 0.6713
> 0: ACC: 97.19% Loss: 0.0780 - MAX val_ACC: 81.82% val_Loss: 1.0505
Running for fold: cross_view
***** Training parameters *****
	 Output path: /demo/ARN-LSTM/runs/models/NTU/ARN-LSTM_inward/fold_cross_view//rerun_0
	 Dataset: NTU
	 Dataset fold: cross_view
	 Skeleton info
	 > selected_joints: ['Nose', 'Neck', 'MidHip', 'LShoulder', 'LElbow', 'LWrist', 'RShoulder', 'RElbow', 'RWrist', 'LHip', 'LKnee', 'LAnkle', 'RHip', 'RKnee', 'RAnkle']
	 > add_joint_idx: True
	 > add_body_part: True
	 > timesteps: 32
	 > skip_timesteps: None
	 > normalization: NTU
	 > sample_method: all
	 > seq_step: 16
	 Model info
	 > rel_type: inter
	 > fuse_type: None
	 > compute_distance: True
	 > compute_motion: True
	 Kernel Init info
	 > kernel_init_type: TruncatedNormal
	 > kernel_init_param: 0.09
	 > kernel_init_seed: None
	 Training options
	 > Batch Size: 64
	 > Epochs: 200
	 > Checkpoint Period: 1
	 > Learning Rate: 0.0001
	 > Dropout rate: 0.1
	 > Training Subsample Ratio: None
Reading data...
> Using DataGenerator
Creating model...
Model: "rel_net"
__________________________________________________________________________________________________
 Layer (type)                   Output Shape         Param #     Connected to                     
==================================================================================================
 person1_object0 (InputLayer)   [(None, 98)]         0           []                               
                                                                                                  
 person2_object0 (InputLayer)   [(None, 98)]         0           []                               
                                                                                                  
 person2_object1 (InputLayer)   [(None, 98)]         0           []                               
                                                                                                  
 person2_object2 (InputLayer)   [(None, 98)]         0           []                               
                                                                                                  
 person2_object3 (InputLayer)   [(None, 98)]         0           []                               
                                                                                                  
 person2_object4 (InputLayer)   [(None, 98)]         0           []                               
                                                                                                  
 person2_object5 (InputLayer)   [(None, 98)]         0           []                               
                                                                                                  
 person2_object6 (InputLayer)   [(None, 98)]         0           []                               
                                                                                                  
 person2_object7 (InputLayer)   [(None, 98)]         0           []                               
                                                                                                  
 person2_object8 (InputLayer)   [(None, 98)]         0           []                               
                                                                                                  
 person2_object9 (InputLayer)   [(None, 98)]         0           []                               
                                                                                                  
 person2_object10 (InputLayer)  [(None, 98)]         0           []                               
                                                                                                  
 person2_object11 (InputLayer)  [(None, 98)]         0           []                               
                                                                                                  
 person2_object12 (InputLayer)  [(None, 98)]         0           []                               
                                                                                                  
 person2_object13 (InputLayer)  [(None, 98)]         0           []                               
                                                                                                  
 person2_object14 (InputLayer)  [(None, 98)]         0           []                               
                                                                                                  
 person1_object1 (InputLayer)   [(None, 98)]         0           []                               
                                                                                                  
 person1_object2 (InputLayer)   [(None, 98)]         0           []                               
                                                                                                  
 person1_object3 (InputLayer)   [(None, 98)]         0           []                               
                                                                                                  
 person1_object4 (InputLayer)   [(None, 98)]         0           []                               
                                                                                                  
 person1_object5 (InputLayer)   [(None, 98)]         0           []                               
                                                                                                  
 person1_object6 (InputLayer)   [(None, 98)]         0           []                               
                                                                                                  
 person1_object7 (InputLayer)   [(None, 98)]         0           []                               
                                                                                                  
 person1_object8 (InputLayer)   [(None, 98)]         0           []                               
                                                                                                  
 person1_object9 (InputLayer)   [(None, 98)]         0           []                               
                                                                                                  
 person1_object10 (InputLayer)  [(None, 98)]         0           []                               
                                                                                                  
 person1_object11 (InputLayer)  [(None, 98)]         0           []                               
                                                                                                  
 person1_object12 (InputLayer)  [(None, 98)]         0           []                               
                                                                                                  
 person1_object13 (InputLayer)  [(None, 98)]         0           []                               
                                                                                                  
 person1_object14 (InputLayer)  [(None, 98)]         0           []                               
                                                                                                  
 g_theta_inter (Functional)     (None, 500)          2762500     ['person1_object0[0][0]',        
                                                                  'person2_object0[0][0]',        
                                                                  'person1_object0[0][0]',        
                                                                  'person2_object1[0][0]',        
                                                                  'person1_object0[0][0]',        
                                                                  'person2_object2[0][0]',        
                                                                  'person1_object0[0][0]',        
                                                                  'person2_object3[0][0]',        
                                                                  'person1_object0[0][0]',        
                                                                  'person2_object4[0][0]',        
                                                                  'person1_object0[0][0]',        
                                                                  'person2_object5[0][0]',        
                                                                  'person1_object0[0][0]',        
                                                                  'person2_object6[0][0]',        
                                                                  'person1_object0[0][0]',        
                                                                  'person2_object7[0][0]',        
                                                                  'person1_object0[0][0]',        
                                                                  'person2_object8[0][0]',        
                                                                  'person1_object0[0][0]',        
                                                                  'person2_object9[0][0]',        
                                                                  'person1_object0[0][0]',        
                                                                  'person2_object10[0][0]',       
                                                                  'person1_object0[0][0]',        
                                                                  'person2_object11[0][0]',       
                                                                  'person1_object0[0][0]',        
                                                                  'person2_object12[0][0]',       
                                                                  'person1_object0[0][0]',        
                                                                  'person2_object13[0][0]',       
                                                                  'person1_object0[0][0]',        
                                                                  'person2_object14[0][0]',       
                                                                  'person1_object1[0][0]',        
                                                                  'person2_object0[0][0]',        
                                                                  'person1_object1[0][0]',        
                                                                  'person2_object1[0][0]',        
                                                                  'person1_object1[0][0]',        
                                                                  'person2_object2[0][0]',        
                                                                  'person1_object1[0][0]',        
                                                                  'person2_object3[0][0]',        
                                                                  'person1_object1[0][0]',        
                                                                  'person2_object4[0][0]',        
                                                                  'person1_object1[0][0]',        
                                                                  'person2_object5[0][0]',        
                                                                  'person1_object1[0][0]',        
                                                                  'person2_object6[0][0]',        
                                                                  'person1_object1[0][0]',        
                                                                  'person2_object7[0][0]',        
                                                                  'person1_object1[0][0]',        
                                                                  'person2_object8[0][0]',        
                                                                  'person1_object1[0][0]',        
                                                                  'person2_object9[0][0]',        
                                                                  'person1_object1[0][0]',        
                                                                  'person2_object10[0][0]',       
                                                                  'person1_object1[0][0]',        
                                                                  'person2_object11[0][0]',       
                                                                  'person1_object1[0][0]',        
                                                                  'person2_object12[0][0]',       
                                                                  'person1_object1[0][0]',        
                                                                  'person2_object13[0][0]',       
                                                                  'person1_object1[0][0]',        
                                                                  'person2_object14[0][0]',       
                                                                  'person1_object2[0][0]',        
                                                                  'person2_object0[0][0]',        
                                                                  'person1_object2[0][0]',        
                                                                  'person2_object1[0][0]',        
                                                                  'person1_object2[0][0]',        
                                                                  'person2_object2[0][0]',        
                                                                  'person1_object2[0][0]',        
                                                                  'person2_object3[0][0]',        
                                                                  'person1_object2[0][0]',        
                                                                  'person2_object4[0][0]',        
                                                                  'person1_object2[0][0]',        
                                                                  'person2_object5[0][0]',        
                                                                  'person1_object2[0][0]',        
                                                                  'person2_object6[0][0]',        
                                                                  'person1_object2[0][0]',        
                                                                  'person2_object7[0][0]',        
                                                                  'person1_object2[0][0]',        
                                                                  'person2_object8[0][0]',        
                                                                  'person1_object2[0][0]',        
                                                                  'person2_object9[0][0]',        
                                                                  'person1_object2[0][0]',        
                                                                  'person2_object10[0][0]',       
                                                                  'person1_object2[0][0]',        
                                                                  'person2_object11[0][0]',       
                                                                  'person1_object2[0][0]',        
                                                                  'person2_object12[0][0]',       
                                                                  'person1_object2[0][0]',        
                                                                  'person2_object13[0][0]',       
                                                                  'person1_object2[0][0]',        
                                                                  'person2_object14[0][0]',       
                                                                  'person1_object3[0][0]',        
                                                                  'person2_object0[0][0]',        
                                                                  'person1_object3[0][0]',        
                                                                  'person2_object1[0][0]',        
                                                                  'person1_object3[0][0]',        
                                                                  'person2_object2[0][0]',        
                                                                  'person1_object3[0][0]',        
                                                                  'person2_object3[0][0]',        
                                                                  'person1_object3[0][0]',        
                                                                  'person2_object4[0][0]',        
                                                                  'person1_object3[0][0]',        
                                                                  'person2_object5[0][0]',        
                                                                  'person1_object3[0][0]',        
                                                                  'person2_object6[0][0]',        
                                                                  'person1_object3[0][0]',        
                                                                  'person2_object7[0][0]',        
                                                                  'person1_object3[0][0]',        
                                                                  'person2_object8[0][0]',        
                                                                  'person1_object3[0][0]',        
                                                                  'person2_object9[0][0]',        
                                                                  'person1_object3[0][0]',        
                                                                  'person2_object10[0][0]',       
                                                                  'person1_object3[0][0]',        
                                                                  'person2_object11[0][0]',       
                                                                  'person1_object3[0][0]',        
                                                                  'person2_object12[0][0]',       
                                                                  'person1_object3[0][0]',        
                                                                  'person2_object13[0][0]',       
                                                                  'person1_object3[0][0]',        
                                                                  'person2_object14[0][0]',       
                                                                  'person1_object4[0][0]',        
                                                                  'person2_object0[0][0]',        
                                                                  'person1_object4[0][0]',        
                                                                  'person2_object1[0][0]',        
                                                                  'person1_object4[0][0]',        
                                                                  'person2_object2[0][0]',        
                                                                  'person1_object4[0][0]',        
                                                                  'person2_object3[0][0]',        
                                                                  'person1_object4[0][0]',        
                                                                  'person2_object4[0][0]',        
                                                                  'person1_object4[0][0]',        
                                                                  'person2_object5[0][0]',        
                                                                  'person1_object4[0][0]',        
                                                                  'person2_object6[0][0]',        
                                                                  'person1_object4[0][0]',        
                                                                  'person2_object7[0][0]',        
                                                                  'person1_object4[0][0]',        
                                                                  'person2_object8[0][0]',        
                                                                  'person1_object4[0][0]',        
                                                                  'person2_object9[0][0]',        
                                                                  'person1_object4[0][0]',        
                                                                  'person2_object10[0][0]',       
                                                                  'person1_object4[0][0]',        
                                                                  'person2_object11[0][0]',       
                                                                  'person1_object4[0][0]',        
                                                                  'person2_object12[0][0]',       
                                                                  'person1_object4[0][0]',        
                                                                  'person2_object13[0][0]',       
                                                                  'person1_object4[0][0]',        
                                                                  'person2_object14[0][0]',       
                                                                  'person1_object5[0][0]',        
                                                                  'person2_object0[0][0]',        
                                                                  'person1_object5[0][0]',        
                                                                  'person2_object1[0][0]',        
                                                                  'person1_object5[0][0]',        
                                                                  'person2_object2[0][0]',        
                                                                  'person1_object5[0][0]',        
                                                                  'person2_object3[0][0]',        
                                                                  'person1_object5[0][0]',        
                                                                  'person2_object4[0][0]',        
                                                                  'person1_object5[0][0]',        
                                                                  'person2_object5[0][0]',        
                                                                  'person1_object5[0][0]',        
                                                                  'person2_object6[0][0]',        
                                                                  'person1_object5[0][0]',        
                                                                  'person2_object7[0][0]',        
                                                                  'person1_object5[0][0]',        
                                                                  'person2_object8[0][0]',        
                                                                  'person1_object5[0][0]',        
                                                                  'person2_object9[0][0]',        
                                                                  'person1_object5[0][0]',        
                                                                  'person2_object10[0][0]',       
                                                                  'person1_object5[0][0]',        
                                                                  'person2_object11[0][0]',       
                                                                  'person1_object5[0][0]',        
                                                                  'person2_object12[0][0]',       
                                                                  'person1_object5[0][0]',        
                                                                  'person2_object13[0][0]',       
                                                                  'person1_object5[0][0]',        
                                                                  'person2_object14[0][0]',       
                                                                  'person1_object6[0][0]',        
                                                                  'person2_object0[0][0]',        
                                                                  'person1_object6[0][0]',        
                                                                  'person2_object1[0][0]',        
                                                                  'person1_object6[0][0]',        
                                                                  'person2_object2[0][0]',        
                                                                  'person1_object6[0][0]',        
                                                                  'person2_object3[0][0]',        
                                                                  'person1_object6[0][0]',        
                                                                  'person2_object4[0][0]',        
                                                                  'person1_object6[0][0]',        
                                                                  'person2_object5[0][0]',        
                                                                  'person1_object6[0][0]',        
                                                                  'person2_object6[0][0]',        
                                                                  'person1_object6[0][0]',        
                                                                  'person2_object7[0][0]',        
                                                                  'person1_object6[0][0]',        
                                                                  'person2_object8[0][0]',        
                                                                  'person1_object6[0][0]',        
                                                                  'person2_object9[0][0]',        
                                                                  'person1_object6[0][0]',        
                                                                  'person2_object10[0][0]',       
                                                                  'person1_object6[0][0]',        
                                                                  'person2_object11[0][0]',       
                                                                  'person1_object6[0][0]',        
                                                                  'person2_object12[0][0]',       
                                                                  'person1_object6[0][0]',        
                                                                  'person2_object13[0][0]',       
                                                                  'person1_object6[0][0]',        
                                                                  'person2_object14[0][0]',       
                                                                  'person1_object7[0][0]',        
                                                                  'person2_object0[0][0]',        
                                                                  'person1_object7[0][0]',        
                                                                  'person2_object1[0][0]',        
                                                                  'person1_object7[0][0]',        
                                                                  'person2_object2[0][0]',        
                                                                  'person1_object7[0][0]',        
                                                                  'person2_object3[0][0]',        
                                                                  'person1_object7[0][0]',        
                                                                  'person2_object4[0][0]',        
                                                                  'person1_object7[0][0]',        
                                                                  'person2_object5[0][0]',        
                                                                  'person1_object7[0][0]',        
                                                                  'person2_object6[0][0]',        
                                                                  'person1_object7[0][0]',        
                                                                  'person2_object7[0][0]',        
                                                                  'person1_object7[0][0]',        
                                                                  'person2_object8[0][0]',        
                                                                  'person1_object7[0][0]',        
                                                                  'person2_object9[0][0]',        
                                                                  'person1_object7[0][0]',        
                                                                  'person2_object10[0][0]',       
                                                                  'person1_object7[0][0]',        
                                                                  'person2_object11[0][0]',       
                                                                  'person1_object7[0][0]',        
                                                                  'person2_object12[0][0]',       
                                                                  'person1_object7[0][0]',        
                                                                  'person2_object13[0][0]',       
                                                                  'person1_object7[0][0]',        
                                                                  'person2_object14[0][0]',       
                                                                  'person1_object8[0][0]',        
                                                                  'person2_object0[0][0]',        
                                                                  'person1_object8[0][0]',        
                                                                  'person2_object1[0][0]',        
                                                                  'person1_object8[0][0]',        
                                                                  'person2_object2[0][0]',        
                                                                  'person1_object8[0][0]',        
                                                                  'person2_object3[0][0]',        
                                                                  'person1_object8[0][0]',        
                                                                  'person2_object4[0][0]',        
                                                                  'person1_object8[0][0]',        
                                                                  'person2_object5[0][0]',        
                                                                  'person1_object8[0][0]',        
                                                                  'person2_object6[0][0]',        
                                                                  'person1_object8[0][0]',        
                                                                  'person2_object7[0][0]',        
                                                                  'person1_object8[0][0]',        
                                                                  'person2_object8[0][0]',        
                                                                  'person1_object8[0][0]',        
                                                                  'person2_object9[0][0]',        
                                                                  'person1_object8[0][0]',        
                                                                  'person2_object10[0][0]',       
                                                                  'person1_object8[0][0]',        
                                                                  'person2_object11[0][0]',       
                                                                  'person1_object8[0][0]',        
                                                                  'person2_object12[0][0]',       
                                                                  'person1_object8[0][0]',        
                                                                  'person2_object13[0][0]',       
                                                                  'person1_object8[0][0]',        
                                                                  'person2_object14[0][0]',       
                                                                  'person1_object9[0][0]',        
                                                                  'person2_object0[0][0]',        
                                                                  'person1_object9[0][0]',        
                                                                  'person2_object1[0][0]',        
                                                                  'person1_object9[0][0]',        
                                                                  'person2_object2[0][0]',        
                                                                  'person1_object9[0][0]',        
                                                                  'person2_object3[0][0]',        
                                                                  'person1_object9[0][0]',        
                                                                  'person2_object4[0][0]',        
                                                                  'person1_object9[0][0]',        
                                                                  'person2_object5[0][0]',        
                                                                  'person1_object9[0][0]',        
                                                                  'person2_object6[0][0]',        
                                                                  'person1_object9[0][0]',        
                                                                  'person2_object7[0][0]',        
                                                                  'person1_object9[0][0]',        
                                                                  'person2_object8[0][0]',        
                                                                  'person1_object9[0][0]',        
                                                                  'person2_object9[0][0]',        
                                                                  'person1_object9[0][0]',        
                                                                  'person2_object10[0][0]',       
                                                                  'person1_object9[0][0]',        
                                                                  'person2_object11[0][0]',       
                                                                  'person1_object9[0][0]',        
                                                                  'person2_object12[0][0]',       
                                                                  'person1_object9[0][0]',        
                                                                  'person2_object13[0][0]',       
                                                                  'person1_object9[0][0]',        
                                                                  'person2_object14[0][0]',       
                                                                  'person1_object10[0][0]',       
                                                                  'person2_object0[0][0]',        
                                                                  'person1_object10[0][0]',       
                                                                  'person2_object1[0][0]',        
                                                                  'person1_object10[0][0]',       
                                                                  'person2_object2[0][0]',        
                                                                  'person1_object10[0][0]',       
                                                                  'person2_object3[0][0]',        
                                                                  'person1_object10[0][0]',       
                                                                  'person2_object4[0][0]',        
                                                                  'person1_object10[0][0]',       
                                                                  'person2_object5[0][0]',        
                                                                  'person1_object10[0][0]',       
                                                                  'person2_object6[0][0]',        
                                                                  'person1_object10[0][0]',       
                                                                  'person2_object7[0][0]',        
                                                                  'person1_object10[0][0]',       
                                                                  'person2_object8[0][0]',        
                                                                  'person1_object10[0][0]',       
                                                                  'person2_object9[0][0]',        
                                                                  'person1_object10[0][0]',       
                                                                  'person2_object10[0][0]',       
                                                                  'person1_object10[0][0]',       
                                                                  'person2_object11[0][0]',       
                                                                  'person1_object10[0][0]',       
                                                                  'person2_object12[0][0]',       
                                                                  'person1_object10[0][0]',       
                                                                  'person2_object13[0][0]',       
                                                                  'person1_object10[0][0]',       
                                                                  'person2_object14[0][0]',       
                                                                  'person1_object11[0][0]',       
                                                                  'person2_object0[0][0]',        
                                                                  'person1_object11[0][0]',       
                                                                  'person2_object1[0][0]',        
                                                                  'person1_object11[0][0]',       
                                                                  'person2_object2[0][0]',        
                                                                  'person1_object11[0][0]',       
                                                                  'person2_object3[0][0]',        
                                                                  'person1_object11[0][0]',       
                                                                  'person2_object4[0][0]',        
                                                                  'person1_object11[0][0]',       
                                                                  'person2_object5[0][0]',        
                                                                  'person1_object11[0][0]',       
                                                                  'person2_object6[0][0]',        
                                                                  'person1_object11[0][0]',       
                                                                  'person2_object7[0][0]',        
                                                                  'person1_object11[0][0]',       
                                                                  'person2_object8[0][0]',        
                                                                  'person1_object11[0][0]',       
                                                                  'person2_object9[0][0]',        
                                                                  'person1_object11[0][0]',       
                                                                  'person2_object10[0][0]',       
                                                                  'person1_object11[0][0]',       
                                                                  'person2_object11[0][0]',       
                                                                  'person1_object11[0][0]',       
                                                                  'person2_object12[0][0]',       
                                                                  'person1_object11[0][0]',       
                                                                  'person2_object13[0][0]',       
                                                                  'person1_object11[0][0]',       
                                                                  'person2_object14[0][0]',       
                                                                  'person1_object12[0][0]',       
                                                                  'person2_object0[0][0]',        
                                                                  'person1_object12[0][0]',       
                                                                  'person2_object1[0][0]',        
                                                                  'person1_object12[0][0]',       
                                                                  'person2_object2[0][0]',        
                                                                  'person1_object12[0][0]',       
                                                                  'person2_object3[0][0]',        
                                                                  'person1_object12[0][0]',       
                                                                  'person2_object4[0][0]',        
                                                                  'person1_object12[0][0]',       
                                                                  'person2_object5[0][0]',        
                                                                  'person1_object12[0][0]',       
                                                                  'person2_object6[0][0]',        
                                                                  'person1_object12[0][0]',       
                                                                  'person2_object7[0][0]',        
                                                                  'person1_object12[0][0]',       
                                                                  'person2_object8[0][0]',        
                                                                  'person1_object12[0][0]',       
                                                                  'person2_object9[0][0]',        
                                                                  'person1_object12[0][0]',       
                                                                  'person2_object10[0][0]',       
                                                                  'person1_object12[0][0]',       
                                                                  'person2_object11[0][0]',       
                                                                  'person1_object12[0][0]',       
                                                                  'person2_object12[0][0]',       
                                                                  'person1_object12[0][0]',       
                                                                  'person2_object13[0][0]',       
                                                                  'person1_object12[0][0]',       
                                                                  'person2_object14[0][0]',       
                                                                  'person1_object13[0][0]',       
                                                                  'person2_object0[0][0]',        
                                                                  'person1_object13[0][0]',       
                                                                  'person2_object1[0][0]',        
                                                                  'person1_object13[0][0]',       
                                                                  'person2_object2[0][0]',        
                                                                  'person1_object13[0][0]',       
                                                                  'person2_object3[0][0]',        
                                                                  'person1_object13[0][0]',       
                                                                  'person2_object4[0][0]',        
                                                                  'person1_object13[0][0]',       
                                                                  'person2_object5[0][0]',        
                                                                  'person1_object13[0][0]',       
                                                                  'person2_object6[0][0]',        
                                                                  'person1_object13[0][0]',       
                                                                  'person2_object7[0][0]',        
                                                                  'person1_object13[0][0]',       
                                                                  'person2_object8[0][0]',        
                                                                  'person1_object13[0][0]',       
                                                                  'person2_object9[0][0]',        
                                                                  'person1_object13[0][0]',       
                                                                  'person2_object10[0][0]',       
                                                                  'person1_object13[0][0]',       
                                                                  'person2_object11[0][0]',       
                                                                  'person1_object13[0][0]',       
                                                                  'person2_object12[0][0]',       
                                                                  'person1_object13[0][0]',       
                                                                  'person2_object13[0][0]',       
                                                                  'person1_object13[0][0]',       
                                                                  'person2_object14[0][0]',       
                                                                  'person1_object14[0][0]',       
                                                                  'person2_object0[0][0]',        
                                                                  'person1_object14[0][0]',       
                                                                  'person2_object1[0][0]',        
                                                                  'person1_object14[0][0]',       
                                                                  'person2_object2[0][0]',        
                                                                  'person1_object14[0][0]',       
                                                                  'person2_object3[0][0]',        
                                                                  'person1_object14[0][0]',       
                                                                  'person2_object4[0][0]',        
                                                                  'person1_object14[0][0]',       
                                                                  'person2_object5[0][0]',        
                                                                  'person1_object14[0][0]',       
                                                                  'person2_object6[0][0]',        
                                                                  'person1_object14[0][0]',       
                                                                  'person2_object7[0][0]',        
                                                                  'person1_object14[0][0]',       
                                                                  'person2_object8[0][0]',        
                                                                  'person1_object14[0][0]',       
                                                                  'person2_object9[0][0]',        
                                                                  'person1_object14[0][0]',       
                                                                  'person2_object10[0][0]',       
                                                                  'person1_object14[0][0]',       
                                                                  'person2_object11[0][0]',       
                                                                  'person1_object14[0][0]',       
                                                                  'person2_object12[0][0]',       
                                                                  'person1_object14[0][0]',       
                                                                  'person2_object13[0][0]',       
                                                                  'person1_object14[0][0]',       
                                                                  'person2_object14[0][0]',       
                                                                  'person2_object0[0][0]',        
                                                                  'person1_object0[0][0]',        
                                                                  'person2_object0[0][0]',        
                                                                  'person1_object1[0][0]',        
                                                                  'person2_object0[0][0]',        
                                                                  'person1_object2[0][0]',        
                                                                  'person2_object0[0][0]',        
                                                                  'person1_object3[0][0]',        
                                                                  'person2_object0[0][0]',        
                                                                  'person1_object4[0][0]',        
                                                                  'person2_object0[0][0]',        
                                                                  'person1_object5[0][0]',        
                                                                  'person2_object0[0][0]',        
                                                                  'person1_object6[0][0]',        
                                                                  'person2_object0[0][0]',        
                                                                  'person1_object7[0][0]',        
                                                                  'person2_object0[0][0]',        
                                                                  'person1_object8[0][0]',        
                                                                  'person2_object0[0][0]',        
                                                                  'person1_object9[0][0]',        
                                                                  'person2_object0[0][0]',        
                                                                  'person1_object10[0][0]',       
                                                                  'person2_object0[0][0]',        
                                                                  'person1_object11[0][0]',       
                                                                  'person2_object0[0][0]',        
                                                                  'person1_object12[0][0]',       
                                                                  'person2_object0[0][0]',        
                                                                  'person1_object13[0][0]',       
                                                                  'person2_object0[0][0]',        
                                                                  'person1_object14[0][0]',       
                                                                  'person2_object1[0][0]',        
                                                                  'person1_object0[0][0]',        
                                                                  'person2_object1[0][0]',        
                                                                  'person1_object1[0][0]',        
                                                                  'person2_object1[0][0]',        
                                                                  'person1_object2[0][0]',        
                                                                  'person2_object1[0][0]',        
                                                                  'person1_object3[0][0]',        
                                                                  'person2_object1[0][0]',        
                                                                  'person1_object4[0][0]',        
                                                                  'person2_object1[0][0]',        
                                                                  'person1_object5[0][0]',        
                                                                  'person2_object1[0][0]',        
                                                                  'person1_object6[0][0]',        
                                                                  'person2_object1[0][0]',        
                                                                  'person1_object7[0][0]',        
                                                                  'person2_object1[0][0]',        
                                                                  'person1_object8[0][0]',        
                                                                  'person2_object1[0][0]',        
                                                                  'person1_object9[0][0]',        
                                                                  'person2_object1[0][0]',        
                                                                  'person1_object10[0][0]',       
                                                                  'person2_object1[0][0]',        
                                                                  'person1_object11[0][0]',       
                                                                  'person2_object1[0][0]',        
                                                                  'person1_object12[0][0]',       
                                                                  'person2_object1[0][0]',        
                                                                  'person1_object13[0][0]',       
                                                                  'person2_object1[0][0]',        
                                                                  'person1_object14[0][0]',       
                                                                  'person2_object2[0][0]',        
                                                                  'person1_object0[0][0]',        
                                                                  'person2_object2[0][0]',        
                                                                  'person1_object1[0][0]',        
                                                                  'person2_object2[0][0]',        
                                                                  'person1_object2[0][0]',        
                                                                  'person2_object2[0][0]',        
                                                                  'person1_object3[0][0]',        
                                                                  'person2_object2[0][0]',        
                                                                  'person1_object4[0][0]',        
                                                                  'person2_object2[0][0]',        
                                                                  'person1_object5[0][0]',        
                                                                  'person2_object2[0][0]',        
                                                                  'person1_object6[0][0]',        
                                                                  'person2_object2[0][0]',        
                                                                  'person1_object7[0][0]',        
                                                                  'person2_object2[0][0]',        
                                                                  'person1_object8[0][0]',        
                                                                  'person2_object2[0][0]',        
                                                                  'person1_object9[0][0]',        
                                                                  'person2_object2[0][0]',        
                                                                  'person1_object10[0][0]',       
                                                                  'person2_object2[0][0]',        
                                                                  'person1_object11[0][0]',       
                                                                  'person2_object2[0][0]',        
                                                                  'person1_object12[0][0]',       
                                                                  'person2_object2[0][0]',        
                                                                  'person1_object13[0][0]',       
                                                                  'person2_object2[0][0]',        
                                                                  'person1_object14[0][0]',       
                                                                  'person2_object3[0][0]',        
                                                                  'person1_object0[0][0]',        
                                                                  'person2_object3[0][0]',        
                                                                  'person1_object1[0][0]',        
                                                                  'person2_object3[0][0]',        
                                                                  'person1_object2[0][0]',        
                                                                  'person2_object3[0][0]',        
                                                                  'person1_object3[0][0]',        
                                                                  'person2_object3[0][0]',        
                                                                  'person1_object4[0][0]',        
                                                                  'person2_object3[0][0]',        
                                                                  'person1_object5[0][0]',        
                                                                  'person2_object3[0][0]',        
                                                                  'person1_object6[0][0]',        
                                                                  'person2_object3[0][0]',        
                                                                  'person1_object7[0][0]',        
                                                                  'person2_object3[0][0]',        
                                                                  'person1_object8[0][0]',        
                                                                  'person2_object3[0][0]',        
                                                                  'person1_object9[0][0]',        
                                                                  'person2_object3[0][0]',        
                                                                  'person1_object10[0][0]',       
                                                                  'person2_object3[0][0]',        
                                                                  'person1_object11[0][0]',       
                                                                  'person2_object3[0][0]',        
                                                                  'person1_object12[0][0]',       
                                                                  'person2_object3[0][0]',        
                                                                  'person1_object13[0][0]',       
                                                                  'person2_object3[0][0]',        
                                                                  'person1_object14[0][0]',       
                                                                  'person2_object4[0][0]',        
                                                                  'person1_object0[0][0]',        
                                                                  'person2_object4[0][0]',        
                                                                  'person1_object1[0][0]',        
                                                                  'person2_object4[0][0]',        
                                                                  'person1_object2[0][0]',        
                                                                  'person2_object4[0][0]',        
                                                                  'person1_object3[0][0]',        
                                                                  'person2_object4[0][0]',        
                                                                  'person1_object4[0][0]',        
                                                                  'person2_object4[0][0]',        
                                                                  'person1_object5[0][0]',        
                                                                  'person2_object4[0][0]',        
                                                                  'person1_object6[0][0]',        
                                                                  'person2_object4[0][0]',        
                                                                  'person1_object7[0][0]',        
                                                                  'person2_object4[0][0]',        
                                                                  'person1_object8[0][0]',        
                                                                  'person2_object4[0][0]',        
                                                                  'person1_object9[0][0]',        
                                                                  'person2_object4[0][0]',        
                                                                  'person1_object10[0][0]',       
                                                                  'person2_object4[0][0]',        
                                                                  'person1_object11[0][0]',       
                                                                  'person2_object4[0][0]',        
                                                                  'person1_object12[0][0]',       
                                                                  'person2_object4[0][0]',        
                                                                  'person1_object13[0][0]',       
                                                                  'person2_object4[0][0]',        
                                                                  'person1_object14[0][0]',       
                                                                  'person2_object5[0][0]',        
                                                                  'person1_object0[0][0]',        
                                                                  'person2_object5[0][0]',        
                                                                  'person1_object1[0][0]',        
                                                                  'person2_object5[0][0]',        
                                                                  'person1_object2[0][0]',        
                                                                  'person2_object5[0][0]',        
                                                                  'person1_object3[0][0]',        
                                                                  'person2_object5[0][0]',        
                                                                  'person1_object4[0][0]',        
                                                                  'person2_object5[0][0]',        
                                                                  'person1_object5[0][0]',        
                                                                  'person2_object5[0][0]',        
                                                                  'person1_object6[0][0]',        
                                                                  'person2_object5[0][0]',        
                                                                  'person1_object7[0][0]',        
                                                                  'person2_object5[0][0]',        
                                                                  'person1_object8[0][0]',        
                                                                  'person2_object5[0][0]',        
                                                                  'person1_object9[0][0]',        
                                                                  'person2_object5[0][0]',        
                                                                  'person1_object10[0][0]',       
                                                                  'person2_object5[0][0]',        
                                                                  'person1_object11[0][0]',       
                                                                  'person2_object5[0][0]',        
                                                                  'person1_object12[0][0]',       
                                                                  'person2_object5[0][0]',        
                                                                  'person1_object13[0][0]',       
                                                                  'person2_object5[0][0]',        
                                                                  'person1_object14[0][0]',       
                                                                  'person2_object6[0][0]',        
                                                                  'person1_object0[0][0]',        
                                                                  'person2_object6[0][0]',        
                                                                  'person1_object1[0][0]',        
                                                                  'person2_object6[0][0]',        
                                                                  'person1_object2[0][0]',        
                                                                  'person2_object6[0][0]',        
                                                                  'person1_object3[0][0]',        
                                                                  'person2_object6[0][0]',        
                                                                  'person1_object4[0][0]',        
                                                                  'person2_object6[0][0]',        
                                                                  'person1_object5[0][0]',        
                                                                  'person2_object6[0][0]',        
                                                                  'person1_object6[0][0]',        
                                                                  'person2_object6[0][0]',        
                                                                  'person1_object7[0][0]',        
                                                                  'person2_object6[0][0]',        
                                                                  'person1_object8[0][0]',        
                                                                  'person2_object6[0][0]',        
                                                                  'person1_object9[0][0]',        
                                                                  'person2_object6[0][0]',        
                                                                  'person1_object10[0][0]',       
                                                                  'person2_object6[0][0]',        
                                                                  'person1_object11[0][0]',       
                                                                  'person2_object6[0][0]',        
                                                                  'person1_object12[0][0]',       
                                                                  'person2_object6[0][0]',        
                                                                  'person1_object13[0][0]',       
                                                                  'person2_object6[0][0]',        
                                                                  'person1_object14[0][0]',       
                                                                  'person2_object7[0][0]',        
                                                                  'person1_object0[0][0]',        
                                                                  'person2_object7[0][0]',        
                                                                  'person1_object1[0][0]',        
                                                                  'person2_object7[0][0]',        
                                                                  'person1_object2[0][0]',        
                                                                  'person2_object7[0][0]',        
                                                                  'person1_object3[0][0]',        
                                                                  'person2_object7[0][0]',        
                                                                  'person1_object4[0][0]',        
                                                                  'person2_object7[0][0]',        
                                                                  'person1_object5[0][0]',        
                                                                  'person2_object7[0][0]',        
                                                                  'person1_object6[0][0]',        
                                                                  'person2_object7[0][0]',        
                                                                  'person1_object7[0][0]',        
                                                                  'person2_object7[0][0]',        
                                                                  'person1_object8[0][0]',        
                                                                  'person2_object7[0][0]',        
                                                                  'person1_object9[0][0]',        
                                                                  'person2_object7[0][0]',        
                                                                  'person1_object10[0][0]',       
                                                                  'person2_object7[0][0]',        
                                                                  'person1_object11[0][0]',       
                                                                  'person2_object7[0][0]',        
                                                                  'person1_object12[0][0]',       
                                                                  'person2_object7[0][0]',        
                                                                  'person1_object13[0][0]',       
                                                                  'person2_object7[0][0]',        
                                                                  'person1_object14[0][0]',       
                                                                  'person2_object8[0][0]',        
                                                                  'person1_object0[0][0]',        
                                                                  'person2_object8[0][0]',        
                                                                  'person1_object1[0][0]',        
                                                                  'person2_object8[0][0]',        
                                                                  'person1_object2[0][0]',        
                                                                  'person2_object8[0][0]',        
                                                                  'person1_object3[0][0]',        
                                                                  'person2_object8[0][0]',        
                                                                  'person1_object4[0][0]',        
                                                                  'person2_object8[0][0]',        
                                                                  'person1_object5[0][0]',        
                                                                  'person2_object8[0][0]',        
                                                                  'person1_object6[0][0]',        
                                                                  'person2_object8[0][0]',        
                                                                  'person1_object7[0][0]',        
                                                                  'person2_object8[0][0]',        
                                                                  'person1_object8[0][0]',        
                                                                  'person2_object8[0][0]',        
                                                                  'person1_object9[0][0]',        
                                                                  'person2_object8[0][0]',        
                                                                  'person1_object10[0][0]',       
                                                                  'person2_object8[0][0]',        
                                                                  'person1_object11[0][0]',       
                                                                  'person2_object8[0][0]',        
                                                                  'person1_object12[0][0]',       
                                                                  'person2_object8[0][0]',        
                                                                  'person1_object13[0][0]',       
                                                                  'person2_object8[0][0]',        
                                                                  'person1_object14[0][0]',       
                                                                  'person2_object9[0][0]',        
                                                                  'person1_object0[0][0]',        
                                                                  'person2_object9[0][0]',        
                                                                  'person1_object1[0][0]',        
                                                                  'person2_object9[0][0]',        
                                                                  'person1_object2[0][0]',        
                                                                  'person2_object9[0][0]',        
                                                                  'person1_object3[0][0]',        
                                                                  'person2_object9[0][0]',        
                                                                  'person1_object4[0][0]',        
                                                                  'person2_object9[0][0]',        
                                                                  'person1_object5[0][0]',        
                                                                  'person2_object9[0][0]',        
                                                                  'person1_object6[0][0]',        
                                                                  'person2_object9[0][0]',        
                                                                  'person1_object7[0][0]',        
                                                                  'person2_object9[0][0]',        
                                                                  'person1_object8[0][0]',        
                                                                  'person2_object9[0][0]',        
                                                                  'person1_object9[0][0]',        
                                                                  'person2_object9[0][0]',        
                                                                  'person1_object10[0][0]',       
                                                                  'person2_object9[0][0]',        
                                                                  'person1_object11[0][0]',       
                                                                  'person2_object9[0][0]',        
                                                                  'person1_object12[0][0]',       
                                                                  'person2_object9[0][0]',        
                                                                  'person1_object13[0][0]',       
                                                                  'person2_object9[0][0]',        
                                                                  'person1_object14[0][0]',       
                                                                  'person2_object10[0][0]',       
                                                                  'person1_object0[0][0]',        
                                                                  'person2_object10[0][0]',       
                                                                  'person1_object1[0][0]',        
                                                                  'person2_object10[0][0]',       
                                                                  'person1_object2[0][0]',        
                                                                  'person2_object10[0][0]',       
                                                                  'person1_object3[0][0]',        
                                                                  'person2_object10[0][0]',       
                                                                  'person1_object4[0][0]',        
                                                                  'person2_object10[0][0]',       
                                                                  'person1_object5[0][0]',        
                                                                  'person2_object10[0][0]',       
                                                                  'person1_object6[0][0]',        
                                                                  'person2_object10[0][0]',       
                                                                  'person1_object7[0][0]',        
                                                                  'person2_object10[0][0]',       
                                                                  'person1_object8[0][0]',        
                                                                  'person2_object10[0][0]',       
                                                                  'person1_object9[0][0]',        
                                                                  'person2_object10[0][0]',       
                                                                  'person1_object10[0][0]',       
                                                                  'person2_object10[0][0]',       
                                                                  'person1_object11[0][0]',       
                                                                  'person2_object10[0][0]',       
                                                                  'person1_object12[0][0]',       
                                                                  'person2_object10[0][0]',       
                                                                  'person1_object13[0][0]',       
                                                                  'person2_object10[0][0]',       
                                                                  'person1_object14[0][0]',       
                                                                  'person2_object11[0][0]',       
                                                                  'person1_object0[0][0]',        
                                                                  'person2_object11[0][0]',       
                                                                  'person1_object1[0][0]',        
                                                                  'person2_object11[0][0]',       
                                                                  'person1_object2[0][0]',        
                                                                  'person2_object11[0][0]',       
                                                                  'person1_object3[0][0]',        
                                                                  'person2_object11[0][0]',       
                                                                  'person1_object4[0][0]',        
                                                                  'person2_object11[0][0]',       
                                                                  'person1_object5[0][0]',        
                                                                  'person2_object11[0][0]',       
                                                                  'person1_object6[0][0]',        
                                                                  'person2_object11[0][0]',       
                                                                  'person1_object7[0][0]',        
                                                                  'person2_object11[0][0]',       
                                                                  'person1_object8[0][0]',        
                                                                  'person2_object11[0][0]',       
                                                                  'person1_object9[0][0]',        
                                                                  'person2_object11[0][0]',       
                                                                  'person1_object10[0][0]',       
                                                                  'person2_object11[0][0]',       
                                                                  'person1_object11[0][0]',       
                                                                  'person2_object11[0][0]',       
                                                                  'person1_object12[0][0]',       
                                                                  'person2_object11[0][0]',       
                                                                  'person1_object13[0][0]',       
                                                                  'person2_object11[0][0]',       
                                                                  'person1_object14[0][0]',       
                                                                  'person2_object12[0][0]',       
                                                                  'person1_object0[0][0]',        
                                                                  'person2_object12[0][0]',       
                                                                  'person1_object1[0][0]',        
                                                                  'person2_object12[0][0]',       
                                                                  'person1_object2[0][0]',        
                                                                  'person2_object12[0][0]',       
                                                                  'person1_object3[0][0]',        
                                                                  'person2_object12[0][0]',       
                                                                  'person1_object4[0][0]',        
                                                                  'person2_object12[0][0]',       
                                                                  'person1_object5[0][0]',        
                                                                  'person2_object12[0][0]',       
                                                                  'person1_object6[0][0]',        
                                                                  'person2_object12[0][0]',       
                                                                  'person1_object7[0][0]',        
                                                                  'person2_object12[0][0]',       
                                                                  'person1_object8[0][0]',        
                                                                  'person2_object12[0][0]',       
                                                                  'person1_object9[0][0]',        
                                                                  'person2_object12[0][0]',       
                                                                  'person1_object10[0][0]',       
                                                                  'person2_object12[0][0]',       
                                                                  'person1_object11[0][0]',       
                                                                  'person2_object12[0][0]',       
                                                                  'person1_object12[0][0]',       
                                                                  'person2_object12[0][0]',       
                                                                  'person1_object13[0][0]',       
                                                                  'person2_object12[0][0]',       
                                                                  'person1_object14[0][0]',       
                                                                  'person2_object13[0][0]',       
                                                                  'person1_object0[0][0]',        
                                                                  'person2_object13[0][0]',       
                                                                  'person1_object1[0][0]',        
                                                                  'person2_object13[0][0]',       
                                                                  'person1_object2[0][0]',        
                                                                  'person2_object13[0][0]',       
                                                                  'person1_object3[0][0]',        
                                                                  'person2_object13[0][0]',       
                                                                  'person1_object4[0][0]',        
                                                                  'person2_object13[0][0]',       
                                                                  'person1_object5[0][0]',        
                                                                  'person2_object13[0][0]',       
                                                                  'person1_object6[0][0]',        
                                                                  'person2_object13[0][0]',       
                                                                  'person1_object7[0][0]',        
                                                                  'person2_object13[0][0]',       
                                                                  'person1_object8[0][0]',        
                                                                  'person2_object13[0][0]',       
                                                                  'person1_object9[0][0]',        
                                                                  'person2_object13[0][0]',       
                                                                  'person1_object10[0][0]',       
                                                                  'person2_object13[0][0]',       
                                                                  'person1_object11[0][0]',       
                                                                  'person2_object13[0][0]',       
                                                                  'person1_object12[0][0]',       
                                                                  'person2_object13[0][0]',       
                                                                  'person1_object13[0][0]',       
                                                                  'person2_object13[0][0]',       
                                                                  'person1_object14[0][0]',       
                                                                  'person2_object14[0][0]',       
                                                                  'person1_object0[0][0]',        
                                                                  'person2_object14[0][0]',       
                                                                  'person1_object1[0][0]',        
                                                                  'person2_object14[0][0]',       
                                                                  'person1_object2[0][0]',        
                                                                  'person2_object14[0][0]',       
                                                                  'person1_object3[0][0]',        
                                                                  'person2_object14[0][0]',       
                                                                  'person1_object4[0][0]',        
                                                                  'person2_object14[0][0]',       
                                                                  'person1_object5[0][0]',        
                                                                  'person2_object14[0][0]',       
                                                                  'person1_object6[0][0]',        
                                                                  'person2_object14[0][0]',       
                                                                  'person1_object7[0][0]',        
                                                                  'person2_object14[0][0]',       
                                                                  'person1_object8[0][0]',        
                                                                  'person2_object14[0][0]',       
                                                                  'person1_object9[0][0]',        
                                                                  'person2_object14[0][0]',       
                                                                  'person1_object10[0][0]',       
                                                                  'person2_object14[0][0]',       
                                                                  'person1_object11[0][0]',       
                                                                  'person2_object14[0][0]',       
                                                                  'person1_object12[0][0]',       
                                                                  'person2_object14[0][0]',       
                                                                  'person1_object13[0][0]',       
                                                                  'person2_object14[0][0]',       
                                                                  'person1_object14[0][0]']       
                                                                                                  
 average_1 (Average)            (None, 500)          0           ['g_theta_inter[0][0]',          
                                                                  'g_theta_inter[1][0]',          
                                                                  'g_theta_inter[2][0]',          
                                                                  'g_theta_inter[3][0]',          
                                                                  'g_theta_inter[4][0]',          
                                                                  'g_theta_inter[5][0]',          
                                                                  'g_theta_inter[6][0]',          
                                                                  'g_theta_inter[7][0]',          
                                                                  'g_theta_inter[8][0]',          
                                                                  'g_theta_inter[9][0]',          
                                                                  'g_theta_inter[10][0]',         
                                                                  'g_theta_inter[11][0]',         
                                                                  'g_theta_inter[12][0]',         
                                                                  'g_theta_inter[13][0]',         
                                                                  'g_theta_inter[14][0]',         
                                                                  'g_theta_inter[15][0]',         
                                                                  'g_theta_inter[16][0]',         
                                                                  'g_theta_inter[17][0]',         
                                                                  'g_theta_inter[18][0]',         
                                                                  'g_theta_inter[19][0]',         
                                                                  'g_theta_inter[20][0]',         
                                                                  'g_theta_inter[21][0]',         
                                                                  'g_theta_inter[22][0]',         
                                                                  'g_theta_inter[23][0]',         
                                                                  'g_theta_inter[24][0]',         
                                                                  'g_theta_inter[25][0]',         
                                                                  'g_theta_inter[26][0]',         
                                                                  'g_theta_inter[27][0]',         
                                                                  'g_theta_inter[28][0]',         
                                                                  'g_theta_inter[29][0]',         
                                                                  'g_theta_inter[30][0]',         
                                                                  'g_theta_inter[31][0]',         
                                                                  'g_theta_inter[32][0]',         
                                                                  'g_theta_inter[33][0]',         
                                                                  'g_theta_inter[34][0]',         
                                                                  'g_theta_inter[35][0]',         
                                                                  'g_theta_inter[36][0]',         
                                                                  'g_theta_inter[37][0]',         
                                                                  'g_theta_inter[38][0]',         
                                                                  'g_theta_inter[39][0]',         
                                                                  'g_theta_inter[40][0]',         
                                                                  'g_theta_inter[41][0]',         
                                                                  'g_theta_inter[42][0]',         
                                                                  'g_theta_inter[43][0]',         
                                                                  'g_theta_inter[44][0]',         
                                                                  'g_theta_inter[45][0]',         
                                                                  'g_theta_inter[46][0]',         
                                                                  'g_theta_inter[47][0]',         
                                                                  'g_theta_inter[48][0]',         
                                                                  'g_theta_inter[49][0]',         
                                                                  'g_theta_inter[50][0]',         
                                                                  'g_theta_inter[51][0]',         
                                                                  'g_theta_inter[52][0]',         
                                                                  'g_theta_inter[53][0]',         
                                                                  'g_theta_inter[54][0]',         
                                                                  'g_theta_inter[55][0]',         
                                                                  'g_theta_inter[56][0]',         
                                                                  'g_theta_inter[57][0]',         
                                                                  'g_theta_inter[58][0]',         
                                                                  'g_theta_inter[59][0]',         
                                                                  'g_theta_inter[60][0]',         
                                                                  'g_theta_inter[61][0]',         
                                                                  'g_theta_inter[62][0]',         
                                                                  'g_theta_inter[63][0]',         
                                                                  'g_theta_inter[64][0]',         
                                                                  'g_theta_inter[65][0]',         
                                                                  'g_theta_inter[66][0]',         
                                                                  'g_theta_inter[67][0]',         
                                                                  'g_theta_inter[68][0]',         
                                                                  'g_theta_inter[69][0]',         
                                                                  'g_theta_inter[70][0]',         
                                                                  'g_theta_inter[71][0]',         
                                                                  'g_theta_inter[72][0]',         
                                                                  'g_theta_inter[73][0]',         
                                                                  'g_theta_inter[74][0]',         
                                                                  'g_theta_inter[75][0]',         
                                                                  'g_theta_inter[76][0]',         
                                                                  'g_theta_inter[77][0]',         
                                                                  'g_theta_inter[78][0]',         
                                                                  'g_theta_inter[79][0]',         
                                                                  'g_theta_inter[80][0]',         
                                                                  'g_theta_inter[81][0]',         
                                                                  'g_theta_inter[82][0]',         
                                                                  'g_theta_inter[83][0]',         
                                                                  'g_theta_inter[84][0]',         
                                                                  'g_theta_inter[85][0]',         
                                                                  'g_theta_inter[86][0]',         
                                                                  'g_theta_inter[87][0]',         
                                                                  'g_theta_inter[88][0]',         
                                                                  'g_theta_inter[89][0]',         
                                                                  'g_theta_inter[90][0]',         
                                                                  'g_theta_inter[91][0]',         
                                                                  'g_theta_inter[92][0]',         
                                                                  'g_theta_inter[93][0]',         
                                                                  'g_theta_inter[94][0]',         
                                                                  'g_theta_inter[95][0]',         
                                                                  'g_theta_inter[96][0]',         
                                                                  'g_theta_inter[97][0]',         
                                                                  'g_theta_inter[98][0]',         
                                                                  'g_theta_inter[99][0]',         
                                                                  'g_theta_inter[100][0]',        
                                                                  'g_theta_inter[101][0]',        
                                                                  'g_theta_inter[102][0]',        
                                                                  'g_theta_inter[103][0]',        
                                                                  'g_theta_inter[104][0]',        
                                                                  'g_theta_inter[105][0]',        
                                                                  'g_theta_inter[106][0]',        
                                                                  'g_theta_inter[107][0]',        
                                                                  'g_theta_inter[108][0]',        
                                                                  'g_theta_inter[109][0]',        
                                                                  'g_theta_inter[110][0]',        
                                                                  'g_theta_inter[111][0]',        
                                                                  'g_theta_inter[112][0]',        
                                                                  'g_theta_inter[113][0]',        
                                                                  'g_theta_inter[114][0]',        
                                                                  'g_theta_inter[115][0]',        
                                                                  'g_theta_inter[116][0]',        
                                                                  'g_theta_inter[117][0]',        
                                                                  'g_theta_inter[118][0]',        
                                                                  'g_theta_inter[119][0]',        
                                                                  'g_theta_inter[120][0]',        
                                                                  'g_theta_inter[121][0]',        
                                                                  'g_theta_inter[122][0]',        
                                                                  'g_theta_inter[123][0]',        
                                                                  'g_theta_inter[124][0]',        
                                                                  'g_theta_inter[125][0]',        
                                                                  'g_theta_inter[126][0]',        
                                                                  'g_theta_inter[127][0]',        
                                                                  'g_theta_inter[128][0]',        
                                                                  'g_theta_inter[129][0]',        
                                                                  'g_theta_inter[130][0]',        
                                                                  'g_theta_inter[131][0]',        
                                                                  'g_theta_inter[132][0]',        
                                                                  'g_theta_inter[133][0]',        
                                                                  'g_theta_inter[134][0]',        
                                                                  'g_theta_inter[135][0]',        
                                                                  'g_theta_inter[136][0]',        
                                                                  'g_theta_inter[137][0]',        
                                                                  'g_theta_inter[138][0]',        
                                                                  'g_theta_inter[139][0]',        
                                                                  'g_theta_inter[140][0]',        
                                                                  'g_theta_inter[141][0]',        
                                                                  'g_theta_inter[142][0]',        
                                                                  'g_theta_inter[143][0]',        
                                                                  'g_theta_inter[144][0]',        
                                                                  'g_theta_inter[145][0]',        
                                                                  'g_theta_inter[146][0]',        
                                                                  'g_theta_inter[147][0]',        
                                                                  'g_theta_inter[148][0]',        
                                                                  'g_theta_inter[149][0]',        
                                                                  'g_theta_inter[150][0]',        
                                                                  'g_theta_inter[151][0]',        
                                                                  'g_theta_inter[152][0]',        
                                                                  'g_theta_inter[153][0]',        
                                                                  'g_theta_inter[154][0]',        
                                                                  'g_theta_inter[155][0]',        
                                                                  'g_theta_inter[156][0]',        
                                                                  'g_theta_inter[157][0]',        
                                                                  'g_theta_inter[158][0]',        
                                                                  'g_theta_inter[159][0]',        
                                                                  'g_theta_inter[160][0]',        
                                                                  'g_theta_inter[161][0]',        
                                                                  'g_theta_inter[162][0]',        
                                                                  'g_theta_inter[163][0]',        
                                                                  'g_theta_inter[164][0]',        
                                                                  'g_theta_inter[165][0]',        
                                                                  'g_theta_inter[166][0]',        
                                                                  'g_theta_inter[167][0]',        
                                                                  'g_theta_inter[168][0]',        
                                                                  'g_theta_inter[169][0]',        
                                                                  'g_theta_inter[170][0]',        
                                                                  'g_theta_inter[171][0]',        
                                                                  'g_theta_inter[172][0]',        
                                                                  'g_theta_inter[173][0]',        
                                                                  'g_theta_inter[174][0]',        
                                                                  'g_theta_inter[175][0]',        
                                                                  'g_theta_inter[176][0]',        
                                                                  'g_theta_inter[177][0]',        
                                                                  'g_theta_inter[178][0]',        
                                                                  'g_theta_inter[179][0]',        
                                                                  'g_theta_inter[180][0]',        
                                                                  'g_theta_inter[181][0]',        
                                                                  'g_theta_inter[182][0]',        
                                                                  'g_theta_inter[183][0]',        
                                                                  'g_theta_inter[184][0]',        
                                                                  'g_theta_inter[185][0]',        
                                                                  'g_theta_inter[186][0]',        
                                                                  'g_theta_inter[187][0]',        
                                                                  'g_theta_inter[188][0]',        
                                                                  'g_theta_inter[189][0]',        
                                                                  'g_theta_inter[190][0]',        
                                                                  'g_theta_inter[191][0]',        
                                                                  'g_theta_inter[192][0]',        
                                                                  'g_theta_inter[193][0]',        
                                                                  'g_theta_inter[194][0]',        
                                                                  'g_theta_inter[195][0]',        
                                                                  'g_theta_inter[196][0]',        
                                                                  'g_theta_inter[197][0]',        
                                                                  'g_theta_inter[198][0]',        
                                                                  'g_theta_inter[199][0]',        
                                                                  'g_theta_inter[200][0]',        
                                                                  'g_theta_inter[201][0]',        
                                                                  'g_theta_inter[202][0]',        
                                                                  'g_theta_inter[203][0]',        
                                                                  'g_theta_inter[204][0]',        
                                                                  'g_theta_inter[205][0]',        
                                                                  'g_theta_inter[206][0]',        
                                                                  'g_theta_inter[207][0]',        
                                                                  'g_theta_inter[208][0]',        
                                                                  'g_theta_inter[209][0]',        
                                                                  'g_theta_inter[210][0]',        
                                                                  'g_theta_inter[211][0]',        
                                                                  'g_theta_inter[212][0]',        
                                                                  'g_theta_inter[213][0]',        
                                                                  'g_theta_inter[214][0]',        
                                                                  'g_theta_inter[215][0]',        
                                                                  'g_theta_inter[216][0]',        
                                                                  'g_theta_inter[217][0]',        
                                                                  'g_theta_inter[218][0]',        
                                                                  'g_theta_inter[219][0]',        
                                                                  'g_theta_inter[220][0]',        
                                                                  'g_theta_inter[221][0]',        
                                                                  'g_theta_inter[222][0]',        
                                                                  'g_theta_inter[223][0]',        
                                                                  'g_theta_inter[224][0]',        
                                                                  'g_theta_inter[225][0]',        
                                                                  'g_theta_inter[226][0]',        
                                                                  'g_theta_inter[227][0]',        
                                                                  'g_theta_inter[228][0]',        
                                                                  'g_theta_inter[229][0]',        
                                                                  'g_theta_inter[230][0]',        
                                                                  'g_theta_inter[231][0]',        
                                                                  'g_theta_inter[232][0]',        
                                                                  'g_theta_inter[233][0]',        
                                                                  'g_theta_inter[234][0]',        
                                                                  'g_theta_inter[235][0]',        
                                                                  'g_theta_inter[236][0]',        
                                                                  'g_theta_inter[237][0]',        
                                                                  'g_theta_inter[238][0]',        
                                                                  'g_theta_inter[239][0]',        
                                                                  'g_theta_inter[240][0]',        
                                                                  'g_theta_inter[241][0]',        
                                                                  'g_theta_inter[242][0]',        
                                                                  'g_theta_inter[243][0]',        
                                                                  'g_theta_inter[244][0]',        
                                                                  'g_theta_inter[245][0]',        
                                                                  'g_theta_inter[246][0]',        
                                                                  'g_theta_inter[247][0]',        
                                                                  'g_theta_inter[248][0]',        
                                                                  'g_theta_inter[249][0]',        
                                                                  'g_theta_inter[250][0]',        
                                                                  'g_theta_inter[251][0]',        
                                                                  'g_theta_inter[252][0]',        
                                                                  'g_theta_inter[253][0]',        
                                                                  'g_theta_inter[254][0]',        
                                                                  'g_theta_inter[255][0]',        
                                                                  'g_theta_inter[256][0]',        
                                                                  'g_theta_inter[257][0]',        
                                                                  'g_theta_inter[258][0]',        
                                                                  'g_theta_inter[259][0]',        
                                                                  'g_theta_inter[260][0]',        
                                                                  'g_theta_inter[261][0]',        
                                                                  'g_theta_inter[262][0]',        
                                                                  'g_theta_inter[263][0]',        
                                                                  'g_theta_inter[264][0]',        
                                                                  'g_theta_inter[265][0]',        
                                                                  'g_theta_inter[266][0]',        
                                                                  'g_theta_inter[267][0]',        
                                                                  'g_theta_inter[268][0]',        
                                                                  'g_theta_inter[269][0]',        
                                                                  'g_theta_inter[270][0]',        
                                                                  'g_theta_inter[271][0]',        
                                                                  'g_theta_inter[272][0]',        
                                                                  'g_theta_inter[273][0]',        
                                                                  'g_theta_inter[274][0]',        
                                                                  'g_theta_inter[275][0]',        
                                                                  'g_theta_inter[276][0]',        
                                                                  'g_theta_inter[277][0]',        
                                                                  'g_theta_inter[278][0]',        
                                                                  'g_theta_inter[279][0]',        
                                                                  'g_theta_inter[280][0]',        
                                                                  'g_theta_inter[281][0]',        
                                                                  'g_theta_inter[282][0]',        
                                                                  'g_theta_inter[283][0]',        
                                                                  'g_theta_inter[284][0]',        
                                                                  'g_theta_inter[285][0]',        
                                                                  'g_theta_inter[286][0]',        
                                                                  'g_theta_inter[287][0]',        
                                                                  'g_theta_inter[288][0]',        
                                                                  'g_theta_inter[289][0]',        
                                                                  'g_theta_inter[290][0]',        
                                                                  'g_theta_inter[291][0]',        
                                                                  'g_theta_inter[292][0]',        
                                                                  'g_theta_inter[293][0]',        
                                                                  'g_theta_inter[294][0]',        
                                                                  'g_theta_inter[295][0]',        
                                                                  'g_theta_inter[296][0]',        
                                                                  'g_theta_inter[297][0]',        
                                                                  'g_theta_inter[298][0]',        
                                                                  'g_theta_inter[299][0]',        
                                                                  'g_theta_inter[300][0]',        
                                                                  'g_theta_inter[301][0]',        
                                                                  'g_theta_inter[302][0]',        
                                                                  'g_theta_inter[303][0]',        
                                                                  'g_theta_inter[304][0]',        
                                                                  'g_theta_inter[305][0]',        
                                                                  'g_theta_inter[306][0]',        
                                                                  'g_theta_inter[307][0]',        
                                                                  'g_theta_inter[308][0]',        
                                                                  'g_theta_inter[309][0]',        
                                                                  'g_theta_inter[310][0]',        
                                                                  'g_theta_inter[311][0]',        
                                                                  'g_theta_inter[312][0]',        
                                                                  'g_theta_inter[313][0]',        
                                                                  'g_theta_inter[314][0]',        
                                                                  'g_theta_inter[315][0]',        
                                                                  'g_theta_inter[316][0]',        
                                                                  'g_theta_inter[317][0]',        
                                                                  'g_theta_inter[318][0]',        
                                                                  'g_theta_inter[319][0]',        
                                                                  'g_theta_inter[320][0]',        
                                                                  'g_theta_inter[321][0]',        
                                                                  'g_theta_inter[322][0]',        
                                                                  'g_theta_inter[323][0]',        
                                                                  'g_theta_inter[324][0]',        
                                                                  'g_theta_inter[325][0]',        
                                                                  'g_theta_inter[326][0]',        
                                                                  'g_theta_inter[327][0]',        
                                                                  'g_theta_inter[328][0]',        
                                                                  'g_theta_inter[329][0]',        
                                                                  'g_theta_inter[330][0]',        
                                                                  'g_theta_inter[331][0]',        
                                                                  'g_theta_inter[332][0]',        
                                                                  'g_theta_inter[333][0]',        
                                                                  'g_theta_inter[334][0]',        
                                                                  'g_theta_inter[335][0]',        
                                                                  'g_theta_inter[336][0]',        
                                                                  'g_theta_inter[337][0]',        
                                                                  'g_theta_inter[338][0]',        
                                                                  'g_theta_inter[339][0]',        
                                                                  'g_theta_inter[340][0]',        
                                                                  'g_theta_inter[341][0]',        
                                                                  'g_theta_inter[342][0]',        
                                                                  'g_theta_inter[343][0]',        
                                                                  'g_theta_inter[344][0]',        
                                                                  'g_theta_inter[345][0]',        
                                                                  'g_theta_inter[346][0]',        
                                                                  'g_theta_inter[347][0]',        
                                                                  'g_theta_inter[348][0]',        
                                                                  'g_theta_inter[349][0]',        
                                                                  'g_theta_inter[350][0]',        
                                                                  'g_theta_inter[351][0]',        
                                                                  'g_theta_inter[352][0]',        
                                                                  'g_theta_inter[353][0]',        
                                                                  'g_theta_inter[354][0]',        
                                                                  'g_theta_inter[355][0]',        
                                                                  'g_theta_inter[356][0]',        
                                                                  'g_theta_inter[357][0]',        
                                                                  'g_theta_inter[358][0]',        
                                                                  'g_theta_inter[359][0]',        
                                                                  'g_theta_inter[360][0]',        
                                                                  'g_theta_inter[361][0]',        
                                                                  'g_theta_inter[362][0]',        
                                                                  'g_theta_inter[363][0]',        
                                                                  'g_theta_inter[364][0]',        
                                                                  'g_theta_inter[365][0]',        
                                                                  'g_theta_inter[366][0]',        
                                                                  'g_theta_inter[367][0]',        
                                                                  'g_theta_inter[368][0]',        
                                                                  'g_theta_inter[369][0]',        
                                                                  'g_theta_inter[370][0]',        
                                                                  'g_theta_inter[371][0]',        
                                                                  'g_theta_inter[372][0]',        
                                                                  'g_theta_inter[373][0]',        
                                                                  'g_theta_inter[374][0]',        
                                                                  'g_theta_inter[375][0]',        
                                                                  'g_theta_inter[376][0]',        
                                                                  'g_theta_inter[377][0]',        
                                                                  'g_theta_inter[378][0]',        
                                                                  'g_theta_inter[379][0]',        
                                                                  'g_theta_inter[380][0]',        
                                                                  'g_theta_inter[381][0]',        
                                                                  'g_theta_inter[382][0]',        
                                                                  'g_theta_inter[383][0]',        
                                                                  'g_theta_inter[384][0]',        
                                                                  'g_theta_inter[385][0]',        
                                                                  'g_theta_inter[386][0]',        
                                                                  'g_theta_inter[387][0]',        
                                                                  'g_theta_inter[388][0]',        
                                                                  'g_theta_inter[389][0]',        
                                                                  'g_theta_inter[390][0]',        
                                                                  'g_theta_inter[391][0]',        
                                                                  'g_theta_inter[392][0]',        
                                                                  'g_theta_inter[393][0]',        
                                                                  'g_theta_inter[394][0]',        
                                                                  'g_theta_inter[395][0]',        
                                                                  'g_theta_inter[396][0]',        
                                                                  'g_theta_inter[397][0]',        
                                                                  'g_theta_inter[398][0]',        
                                                                  'g_theta_inter[399][0]',        
                                                                  'g_theta_inter[400][0]',        
                                                                  'g_theta_inter[401][0]',        
                                                                  'g_theta_inter[402][0]',        
                                                                  'g_theta_inter[403][0]',        
                                                                  'g_theta_inter[404][0]',        
                                                                  'g_theta_inter[405][0]',        
                                                                  'g_theta_inter[406][0]',        
                                                                  'g_theta_inter[407][0]',        
                                                                  'g_theta_inter[408][0]',        
                                                                  'g_theta_inter[409][0]',        
                                                                  'g_theta_inter[410][0]',        
                                                                  'g_theta_inter[411][0]',        
                                                                  'g_theta_inter[412][0]',        
                                                                  'g_theta_inter[413][0]',        
                                                                  'g_theta_inter[414][0]',        
                                                                  'g_theta_inter[415][0]',        
                                                                  'g_theta_inter[416][0]',        
                                                                  'g_theta_inter[417][0]',        
                                                                  'g_theta_inter[418][0]',        
                                                                  'g_theta_inter[419][0]',        
                                                                  'g_theta_inter[420][0]',        
                                                                  'g_theta_inter[421][0]',        
                                                                  'g_theta_inter[422][0]',        
                                                                  'g_theta_inter[423][0]',        
                                                                  'g_theta_inter[424][0]',        
                                                                  'g_theta_inter[425][0]',        
                                                                  'g_theta_inter[426][0]',        
                                                                  'g_theta_inter[427][0]',        
                                                                  'g_theta_inter[428][0]',        
                                                                  'g_theta_inter[429][0]',        
                                                                  'g_theta_inter[430][0]',        
                                                                  'g_theta_inter[431][0]',        
                                                                  'g_theta_inter[432][0]',        
                                                                  'g_theta_inter[433][0]',        
                                                                  'g_theta_inter[434][0]',        
                                                                  'g_theta_inter[435][0]',        
                                                                  'g_theta_inter[436][0]',        
                                                                  'g_theta_inter[437][0]',        
                                                                  'g_theta_inter[438][0]',        
                                                                  'g_theta_inter[439][0]',        
                                                                  'g_theta_inter[440][0]',        
                                                                  'g_theta_inter[441][0]',        
                                                                  'g_theta_inter[442][0]',        
                                                                  'g_theta_inter[443][0]',        
                                                                  'g_theta_inter[444][0]',        
                                                                  'g_theta_inter[445][0]',        
                                                                  'g_theta_inter[446][0]',        
                                                                  'g_theta_inter[447][0]',        
                                                                  'g_theta_inter[448][0]',        
                                                                  'g_theta_inter[449][0]']        
                                                                                                  
 dropout_1 (Dropout)            (None, 500)          0           ['average_1[0][0]']              
                                                                                                  
 f_phi_fc1 (Dense)              (None, 500)          250500      ['dropout_1[0][0]']              
                                                                                                  
 f_phi_fc2 (Dense)              (None, 100)          50100       ['f_phi_fc1[0][0]']              
                                                                                                  
 f_phi_fc3 (Dense)              (None, 100)          10100       ['f_phi_fc2[0][0]']              
                                                                                                  
 softmax (Dense)                (None, 60)           6060        ['f_phi_fc3[0][0]']              
                                                                                                  
==================================================================================================
Total params: 3,079,260
Trainable params: 3,079,260
Non-trainable params: 0
__________________________________________________________________________________________________
WARNING:tensorflow:`period` argument is deprecated. Please use `save_freq` to specify the frequency in number of batches seen.
WARNING:tensorflow:`batch_size` is no longer needed in the `TensorBoard` Callback and will be ignored in TensorFlow 2.0.
WARNING:tensorflow:`period` argument is deprecated. Please use `save_freq` to specify the frequency in number of batches seen.
Compiling model...
Starting training...
Epoch 1/200
312/312 - 224s - loss: 2.0667 - accuracy: 0.3316 - recall_m: 0.1317 - precision_m: 0.7676 - f1_m: 0.2184 - val_loss: 1.5769 - val_accuracy: 0.4435 - val_recall_m: 0.2597 - val_precision_m: 0.8470 - val_f1_m: 0.3949 - 224s/epoch - 719ms/step
Epoch 2/200
312/312 - 186s - loss: 1.4852 - accuracy: 0.4784 - recall_m: 0.2587 - precision_m: 0.8031 - f1_m: 0.3879 - val_loss: 1.3977 - val_accuracy: 0.4949 - val_recall_m: 0.2865 - val_precision_m: 0.7635 - val_f1_m: 0.4121 - 186s/epoch - 595ms/step
Epoch 3/200
312/312 - 185s - loss: 1.3573 - accuracy: 0.5147 - recall_m: 0.3035 - precision_m: 0.8053 - f1_m: 0.4375 - val_loss: 1.2897 - val_accuracy: 0.5330 - val_recall_m: 0.3449 - val_precision_m: 0.8108 - val_f1_m: 0.4810 - 185s/epoch - 593ms/step
Epoch 4/200
312/312 - 186s - loss: 1.2689 - accuracy: 0.5454 - recall_m: 0.3409 - precision_m: 0.8011 - f1_m: 0.4756 - val_loss: 1.2240 - val_accuracy: 0.5702 - val_recall_m: 0.3466 - val_precision_m: 0.7947 - val_f1_m: 0.4788 - 186s/epoch - 597ms/step
Epoch 5/200
312/312 - 186s - loss: 1.1844 - accuracy: 0.5780 - recall_m: 0.3811 - precision_m: 0.7990 - f1_m: 0.5137 - val_loss: 1.1426 - val_accuracy: 0.6060 - val_recall_m: 0.3764 - val_precision_m: 0.8303 - val_f1_m: 0.5146 - 186s/epoch - 598ms/step
Epoch 6/200
312/312 - 186s - loss: 1.1251 - accuracy: 0.5977 - recall_m: 0.4178 - precision_m: 0.8001 - f1_m: 0.5467 - val_loss: 1.1058 - val_accuracy: 0.6153 - val_recall_m: 0.4547 - val_precision_m: 0.7934 - val_f1_m: 0.5754 - 186s/epoch - 595ms/step
Epoch 7/200
312/312 - 186s - loss: 1.0815 - accuracy: 0.6146 - recall_m: 0.4466 - precision_m: 0.7987 - f1_m: 0.5710 - val_loss: 1.0625 - val_accuracy: 0.6307 - val_recall_m: 0.4507 - val_precision_m: 0.7873 - val_f1_m: 0.5702 - 186s/epoch - 598ms/step
Epoch 8/200
312/312 - 186s - loss: 1.0255 - accuracy: 0.6380 - recall_m: 0.4761 - precision_m: 0.7981 - f1_m: 0.5944 - val_loss: 1.0002 - val_accuracy: 0.6524 - val_recall_m: 0.5257 - val_precision_m: 0.7969 - val_f1_m: 0.6316 - 186s/epoch - 597ms/step
Epoch 9/200
312/312 - 186s - loss: 0.9854 - accuracy: 0.6522 - recall_m: 0.5024 - precision_m: 0.8098 - f1_m: 0.6183 - val_loss: 0.9910 - val_accuracy: 0.6550 - val_recall_m: 0.5085 - val_precision_m: 0.7964 - val_f1_m: 0.6177 - 186s/epoch - 597ms/step
Epoch 10/200
312/312 - 187s - loss: 0.9647 - accuracy: 0.6558 - recall_m: 0.5168 - precision_m: 0.8103 - f1_m: 0.6296 - val_loss: 0.9554 - val_accuracy: 0.6719 - val_recall_m: 0.5661 - val_precision_m: 0.7973 - val_f1_m: 0.6599 - 187s/epoch - 599ms/step
Epoch 11/200
312/312 - 186s - loss: 0.9162 - accuracy: 0.6750 - recall_m: 0.5454 - precision_m: 0.8148 - f1_m: 0.6521 - val_loss: 0.9293 - val_accuracy: 0.6786 - val_recall_m: 0.5691 - val_precision_m: 0.8118 - val_f1_m: 0.6671 - 186s/epoch - 595ms/step
Epoch 12/200
312/312 - 186s - loss: 0.8906 - accuracy: 0.6865 - recall_m: 0.5617 - precision_m: 0.8164 - f1_m: 0.6644 - val_loss: 0.9342 - val_accuracy: 0.6776 - val_recall_m: 0.5800 - val_precision_m: 0.7855 - val_f1_m: 0.6655 - 186s/epoch - 595ms/step
Epoch 13/200
312/312 - 186s - loss: 0.8577 - accuracy: 0.6981 - recall_m: 0.5784 - precision_m: 0.8258 - f1_m: 0.6791 - val_loss: 0.9033 - val_accuracy: 0.6926 - val_recall_m: 0.6039 - val_precision_m: 0.7903 - val_f1_m: 0.6832 - 186s/epoch - 598ms/step
Epoch 14/200
312/312 - 186s - loss: 0.8304 - accuracy: 0.7077 - recall_m: 0.5979 - precision_m: 0.8274 - f1_m: 0.6930 - val_loss: 0.8893 - val_accuracy: 0.6979 - val_recall_m: 0.6174 - val_precision_m: 0.8031 - val_f1_m: 0.6965 - 186s/epoch - 597ms/step
Epoch 15/200
312/312 - 186s - loss: 0.8056 - accuracy: 0.7162 - recall_m: 0.6132 - precision_m: 0.8338 - f1_m: 0.7056 - val_loss: 0.8214 - val_accuracy: 0.7308 - val_recall_m: 0.6427 - val_precision_m: 0.8264 - val_f1_m: 0.7212 - 186s/epoch - 595ms/step
Epoch 16/200
312/312 - 186s - loss: 0.7744 - accuracy: 0.7310 - recall_m: 0.6312 - precision_m: 0.8384 - f1_m: 0.7191 - val_loss: 0.8095 - val_accuracy: 0.7348 - val_recall_m: 0.6493 - val_precision_m: 0.8261 - val_f1_m: 0.7252 - 186s/epoch - 597ms/step
Epoch 17/200
312/312 - 187s - loss: 0.7633 - accuracy: 0.7327 - recall_m: 0.6354 - precision_m: 0.8347 - f1_m: 0.7207 - val_loss: 0.7813 - val_accuracy: 0.7345 - val_recall_m: 0.6595 - val_precision_m: 0.8224 - val_f1_m: 0.7305 - 187s/epoch - 598ms/step
Epoch 18/200
312/312 - 186s - loss: 0.7323 - accuracy: 0.7435 - recall_m: 0.6522 - precision_m: 0.8378 - f1_m: 0.7327 - val_loss: 0.7815 - val_accuracy: 0.7475 - val_recall_m: 0.6529 - val_precision_m: 0.8318 - val_f1_m: 0.7298 - 186s/epoch - 597ms/step
Epoch 19/200
312/312 - 185s - loss: 0.7152 - accuracy: 0.7491 - recall_m: 0.6622 - precision_m: 0.8440 - f1_m: 0.7414 - val_loss: 0.7871 - val_accuracy: 0.7444 - val_recall_m: 0.6747 - val_precision_m: 0.8220 - val_f1_m: 0.7396 - 185s/epoch - 594ms/step
Epoch 20/200
312/312 - 186s - loss: 0.7008 - accuracy: 0.7554 - recall_m: 0.6745 - precision_m: 0.8458 - f1_m: 0.7497 - val_loss: 0.7573 - val_accuracy: 0.7536 - val_recall_m: 0.6644 - val_precision_m: 0.8308 - val_f1_m: 0.7368 - 186s/epoch - 597ms/step
Epoch 21/200
312/312 - 186s - loss: 0.6821 - accuracy: 0.7599 - recall_m: 0.6830 - precision_m: 0.8464 - f1_m: 0.7551 - val_loss: 0.8239 - val_accuracy: 0.7257 - val_recall_m: 0.6699 - val_precision_m: 0.7950 - val_f1_m: 0.7261 - 186s/epoch - 596ms/step
Epoch 22/200
312/312 - 187s - loss: 0.6651 - accuracy: 0.7649 - recall_m: 0.6916 - precision_m: 0.8477 - f1_m: 0.7610 - val_loss: 0.7589 - val_accuracy: 0.7503 - val_recall_m: 0.6998 - val_precision_m: 0.8134 - val_f1_m: 0.7515 - 187s/epoch - 598ms/step
Epoch 23/200
312/312 - 186s - loss: 0.6464 - accuracy: 0.7740 - recall_m: 0.7025 - precision_m: 0.8534 - f1_m: 0.7700 - val_loss: 0.7174 - val_accuracy: 0.7734 - val_recall_m: 0.7019 - val_precision_m: 0.8383 - val_f1_m: 0.7624 - 186s/epoch - 597ms/step
Epoch 24/200
312/312 - 186s - loss: 0.6278 - accuracy: 0.7792 - recall_m: 0.7126 - precision_m: 0.8554 - f1_m: 0.7770 - val_loss: 0.7259 - val_accuracy: 0.7657 - val_recall_m: 0.7118 - val_precision_m: 0.8260 - val_f1_m: 0.7635 - 186s/epoch - 597ms/step
Epoch 25/200
312/312 - 186s - loss: 0.6185 - accuracy: 0.7841 - recall_m: 0.7164 - precision_m: 0.8579 - f1_m: 0.7802 - val_loss: 0.7239 - val_accuracy: 0.7659 - val_recall_m: 0.7162 - val_precision_m: 0.8213 - val_f1_m: 0.7641 - 186s/epoch - 597ms/step
Epoch 26/200
312/312 - 186s - loss: 0.6033 - accuracy: 0.7861 - recall_m: 0.7248 - precision_m: 0.8588 - f1_m: 0.7855 - val_loss: 0.7030 - val_accuracy: 0.7789 - val_recall_m: 0.7037 - val_precision_m: 0.8413 - val_f1_m: 0.7648 - 186s/epoch - 595ms/step
Epoch 27/200
312/312 - 186s - loss: 0.5964 - accuracy: 0.7874 - recall_m: 0.7271 - precision_m: 0.8608 - f1_m: 0.7877 - val_loss: 0.7245 - val_accuracy: 0.7719 - val_recall_m: 0.7189 - val_precision_m: 0.8305 - val_f1_m: 0.7697 - 186s/epoch - 596ms/step
Epoch 28/200
312/312 - 186s - loss: 0.5861 - accuracy: 0.7937 - recall_m: 0.7320 - precision_m: 0.8613 - f1_m: 0.7908 - val_loss: 0.7303 - val_accuracy: 0.7720 - val_recall_m: 0.7226 - val_precision_m: 0.8225 - val_f1_m: 0.7684 - 186s/epoch - 595ms/step
Epoch 29/200
312/312 - 186s - loss: 0.5776 - accuracy: 0.7949 - recall_m: 0.7358 - precision_m: 0.8611 - f1_m: 0.7930 - val_loss: 0.6812 - val_accuracy: 0.7855 - val_recall_m: 0.7407 - val_precision_m: 0.8347 - val_f1_m: 0.7840 - 186s/epoch - 598ms/step
Epoch 30/200
312/312 - 185s - loss: 0.5671 - accuracy: 0.7997 - recall_m: 0.7428 - precision_m: 0.8656 - f1_m: 0.7990 - val_loss: 0.7042 - val_accuracy: 0.7737 - val_recall_m: 0.7247 - val_precision_m: 0.8269 - val_f1_m: 0.7716 - 185s/epoch - 593ms/step
Epoch 31/200
312/312 - 186s - loss: 0.5541 - accuracy: 0.8057 - recall_m: 0.7504 - precision_m: 0.8688 - f1_m: 0.8047 - val_loss: 0.6837 - val_accuracy: 0.7842 - val_recall_m: 0.7319 - val_precision_m: 0.8351 - val_f1_m: 0.7791 - 186s/epoch - 596ms/step
Epoch 32/200
312/312 - 186s - loss: 0.5383 - accuracy: 0.8127 - recall_m: 0.7589 - precision_m: 0.8733 - f1_m: 0.8116 - val_loss: 0.6668 - val_accuracy: 0.7870 - val_recall_m: 0.7473 - val_precision_m: 0.8358 - val_f1_m: 0.7884 - 186s/epoch - 597ms/step
Epoch 33/200
312/312 - 186s - loss: 0.5289 - accuracy: 0.8143 - recall_m: 0.7633 - precision_m: 0.8744 - f1_m: 0.8146 - val_loss: 0.6449 - val_accuracy: 0.7997 - val_recall_m: 0.7447 - val_precision_m: 0.8510 - val_f1_m: 0.7931 - 186s/epoch - 595ms/step
Epoch 34/200
312/312 - 185s - loss: 0.5303 - accuracy: 0.8119 - recall_m: 0.7612 - precision_m: 0.8701 - f1_m: 0.8115 - val_loss: 0.6379 - val_accuracy: 0.7956 - val_recall_m: 0.7494 - val_precision_m: 0.8539 - val_f1_m: 0.7972 - 185s/epoch - 594ms/step
Epoch 35/200
312/312 - 185s - loss: 0.5126 - accuracy: 0.8197 - recall_m: 0.7699 - precision_m: 0.8767 - f1_m: 0.8193 - val_loss: 0.6541 - val_accuracy: 0.7904 - val_recall_m: 0.7589 - val_precision_m: 0.8350 - val_f1_m: 0.7945 - 185s/epoch - 593ms/step
Epoch 36/200
312/312 - 186s - loss: 0.5057 - accuracy: 0.8187 - recall_m: 0.7712 - precision_m: 0.8749 - f1_m: 0.8193 - val_loss: 0.6915 - val_accuracy: 0.7885 - val_recall_m: 0.7421 - val_precision_m: 0.8329 - val_f1_m: 0.7841 - 186s/epoch - 596ms/step
Epoch 37/200
312/312 - 187s - loss: 0.4976 - accuracy: 0.8212 - recall_m: 0.7751 - precision_m: 0.8800 - f1_m: 0.8238 - val_loss: 0.6307 - val_accuracy: 0.8016 - val_recall_m: 0.7708 - val_precision_m: 0.8425 - val_f1_m: 0.8044 - 187s/epoch - 601ms/step
Epoch 38/200
312/312 - 186s - loss: 0.4876 - accuracy: 0.8297 - recall_m: 0.7846 - precision_m: 0.8852 - f1_m: 0.8314 - val_loss: 0.6260 - val_accuracy: 0.8059 - val_recall_m: 0.7671 - val_precision_m: 0.8458 - val_f1_m: 0.8038 - 186s/epoch - 598ms/step
Epoch 39/200
312/312 - 186s - loss: 0.4868 - accuracy: 0.8267 - recall_m: 0.7821 - precision_m: 0.8820 - f1_m: 0.8286 - val_loss: 0.6366 - val_accuracy: 0.8027 - val_recall_m: 0.7672 - val_precision_m: 0.8431 - val_f1_m: 0.8027 - 186s/epoch - 596ms/step
Epoch 40/200
312/312 - 186s - loss: 0.4716 - accuracy: 0.8350 - recall_m: 0.7904 - precision_m: 0.8848 - f1_m: 0.8345 - val_loss: 0.6414 - val_accuracy: 0.7987 - val_recall_m: 0.7706 - val_precision_m: 0.8397 - val_f1_m: 0.8031 - 186s/epoch - 595ms/step
Epoch 41/200
312/312 - 185s - loss: 0.4653 - accuracy: 0.8352 - recall_m: 0.7927 - precision_m: 0.8859 - f1_m: 0.8364 - val_loss: 0.6898 - val_accuracy: 0.7886 - val_recall_m: 0.7314 - val_precision_m: 0.8371 - val_f1_m: 0.7796 - 185s/epoch - 594ms/step
Epoch 42/200
312/312 - 186s - loss: 0.4563 - accuracy: 0.8381 - recall_m: 0.7981 - precision_m: 0.8875 - f1_m: 0.8401 - val_loss: 0.6857 - val_accuracy: 0.7875 - val_recall_m: 0.7412 - val_precision_m: 0.8304 - val_f1_m: 0.7825 - 186s/epoch - 597ms/step
Epoch 43/200
312/312 - 186s - loss: 0.4487 - accuracy: 0.8400 - recall_m: 0.7976 - precision_m: 0.8882 - f1_m: 0.8401 - val_loss: 0.6267 - val_accuracy: 0.8066 - val_recall_m: 0.7776 - val_precision_m: 0.8422 - val_f1_m: 0.8081 - 186s/epoch - 598ms/step
Epoch 44/200
312/312 - 186s - loss: 0.4472 - accuracy: 0.8422 - recall_m: 0.8039 - precision_m: 0.8903 - f1_m: 0.8445 - val_loss: 0.6211 - val_accuracy: 0.8070 - val_recall_m: 0.7737 - val_precision_m: 0.8456 - val_f1_m: 0.8075 - 186s/epoch - 595ms/step
Epoch 45/200
312/312 - 186s - loss: 0.4363 - accuracy: 0.8428 - recall_m: 0.8046 - precision_m: 0.8902 - f1_m: 0.8449 - val_loss: 0.6445 - val_accuracy: 0.8053 - val_recall_m: 0.7786 - val_precision_m: 0.8404 - val_f1_m: 0.8078 - 186s/epoch - 597ms/step
Epoch 46/200
312/312 - 186s - loss: 0.4320 - accuracy: 0.8436 - recall_m: 0.8050 - precision_m: 0.8907 - f1_m: 0.8453 - val_loss: 0.6075 - val_accuracy: 0.8162 - val_recall_m: 0.7752 - val_precision_m: 0.8549 - val_f1_m: 0.8123 - 186s/epoch - 595ms/step
Epoch 47/200
312/312 - 186s - loss: 0.4272 - accuracy: 0.8503 - recall_m: 0.8118 - precision_m: 0.8947 - f1_m: 0.8509 - val_loss: 0.5992 - val_accuracy: 0.8185 - val_recall_m: 0.7915 - val_precision_m: 0.8506 - val_f1_m: 0.8195 - 186s/epoch - 597ms/step
Epoch 48/200
312/312 - 186s - loss: 0.4199 - accuracy: 0.8508 - recall_m: 0.8120 - precision_m: 0.8956 - f1_m: 0.8515 - val_loss: 0.6075 - val_accuracy: 0.8175 - val_recall_m: 0.7860 - val_precision_m: 0.8551 - val_f1_m: 0.8184 - 186s/epoch - 596ms/step
Epoch 49/200
312/312 - 186s - loss: 0.4134 - accuracy: 0.8547 - recall_m: 0.8178 - precision_m: 0.8975 - f1_m: 0.8554 - val_loss: 0.5908 - val_accuracy: 0.8196 - val_recall_m: 0.7871 - val_precision_m: 0.8590 - val_f1_m: 0.8207 - 186s/epoch - 596ms/step
Epoch 50/200
312/312 - 186s - loss: 0.4054 - accuracy: 0.8545 - recall_m: 0.8193 - precision_m: 0.8972 - f1_m: 0.8561 - val_loss: 0.6387 - val_accuracy: 0.8088 - val_recall_m: 0.7808 - val_precision_m: 0.8462 - val_f1_m: 0.8117 - 186s/epoch - 597ms/step
Epoch 51/200
312/312 - 186s - loss: 0.3972 - accuracy: 0.8584 - recall_m: 0.8232 - precision_m: 0.8991 - f1_m: 0.8592 - val_loss: 0.6147 - val_accuracy: 0.8165 - val_recall_m: 0.7819 - val_precision_m: 0.8577 - val_f1_m: 0.8173 - 186s/epoch - 596ms/step
Epoch 52/200
312/312 - 186s - loss: 0.4024 - accuracy: 0.8544 - recall_m: 0.8214 - precision_m: 0.8989 - f1_m: 0.8581 - val_loss: 0.6426 - val_accuracy: 0.8092 - val_recall_m: 0.7801 - val_precision_m: 0.8408 - val_f1_m: 0.8087 - 186s/epoch - 596ms/step
Epoch 53/200
312/312 - 187s - loss: 0.3868 - accuracy: 0.8649 - recall_m: 0.8315 - precision_m: 0.9036 - f1_m: 0.8657 - val_loss: 0.6677 - val_accuracy: 0.8002 - val_recall_m: 0.7527 - val_precision_m: 0.8443 - val_f1_m: 0.7949 - 187s/epoch - 600ms/step
Epoch 54/200
312/312 - 185s - loss: 0.3886 - accuracy: 0.8623 - recall_m: 0.8284 - precision_m: 0.9018 - f1_m: 0.8632 - val_loss: 0.6175 - val_accuracy: 0.8138 - val_recall_m: 0.7882 - val_precision_m: 0.8447 - val_f1_m: 0.8149 - 185s/epoch - 593ms/step
Epoch 55/200
312/312 - 188s - loss: 0.3777 - accuracy: 0.8660 - recall_m: 0.8344 - precision_m: 0.9030 - f1_m: 0.8670 - val_loss: 0.6183 - val_accuracy: 0.8147 - val_recall_m: 0.7929 - val_precision_m: 0.8468 - val_f1_m: 0.8185 - 188s/epoch - 601ms/step
Epoch 56/200
312/312 - 188s - loss: 0.3720 - accuracy: 0.8651 - recall_m: 0.8349 - precision_m: 0.9036 - f1_m: 0.8676 - val_loss: 0.6412 - val_accuracy: 0.8145 - val_recall_m: 0.7847 - val_precision_m: 0.8459 - val_f1_m: 0.8134 - 188s/epoch - 602ms/step
Epoch 57/200
312/312 - 187s - loss: 0.3684 - accuracy: 0.8683 - recall_m: 0.8368 - precision_m: 0.9050 - f1_m: 0.8693 - val_loss: 0.6188 - val_accuracy: 0.8214 - val_recall_m: 0.7998 - val_precision_m: 0.8493 - val_f1_m: 0.8234 - 187s/epoch - 600ms/step
Epoch 58/200
312/312 - 188s - loss: 0.3611 - accuracy: 0.8712 - recall_m: 0.8404 - precision_m: 0.9053 - f1_m: 0.8714 - val_loss: 0.6608 - val_accuracy: 0.8135 - val_recall_m: 0.7849 - val_precision_m: 0.8411 - val_f1_m: 0.8115 - 188s/epoch - 602ms/step
Epoch 59/200
312/312 - 188s - loss: 0.3600 - accuracy: 0.8725 - recall_m: 0.8416 - precision_m: 0.9073 - f1_m: 0.8730 - val_loss: 0.6383 - val_accuracy: 0.8153 - val_recall_m: 0.7815 - val_precision_m: 0.8473 - val_f1_m: 0.8125 - 188s/epoch - 601ms/step
Epoch 60/200
312/312 - 187s - loss: 0.3598 - accuracy: 0.8727 - recall_m: 0.8401 - precision_m: 0.9074 - f1_m: 0.8722 - val_loss: 0.6099 - val_accuracy: 0.8179 - val_recall_m: 0.7980 - val_precision_m: 0.8459 - val_f1_m: 0.8207 - 187s/epoch - 600ms/step
Epoch 61/200
312/312 - 187s - loss: 0.3570 - accuracy: 0.8704 - recall_m: 0.8408 - precision_m: 0.9075 - f1_m: 0.8726 - val_loss: 0.6266 - val_accuracy: 0.8194 - val_recall_m: 0.7862 - val_precision_m: 0.8541 - val_f1_m: 0.8181 - 187s/epoch - 601ms/step
Epoch 62/200
312/312 - 188s - loss: 0.3451 - accuracy: 0.8781 - recall_m: 0.8482 - precision_m: 0.9120 - f1_m: 0.8787 - val_loss: 0.6206 - val_accuracy: 0.8182 - val_recall_m: 0.7891 - val_precision_m: 0.8469 - val_f1_m: 0.8164 - 188s/epoch - 601ms/step
Epoch 63/200
312/312 - 187s - loss: 0.3448 - accuracy: 0.8769 - recall_m: 0.8479 - precision_m: 0.9102 - f1_m: 0.8777 - val_loss: 0.6812 - val_accuracy: 0.7968 - val_recall_m: 0.7704 - val_precision_m: 0.8319 - val_f1_m: 0.7995 - 187s/epoch - 600ms/step
Epoch 64/200
312/312 - 188s - loss: 0.3287 - accuracy: 0.8829 - recall_m: 0.8547 - precision_m: 0.9140 - f1_m: 0.8831 - val_loss: 0.5964 - val_accuracy: 0.8296 - val_recall_m: 0.8111 - val_precision_m: 0.8569 - val_f1_m: 0.8329 - 188s/epoch - 603ms/step
Epoch 65/200
312/312 - 188s - loss: 0.3271 - accuracy: 0.8834 - recall_m: 0.8552 - precision_m: 0.9157 - f1_m: 0.8841 - val_loss: 0.6434 - val_accuracy: 0.8149 - val_recall_m: 0.7927 - val_precision_m: 0.8442 - val_f1_m: 0.8171 - 188s/epoch - 602ms/step
Epoch 66/200
312/312 - 189s - loss: 0.3208 - accuracy: 0.8849 - recall_m: 0.8582 - precision_m: 0.9165 - f1_m: 0.8862 - val_loss: 0.6306 - val_accuracy: 0.8267 - val_recall_m: 0.8046 - val_precision_m: 0.8509 - val_f1_m: 0.8266 - 189s/epoch - 606ms/step
Epoch 67/200
312/312 - 187s - loss: 0.3224 - accuracy: 0.8849 - recall_m: 0.8565 - precision_m: 0.9153 - f1_m: 0.8847 - val_loss: 0.5968 - val_accuracy: 0.8251 - val_recall_m: 0.8032 - val_precision_m: 0.8519 - val_f1_m: 0.8264 - 187s/epoch - 599ms/step
Epoch 68/200
312/312 - 187s - loss: 0.3128 - accuracy: 0.8859 - recall_m: 0.8607 - precision_m: 0.9177 - f1_m: 0.8880 - val_loss: 0.6181 - val_accuracy: 0.8269 - val_recall_m: 0.8130 - val_precision_m: 0.8507 - val_f1_m: 0.8311 - 187s/epoch - 600ms/step
Epoch 69/200
312/312 - 188s - loss: 0.3145 - accuracy: 0.8877 - recall_m: 0.8630 - precision_m: 0.9166 - f1_m: 0.8888 - val_loss: 0.6174 - val_accuracy: 0.8271 - val_recall_m: 0.8051 - val_precision_m: 0.8509 - val_f1_m: 0.8269 - 188s/epoch - 601ms/step
Epoch 70/200
312/312 - 188s - loss: 0.3085 - accuracy: 0.8896 - recall_m: 0.8650 - precision_m: 0.9185 - f1_m: 0.8907 - val_loss: 0.6187 - val_accuracy: 0.8287 - val_recall_m: 0.8092 - val_precision_m: 0.8518 - val_f1_m: 0.8296 - 188s/epoch - 602ms/step
Epoch 71/200
312/312 - 188s - loss: 0.3112 - accuracy: 0.8897 - recall_m: 0.8656 - precision_m: 0.9202 - f1_m: 0.8919 - val_loss: 0.6718 - val_accuracy: 0.8138 - val_recall_m: 0.7885 - val_precision_m: 0.8396 - val_f1_m: 0.8128 - 188s/epoch - 602ms/step
Epoch 72/200
312/312 - 188s - loss: 0.2997 - accuracy: 0.8929 - recall_m: 0.8688 - precision_m: 0.9210 - f1_m: 0.8939 - val_loss: 0.6508 - val_accuracy: 0.8188 - val_recall_m: 0.8001 - val_precision_m: 0.8433 - val_f1_m: 0.8207 - 188s/epoch - 602ms/step
Epoch 73/200
312/312 - 188s - loss: 0.2997 - accuracy: 0.8915 - recall_m: 0.8677 - precision_m: 0.9200 - f1_m: 0.8928 - val_loss: 0.6195 - val_accuracy: 0.8321 - val_recall_m: 0.8149 - val_precision_m: 0.8529 - val_f1_m: 0.8331 - 188s/epoch - 604ms/step
Epoch 74/200
312/312 - 188s - loss: 0.2840 - accuracy: 0.8972 - recall_m: 0.8748 - precision_m: 0.9252 - f1_m: 0.8991 - val_loss: 0.6664 - val_accuracy: 0.8190 - val_recall_m: 0.7961 - val_precision_m: 0.8459 - val_f1_m: 0.8198 - 188s/epoch - 604ms/step
Epoch 75/200
312/312 - 188s - loss: 0.2836 - accuracy: 0.8976 - recall_m: 0.8752 - precision_m: 0.9234 - f1_m: 0.8985 - val_loss: 0.6753 - val_accuracy: 0.8186 - val_recall_m: 0.8030 - val_precision_m: 0.8408 - val_f1_m: 0.8212 - 188s/epoch - 602ms/step
Epoch 76/200
312/312 - 188s - loss: 0.2802 - accuracy: 0.9017 - recall_m: 0.8795 - precision_m: 0.9282 - f1_m: 0.9030 - val_loss: 0.6639 - val_accuracy: 0.8155 - val_recall_m: 0.8025 - val_precision_m: 0.8383 - val_f1_m: 0.8197 - 188s/epoch - 601ms/step
Epoch 77/200
312/312 - 188s - loss: 0.2776 - accuracy: 0.9016 - recall_m: 0.8803 - precision_m: 0.9282 - f1_m: 0.9034 - val_loss: 0.6663 - val_accuracy: 0.8254 - val_recall_m: 0.8084 - val_precision_m: 0.8457 - val_f1_m: 0.8262 - 188s/epoch - 603ms/step
Epoch 78/200
312/312 - 188s - loss: 0.2750 - accuracy: 0.9021 - recall_m: 0.8809 - precision_m: 0.9275 - f1_m: 0.9034 - val_loss: 0.6248 - val_accuracy: 0.8351 - val_recall_m: 0.8172 - val_precision_m: 0.8569 - val_f1_m: 0.8362 - 188s/epoch - 601ms/step
Epoch 79/200
312/312 - 188s - loss: 0.2755 - accuracy: 0.9018 - recall_m: 0.8805 - precision_m: 0.9284 - f1_m: 0.9036 - val_loss: 0.6644 - val_accuracy: 0.8218 - val_recall_m: 0.8039 - val_precision_m: 0.8413 - val_f1_m: 0.8218 - 188s/epoch - 601ms/step
Epoch 80/200
312/312 - 188s - loss: 0.2760 - accuracy: 0.9017 - recall_m: 0.8798 - precision_m: 0.9271 - f1_m: 0.9026 - val_loss: 0.6512 - val_accuracy: 0.8288 - val_recall_m: 0.8132 - val_precision_m: 0.8495 - val_f1_m: 0.8307 - 188s/epoch - 603ms/step
Epoch 81/200
312/312 - 187s - loss: 0.2685 - accuracy: 0.9040 - recall_m: 0.8827 - precision_m: 0.9284 - f1_m: 0.9048 - val_loss: 0.6558 - val_accuracy: 0.8242 - val_recall_m: 0.8078 - val_precision_m: 0.8456 - val_f1_m: 0.8259 - 187s/epoch - 600ms/step
Epoch 82/200
312/312 - 186s - loss: 0.2619 - accuracy: 0.9059 - recall_m: 0.8862 - precision_m: 0.9294 - f1_m: 0.9071 - val_loss: 0.6454 - val_accuracy: 0.8264 - val_recall_m: 0.8060 - val_precision_m: 0.8486 - val_f1_m: 0.8263 - 186s/epoch - 598ms/step
Epoch 83/200
312/312 - 188s - loss: 0.2580 - accuracy: 0.9066 - recall_m: 0.8877 - precision_m: 0.9305 - f1_m: 0.9084 - val_loss: 0.6407 - val_accuracy: 0.8327 - val_recall_m: 0.8185 - val_precision_m: 0.8505 - val_f1_m: 0.8339 - 188s/epoch - 602ms/step
Epoch 84/200
312/312 - 188s - loss: 0.2551 - accuracy: 0.9093 - recall_m: 0.8911 - precision_m: 0.9311 - f1_m: 0.9105 - val_loss: 0.6421 - val_accuracy: 0.8298 - val_recall_m: 0.8166 - val_precision_m: 0.8503 - val_f1_m: 0.8328 - 188s/epoch - 603ms/step
Epoch 85/200
312/312 - 188s - loss: 0.2449 - accuracy: 0.9125 - recall_m: 0.8937 - precision_m: 0.9334 - f1_m: 0.9130 - val_loss: 0.6909 - val_accuracy: 0.8244 - val_recall_m: 0.8107 - val_precision_m: 0.8424 - val_f1_m: 0.8260 - 188s/epoch - 602ms/step
Epoch 86/200
312/312 - 187s - loss: 0.2494 - accuracy: 0.9099 - recall_m: 0.8917 - precision_m: 0.9317 - f1_m: 0.9111 - val_loss: 0.7231 - val_accuracy: 0.8178 - val_recall_m: 0.8062 - val_precision_m: 0.8348 - val_f1_m: 0.8201 - 187s/epoch - 600ms/step
Epoch 87/200
312/312 - 188s - loss: 0.2429 - accuracy: 0.9129 - recall_m: 0.8955 - precision_m: 0.9341 - f1_m: 0.9142 - val_loss: 0.6470 - val_accuracy: 0.8306 - val_recall_m: 0.8171 - val_precision_m: 0.8499 - val_f1_m: 0.8329 - 188s/epoch - 601ms/step
Epoch 88/200
312/312 - 188s - loss: 0.2390 - accuracy: 0.9141 - recall_m: 0.8955 - precision_m: 0.9351 - f1_m: 0.9147 - val_loss: 0.6548 - val_accuracy: 0.8287 - val_recall_m: 0.8168 - val_precision_m: 0.8458 - val_f1_m: 0.8308 - 188s/epoch - 601ms/step
Epoch 89/200
312/312 - 187s - loss: 0.2407 - accuracy: 0.9132 - recall_m: 0.8955 - precision_m: 0.9338 - f1_m: 0.9141 - val_loss: 0.6792 - val_accuracy: 0.8292 - val_recall_m: 0.8158 - val_precision_m: 0.8484 - val_f1_m: 0.8315 - 187s/epoch - 599ms/step
Epoch 90/200
312/312 - 188s - loss: 0.2372 - accuracy: 0.9135 - recall_m: 0.8959 - precision_m: 0.9340 - f1_m: 0.9145 - val_loss: 0.6948 - val_accuracy: 0.8248 - val_recall_m: 0.8072 - val_precision_m: 0.8448 - val_f1_m: 0.8251 - 188s/epoch - 602ms/step
Epoch 91/200
312/312 - 187s - loss: 0.2333 - accuracy: 0.9152 - recall_m: 0.8969 - precision_m: 0.9352 - f1_m: 0.9155 - val_loss: 0.6699 - val_accuracy: 0.8359 - val_recall_m: 0.8176 - val_precision_m: 0.8568 - val_f1_m: 0.8364 - 187s/epoch - 601ms/step
Epoch 92/200
312/312 - 188s - loss: 0.2299 - accuracy: 0.9162 - recall_m: 0.9013 - precision_m: 0.9376 - f1_m: 0.9189 - val_loss: 0.7128 - val_accuracy: 0.8223 - val_recall_m: 0.8087 - val_precision_m: 0.8376 - val_f1_m: 0.8227 - 188s/epoch - 603ms/step
Epoch 93/200
312/312 - 188s - loss: 0.2315 - accuracy: 0.9170 - recall_m: 0.9006 - precision_m: 0.9361 - f1_m: 0.9179 - val_loss: 0.6623 - val_accuracy: 0.8316 - val_recall_m: 0.8178 - val_precision_m: 0.8505 - val_f1_m: 0.8335 - 188s/epoch - 601ms/step
Epoch 94/200
312/312 - 187s - loss: 0.2233 - accuracy: 0.9193 - recall_m: 0.9043 - precision_m: 0.9387 - f1_m: 0.9210 - val_loss: 0.6666 - val_accuracy: 0.8371 - val_recall_m: 0.8216 - val_precision_m: 0.8528 - val_f1_m: 0.8367 - 187s/epoch - 601ms/step
Epoch 95/200
312/312 - 187s - loss: 0.2241 - accuracy: 0.9194 - recall_m: 0.9040 - precision_m: 0.9381 - f1_m: 0.9206 - val_loss: 0.7053 - val_accuracy: 0.8232 - val_recall_m: 0.8090 - val_precision_m: 0.8422 - val_f1_m: 0.8250 - 187s/epoch - 600ms/step
Epoch 96/200
312/312 - 187s - loss: 0.2302 - accuracy: 0.9185 - recall_m: 0.9030 - precision_m: 0.9370 - f1_m: 0.9195 - val_loss: 0.7414 - val_accuracy: 0.8334 - val_recall_m: 0.8227 - val_precision_m: 0.8500 - val_f1_m: 0.8358 - 187s/epoch - 601ms/step
Epoch 97/200
312/312 - 188s - loss: 0.2154 - accuracy: 0.9236 - recall_m: 0.9094 - precision_m: 0.9415 - f1_m: 0.9251 - val_loss: 0.6782 - val_accuracy: 0.8340 - val_recall_m: 0.8233 - val_precision_m: 0.8488 - val_f1_m: 0.8357 - 188s/epoch - 601ms/step
Epoch 98/200
312/312 - 187s - loss: 0.2106 - accuracy: 0.9264 - recall_m: 0.9121 - precision_m: 0.9430 - f1_m: 0.9271 - val_loss: 0.6990 - val_accuracy: 0.8319 - val_recall_m: 0.8199 - val_precision_m: 0.8470 - val_f1_m: 0.8330 - 187s/epoch - 599ms/step
Epoch 99/200
312/312 - 187s - loss: 0.2091 - accuracy: 0.9261 - recall_m: 0.9121 - precision_m: 0.9440 - f1_m: 0.9276 - val_loss: 0.6870 - val_accuracy: 0.8354 - val_recall_m: 0.8247 - val_precision_m: 0.8488 - val_f1_m: 0.8364 - 187s/epoch - 599ms/step
Epoch 100/200
312/312 - 187s - loss: 0.2084 - accuracy: 0.9250 - recall_m: 0.9112 - precision_m: 0.9421 - f1_m: 0.9263 - val_loss: 0.6775 - val_accuracy: 0.8361 - val_recall_m: 0.8239 - val_precision_m: 0.8529 - val_f1_m: 0.8379 - 187s/epoch - 600ms/step
Epoch 101/200
312/312 - 186s - loss: 0.2049 - accuracy: 0.9283 - recall_m: 0.9139 - precision_m: 0.9454 - f1_m: 0.9293 - val_loss: 0.6898 - val_accuracy: 0.8352 - val_recall_m: 0.8244 - val_precision_m: 0.8492 - val_f1_m: 0.8364 - 186s/epoch - 597ms/step
Epoch 102/200
312/312 - 187s - loss: 0.2070 - accuracy: 0.9273 - recall_m: 0.9129 - precision_m: 0.9446 - f1_m: 0.9284 - val_loss: 0.8504 - val_accuracy: 0.8019 - val_recall_m: 0.7907 - val_precision_m: 0.8172 - val_f1_m: 0.8035 - 187s/epoch - 599ms/step
Epoch 103/200
312/312 - 189s - loss: 0.1909 - accuracy: 0.9323 - recall_m: 0.9193 - precision_m: 0.9464 - f1_m: 0.9326 - val_loss: 0.7361 - val_accuracy: 0.8283 - val_recall_m: 0.8160 - val_precision_m: 0.8448 - val_f1_m: 0.8299 - 189s/epoch - 605ms/step
Epoch 104/200
312/312 - 187s - loss: 0.1932 - accuracy: 0.9330 - recall_m: 0.9209 - precision_m: 0.9466 - f1_m: 0.9335 - val_loss: 0.6951 - val_accuracy: 0.8394 - val_recall_m: 0.8288 - val_precision_m: 0.8556 - val_f1_m: 0.8418 - 187s/epoch - 601ms/step
Epoch 105/200
312/312 - 187s - loss: 0.1924 - accuracy: 0.9316 - recall_m: 0.9184 - precision_m: 0.9460 - f1_m: 0.9318 - val_loss: 0.7167 - val_accuracy: 0.8302 - val_recall_m: 0.8176 - val_precision_m: 0.8448 - val_f1_m: 0.8308 - 187s/epoch - 601ms/step
Epoch 106/200
312/312 - 187s - loss: 0.1962 - accuracy: 0.9316 - recall_m: 0.9179 - precision_m: 0.9463 - f1_m: 0.9317 - val_loss: 0.7260 - val_accuracy: 0.8321 - val_recall_m: 0.8222 - val_precision_m: 0.8468 - val_f1_m: 0.8341 - 187s/epoch - 599ms/step
Epoch 107/200
312/312 - 187s - loss: 0.1808 - accuracy: 0.9364 - recall_m: 0.9234 - precision_m: 0.9506 - f1_m: 0.9367 - val_loss: 0.7437 - val_accuracy: 0.8272 - val_recall_m: 0.8179 - val_precision_m: 0.8456 - val_f1_m: 0.8313 - 187s/epoch - 600ms/step
Epoch 108/200
312/312 - 187s - loss: 0.1898 - accuracy: 0.9325 - recall_m: 0.9203 - precision_m: 0.9458 - f1_m: 0.9328 - val_loss: 0.7172 - val_accuracy: 0.8404 - val_recall_m: 0.8289 - val_precision_m: 0.8533 - val_f1_m: 0.8407 - 187s/epoch - 600ms/step
Epoch 109/200
312/312 - 188s - loss: 0.1843 - accuracy: 0.9340 - recall_m: 0.9202 - precision_m: 0.9475 - f1_m: 0.9335 - val_loss: 0.7196 - val_accuracy: 0.8307 - val_recall_m: 0.8217 - val_precision_m: 0.8452 - val_f1_m: 0.8330 - 188s/epoch - 602ms/step
Epoch 110/200
312/312 - 188s - loss: 0.1783 - accuracy: 0.9361 - recall_m: 0.9245 - precision_m: 0.9505 - f1_m: 0.9372 - val_loss: 0.7155 - val_accuracy: 0.8369 - val_recall_m: 0.8274 - val_precision_m: 0.8506 - val_f1_m: 0.8386 - 188s/epoch - 602ms/step
Epoch 111/200
312/312 - 186s - loss: 0.1792 - accuracy: 0.9367 - recall_m: 0.9251 - precision_m: 0.9489 - f1_m: 0.9368 - val_loss: 0.7771 - val_accuracy: 0.8357 - val_recall_m: 0.8236 - val_precision_m: 0.8497 - val_f1_m: 0.8362 - 186s/epoch - 598ms/step
Epoch 112/200
312/312 - 187s - loss: 0.1852 - accuracy: 0.9340 - recall_m: 0.9217 - precision_m: 0.9479 - f1_m: 0.9345 - val_loss: 0.6753 - val_accuracy: 0.8350 - val_recall_m: 0.8244 - val_precision_m: 0.8500 - val_f1_m: 0.8368 - 187s/epoch - 600ms/step
Epoch 113/200
312/312 - 187s - loss: 0.1784 - accuracy: 0.9366 - recall_m: 0.9268 - precision_m: 0.9507 - f1_m: 0.9385 - val_loss: 0.7354 - val_accuracy: 0.8367 - val_recall_m: 0.8286 - val_precision_m: 0.8496 - val_f1_m: 0.8389 - 187s/epoch - 599ms/step
Epoch 114/200
312/312 - 188s - loss: 0.1720 - accuracy: 0.9387 - recall_m: 0.9278 - precision_m: 0.9516 - f1_m: 0.9395 - val_loss: 0.7991 - val_accuracy: 0.8256 - val_recall_m: 0.8161 - val_precision_m: 0.8426 - val_f1_m: 0.8289 - 188s/epoch - 602ms/step
Epoch 115/200
312/312 - 187s - loss: 0.1692 - accuracy: 0.9406 - recall_m: 0.9297 - precision_m: 0.9532 - f1_m: 0.9412 - val_loss: 0.7377 - val_accuracy: 0.8393 - val_recall_m: 0.8312 - val_precision_m: 0.8523 - val_f1_m: 0.8415 - 187s/epoch - 601ms/step
Epoch 116/200
312/312 - 187s - loss: 0.1589 - accuracy: 0.9447 - recall_m: 0.9354 - precision_m: 0.9568 - f1_m: 0.9459 - val_loss: 0.7648 - val_accuracy: 0.8291 - val_recall_m: 0.8207 - val_precision_m: 0.8434 - val_f1_m: 0.8317 - 187s/epoch - 600ms/step
Epoch 117/200
312/312 - 187s - loss: 0.1611 - accuracy: 0.9426 - recall_m: 0.9325 - precision_m: 0.9540 - f1_m: 0.9430 - val_loss: 0.7373 - val_accuracy: 0.8328 - val_recall_m: 0.8226 - val_precision_m: 0.8460 - val_f1_m: 0.8339 - 187s/epoch - 599ms/step
Epoch 118/200
312/312 - 187s - loss: 0.1679 - accuracy: 0.9408 - recall_m: 0.9308 - precision_m: 0.9521 - f1_m: 0.9413 - val_loss: 0.7729 - val_accuracy: 0.8300 - val_recall_m: 0.8215 - val_precision_m: 0.8417 - val_f1_m: 0.8313 - 187s/epoch - 600ms/step
Epoch 119/200
312/312 - 187s - loss: 0.1605 - accuracy: 0.9448 - recall_m: 0.9342 - precision_m: 0.9554 - f1_m: 0.9446 - val_loss: 0.7622 - val_accuracy: 0.8307 - val_recall_m: 0.8189 - val_precision_m: 0.8449 - val_f1_m: 0.8315 - 187s/epoch - 600ms/step
Epoch 120/200
312/312 - 187s - loss: 0.1473 - accuracy: 0.9481 - recall_m: 0.9388 - precision_m: 0.9582 - f1_m: 0.9483 - val_loss: 0.7701 - val_accuracy: 0.8361 - val_recall_m: 0.8278 - val_precision_m: 0.8485 - val_f1_m: 0.8379 - 187s/epoch - 598ms/step
Epoch 121/200
312/312 - 186s - loss: 0.1644 - accuracy: 0.9415 - recall_m: 0.9323 - precision_m: 0.9525 - f1_m: 0.9422 - val_loss: 0.7620 - val_accuracy: 0.8305 - val_recall_m: 0.8177 - val_precision_m: 0.8441 - val_f1_m: 0.8306 - 186s/epoch - 598ms/step
Epoch 122/200
312/312 - 188s - loss: 0.1557 - accuracy: 0.9444 - recall_m: 0.9338 - precision_m: 0.9560 - f1_m: 0.9447 - val_loss: 0.7598 - val_accuracy: 0.8378 - val_recall_m: 0.8289 - val_precision_m: 0.8497 - val_f1_m: 0.8390 - 188s/epoch - 602ms/step
Epoch 123/200
312/312 - 187s - loss: 0.1583 - accuracy: 0.9425 - recall_m: 0.9343 - precision_m: 0.9534 - f1_m: 0.9437 - val_loss: 0.8838 - val_accuracy: 0.8132 - val_recall_m: 0.8037 - val_precision_m: 0.8303 - val_f1_m: 0.8166 - 187s/epoch - 598ms/step
Epoch 124/200
312/312 - 187s - loss: 0.1532 - accuracy: 0.9448 - recall_m: 0.9354 - precision_m: 0.9553 - f1_m: 0.9452 - val_loss: 0.8280 - val_accuracy: 0.8283 - val_recall_m: 0.8138 - val_precision_m: 0.8429 - val_f1_m: 0.8279 - 187s/epoch - 600ms/step
Epoch 125/200
312/312 - 187s - loss: 0.1617 - accuracy: 0.9428 - recall_m: 0.9326 - precision_m: 0.9538 - f1_m: 0.9430 - val_loss: 0.7888 - val_accuracy: 0.8375 - val_recall_m: 0.8284 - val_precision_m: 0.8479 - val_f1_m: 0.8379 - 187s/epoch - 600ms/step
Epoch 126/200
312/312 - 187s - loss: 0.1412 - accuracy: 0.9522 - recall_m: 0.9432 - precision_m: 0.9606 - f1_m: 0.9517 - val_loss: 0.8388 - val_accuracy: 0.8264 - val_recall_m: 0.8185 - val_precision_m: 0.8390 - val_f1_m: 0.8285 - 187s/epoch - 599ms/step
Epoch 127/200
312/312 - 187s - loss: 0.1448 - accuracy: 0.9493 - recall_m: 0.9409 - precision_m: 0.9586 - f1_m: 0.9496 - val_loss: 0.7676 - val_accuracy: 0.8368 - val_recall_m: 0.8304 - val_precision_m: 0.8479 - val_f1_m: 0.8389 - 187s/epoch - 601ms/step
Epoch 128/200
312/312 - 187s - loss: 0.1396 - accuracy: 0.9509 - recall_m: 0.9432 - precision_m: 0.9598 - f1_m: 0.9514 - val_loss: 0.7787 - val_accuracy: 0.8356 - val_recall_m: 0.8296 - val_precision_m: 0.8472 - val_f1_m: 0.8382 - 187s/epoch - 600ms/step
Epoch 129/200
312/312 - 187s - loss: 0.1451 - accuracy: 0.9506 - recall_m: 0.9420 - precision_m: 0.9601 - f1_m: 0.9509 - val_loss: 0.8079 - val_accuracy: 0.8293 - val_recall_m: 0.8210 - val_precision_m: 0.8394 - val_f1_m: 0.8300 - 187s/epoch - 601ms/step
Epoch 130/200
312/312 - 186s - loss: 0.1391 - accuracy: 0.9512 - recall_m: 0.9426 - precision_m: 0.9594 - f1_m: 0.9509 - val_loss: 0.8366 - val_accuracy: 0.8317 - val_recall_m: 0.8233 - val_precision_m: 0.8420 - val_f1_m: 0.8324 - 186s/epoch - 596ms/step
Epoch 131/200
312/312 - 187s - loss: 0.1344 - accuracy: 0.9533 - recall_m: 0.9452 - precision_m: 0.9619 - f1_m: 0.9534 - val_loss: 0.7905 - val_accuracy: 0.8415 - val_recall_m: 0.8343 - val_precision_m: 0.8516 - val_f1_m: 0.8427 - 187s/epoch - 600ms/step
Epoch 132/200
312/312 - 188s - loss: 0.1323 - accuracy: 0.9528 - recall_m: 0.9457 - precision_m: 0.9611 - f1_m: 0.9533 - val_loss: 0.9644 - val_accuracy: 0.8179 - val_recall_m: 0.8085 - val_precision_m: 0.8296 - val_f1_m: 0.8188 - 188s/epoch - 601ms/step
Epoch 133/200
312/312 - 187s - loss: 0.1291 - accuracy: 0.9556 - recall_m: 0.9489 - precision_m: 0.9637 - f1_m: 0.9562 - val_loss: 0.8249 - val_accuracy: 0.8382 - val_recall_m: 0.8324 - val_precision_m: 0.8471 - val_f1_m: 0.8396 - 187s/epoch - 600ms/step
Epoch 134/200
312/312 - 188s - loss: 0.1352 - accuracy: 0.9526 - recall_m: 0.9441 - precision_m: 0.9609 - f1_m: 0.9523 - val_loss: 0.7687 - val_accuracy: 0.8351 - val_recall_m: 0.8285 - val_precision_m: 0.8465 - val_f1_m: 0.8373 - 188s/epoch - 602ms/step
Epoch 135/200
312/312 - 187s - loss: 0.1233 - accuracy: 0.9587 - recall_m: 0.9510 - precision_m: 0.9663 - f1_m: 0.9585 - val_loss: 0.8173 - val_accuracy: 0.8351 - val_recall_m: 0.8266 - val_precision_m: 0.8457 - val_f1_m: 0.8359 - 187s/epoch - 601ms/step
Epoch 136/200
312/312 - 188s - loss: 0.1286 - accuracy: 0.9537 - recall_m: 0.9468 - precision_m: 0.9621 - f1_m: 0.9543 - val_loss: 0.8805 - val_accuracy: 0.8280 - val_recall_m: 0.8217 - val_precision_m: 0.8370 - val_f1_m: 0.8292 - 188s/epoch - 601ms/step
Epoch 137/200
312/312 - 187s - loss: 0.1293 - accuracy: 0.9535 - recall_m: 0.9477 - precision_m: 0.9608 - f1_m: 0.9542 - val_loss: 0.7873 - val_accuracy: 0.8393 - val_recall_m: 0.8299 - val_precision_m: 0.8511 - val_f1_m: 0.8402 - 187s/epoch - 600ms/step
Epoch 138/200
312/312 - 186s - loss: 0.1214 - accuracy: 0.9585 - recall_m: 0.9521 - precision_m: 0.9660 - f1_m: 0.9589 - val_loss: 0.8291 - val_accuracy: 0.8369 - val_recall_m: 0.8301 - val_precision_m: 0.8475 - val_f1_m: 0.8386 - 186s/epoch - 597ms/step
Epoch 139/200
312/312 - 186s - loss: 0.1269 - accuracy: 0.9554 - recall_m: 0.9488 - precision_m: 0.9623 - f1_m: 0.9554 - val_loss: 0.8213 - val_accuracy: 0.8360 - val_recall_m: 0.8280 - val_precision_m: 0.8463 - val_f1_m: 0.8369 - 186s/epoch - 597ms/step
Epoch 140/200
312/312 - 188s - loss: 0.1338 - accuracy: 0.9535 - recall_m: 0.9463 - precision_m: 0.9617 - f1_m: 0.9539 - val_loss: 0.7881 - val_accuracy: 0.8414 - val_recall_m: 0.8323 - val_precision_m: 0.8506 - val_f1_m: 0.8413 - 188s/epoch - 601ms/step
Epoch 141/200
312/312 - 187s - loss: 0.1170 - accuracy: 0.9609 - recall_m: 0.9542 - precision_m: 0.9668 - f1_m: 0.9604 - val_loss: 0.8234 - val_accuracy: 0.8371 - val_recall_m: 0.8303 - val_precision_m: 0.8467 - val_f1_m: 0.8383 - 187s/epoch - 600ms/step
Epoch 142/200
312/312 - 186s - loss: 0.1142 - accuracy: 0.9598 - recall_m: 0.9533 - precision_m: 0.9668 - f1_m: 0.9599 - val_loss: 0.8635 - val_accuracy: 0.8377 - val_recall_m: 0.8291 - val_precision_m: 0.8467 - val_f1_m: 0.8377 - 186s/epoch - 598ms/step
Epoch 143/200
312/312 - 187s - loss: 0.1157 - accuracy: 0.9601 - recall_m: 0.9540 - precision_m: 0.9674 - f1_m: 0.9606 - val_loss: 0.8321 - val_accuracy: 0.8404 - val_recall_m: 0.8348 - val_precision_m: 0.8523 - val_f1_m: 0.8433 - 187s/epoch - 600ms/step
Epoch 144/200
312/312 - 188s - loss: 0.1216 - accuracy: 0.9570 - recall_m: 0.9510 - precision_m: 0.9646 - f1_m: 0.9577 - val_loss: 0.9249 - val_accuracy: 0.8306 - val_recall_m: 0.8249 - val_precision_m: 0.8391 - val_f1_m: 0.8319 - 188s/epoch - 601ms/step
Epoch 145/200
312/312 - 188s - loss: 0.1178 - accuracy: 0.9586 - recall_m: 0.9523 - precision_m: 0.9661 - f1_m: 0.9591 - val_loss: 0.8932 - val_accuracy: 0.8340 - val_recall_m: 0.8266 - val_precision_m: 0.8434 - val_f1_m: 0.8348 - 188s/epoch - 602ms/step
Epoch 146/200
312/312 - 187s - loss: 0.1092 - accuracy: 0.9626 - recall_m: 0.9575 - precision_m: 0.9690 - f1_m: 0.9632 - val_loss: 0.8612 - val_accuracy: 0.8336 - val_recall_m: 0.8254 - val_precision_m: 0.8432 - val_f1_m: 0.8340 - 187s/epoch - 600ms/step
Epoch 147/200
312/312 - 188s - loss: 0.1104 - accuracy: 0.9619 - recall_m: 0.9567 - precision_m: 0.9687 - f1_m: 0.9626 - val_loss: 1.0074 - val_accuracy: 0.8155 - val_recall_m: 0.8069 - val_precision_m: 0.8276 - val_f1_m: 0.8170 - 188s/epoch - 601ms/step
Epoch 148/200
312/312 - 187s - loss: 0.1175 - accuracy: 0.9589 - recall_m: 0.9531 - precision_m: 0.9659 - f1_m: 0.9594 - val_loss: 0.9077 - val_accuracy: 0.8281 - val_recall_m: 0.8214 - val_precision_m: 0.8383 - val_f1_m: 0.8297 - 187s/epoch - 599ms/step
Epoch 149/200
312/312 - 186s - loss: 0.1270 - accuracy: 0.9567 - recall_m: 0.9502 - precision_m: 0.9644 - f1_m: 0.9572 - val_loss: 0.8276 - val_accuracy: 0.8403 - val_recall_m: 0.8336 - val_precision_m: 0.8501 - val_f1_m: 0.8417 - 186s/epoch - 595ms/step
Epoch 150/200
312/312 - 187s - loss: 0.1084 - accuracy: 0.9629 - recall_m: 0.9571 - precision_m: 0.9681 - f1_m: 0.9626 - val_loss: 0.8645 - val_accuracy: 0.8341 - val_recall_m: 0.8279 - val_precision_m: 0.8430 - val_f1_m: 0.8353 - 187s/epoch - 599ms/step
Epoch 151/200
312/312 - 187s - loss: 0.1029 - accuracy: 0.9643 - recall_m: 0.9585 - precision_m: 0.9702 - f1_m: 0.9643 - val_loss: 0.8810 - val_accuracy: 0.8369 - val_recall_m: 0.8312 - val_precision_m: 0.8455 - val_f1_m: 0.8382 - 187s/epoch - 598ms/step
Epoch 152/200
312/312 - 187s - loss: 0.0998 - accuracy: 0.9641 - recall_m: 0.9594 - precision_m: 0.9698 - f1_m: 0.9645 - val_loss: 0.8605 - val_accuracy: 0.8379 - val_recall_m: 0.8302 - val_precision_m: 0.8455 - val_f1_m: 0.8377 - 187s/epoch - 599ms/step
Epoch 153/200
312/312 - 187s - loss: 0.1130 - accuracy: 0.9595 - recall_m: 0.9535 - precision_m: 0.9653 - f1_m: 0.9593 - val_loss: 0.9394 - val_accuracy: 0.8317 - val_recall_m: 0.8276 - val_precision_m: 0.8384 - val_f1_m: 0.8329 - 187s/epoch - 599ms/step
Epoch 154/200
312/312 - 187s - loss: 0.1047 - accuracy: 0.9633 - recall_m: 0.9579 - precision_m: 0.9691 - f1_m: 0.9634 - val_loss: 0.8706 - val_accuracy: 0.8377 - val_recall_m: 0.8310 - val_precision_m: 0.8472 - val_f1_m: 0.8390 - 187s/epoch - 601ms/step
Epoch 155/200
312/312 - 188s - loss: 0.0971 - accuracy: 0.9671 - recall_m: 0.9609 - precision_m: 0.9716 - f1_m: 0.9662 - val_loss: 0.8680 - val_accuracy: 0.8398 - val_recall_m: 0.8342 - val_precision_m: 0.8465 - val_f1_m: 0.8402 - 188s/epoch - 602ms/step
Epoch 156/200
312/312 - 187s - loss: 0.1144 - accuracy: 0.9609 - recall_m: 0.9555 - precision_m: 0.9669 - f1_m: 0.9611 - val_loss: 1.0325 - val_accuracy: 0.8178 - val_recall_m: 0.8124 - val_precision_m: 0.8275 - val_f1_m: 0.8198 - 187s/epoch - 600ms/step
Epoch 157/200
312/312 - 188s - loss: 0.1034 - accuracy: 0.9652 - recall_m: 0.9597 - precision_m: 0.9708 - f1_m: 0.9652 - val_loss: 0.9184 - val_accuracy: 0.8301 - val_recall_m: 0.8241 - val_precision_m: 0.8386 - val_f1_m: 0.8312 - 188s/epoch - 602ms/step
Epoch 158/200
312/312 - 186s - loss: 0.0922 - accuracy: 0.9680 - recall_m: 0.9634 - precision_m: 0.9732 - f1_m: 0.9683 - val_loss: 0.9810 - val_accuracy: 0.8279 - val_recall_m: 0.8212 - val_precision_m: 0.8366 - val_f1_m: 0.8287 - 186s/epoch - 595ms/step
Epoch 159/200
312/312 - 187s - loss: 0.0952 - accuracy: 0.9673 - recall_m: 0.9620 - precision_m: 0.9727 - f1_m: 0.9673 - val_loss: 0.9031 - val_accuracy: 0.8349 - val_recall_m: 0.8305 - val_precision_m: 0.8450 - val_f1_m: 0.8376 - 187s/epoch - 599ms/step
Epoch 160/200
312/312 - 187s - loss: 0.1017 - accuracy: 0.9651 - recall_m: 0.9603 - precision_m: 0.9717 - f1_m: 0.9659 - val_loss: 0.8949 - val_accuracy: 0.8346 - val_recall_m: 0.8296 - val_precision_m: 0.8424 - val_f1_m: 0.8359 - 187s/epoch - 601ms/step
Epoch 161/200
312/312 - 187s - loss: 0.0971 - accuracy: 0.9663 - recall_m: 0.9613 - precision_m: 0.9715 - f1_m: 0.9663 - val_loss: 0.9056 - val_accuracy: 0.8374 - val_recall_m: 0.8303 - val_precision_m: 0.8464 - val_f1_m: 0.8382 - 187s/epoch - 600ms/step
Epoch 162/200
312/312 - 187s - loss: 0.1037 - accuracy: 0.9649 - recall_m: 0.9603 - precision_m: 0.9694 - f1_m: 0.9648 - val_loss: 0.9012 - val_accuracy: 0.8349 - val_recall_m: 0.8293 - val_precision_m: 0.8434 - val_f1_m: 0.8362 - 187s/epoch - 601ms/step
Epoch 163/200
312/312 - 187s - loss: 0.1053 - accuracy: 0.9643 - recall_m: 0.9596 - precision_m: 0.9703 - f1_m: 0.9649 - val_loss: 0.8458 - val_accuracy: 0.8402 - val_recall_m: 0.8352 - val_precision_m: 0.8474 - val_f1_m: 0.8412 - 187s/epoch - 598ms/step
Epoch 164/200
312/312 - 187s - loss: 0.0917 - accuracy: 0.9685 - recall_m: 0.9637 - precision_m: 0.9727 - f1_m: 0.9681 - val_loss: 0.9477 - val_accuracy: 0.8309 - val_recall_m: 0.8264 - val_precision_m: 0.8398 - val_f1_m: 0.8330 - 187s/epoch - 600ms/step
Epoch 165/200
312/312 - 187s - loss: 0.0892 - accuracy: 0.9699 - recall_m: 0.9652 - precision_m: 0.9739 - f1_m: 0.9695 - val_loss: 0.9165 - val_accuracy: 0.8370 - val_recall_m: 0.8337 - val_precision_m: 0.8439 - val_f1_m: 0.8387 - 187s/epoch - 599ms/step
Epoch 166/200
312/312 - 187s - loss: 0.0928 - accuracy: 0.9666 - recall_m: 0.9631 - precision_m: 0.9713 - f1_m: 0.9671 - val_loss: 0.9087 - val_accuracy: 0.8342 - val_recall_m: 0.8290 - val_precision_m: 0.8429 - val_f1_m: 0.8358 - 187s/epoch - 600ms/step
Epoch 167/200
312/312 - 187s - loss: 0.0877 - accuracy: 0.9706 - recall_m: 0.9666 - precision_m: 0.9743 - f1_m: 0.9704 - val_loss: 0.8967 - val_accuracy: 0.8439 - val_recall_m: 0.8398 - val_precision_m: 0.8509 - val_f1_m: 0.8452 - 187s/epoch - 600ms/step
Epoch 168/200
